{"level":"info","message":"SERVER: Server running on Port 3000","service":"pachingo","timestamp":"2026-01-10 18:29:39"}
{"level":"info","message":"SERVER: MongoDB session connected","service":"pachingo","timestamp":"2026-01-10 18:29:40"}
{"level":"info","message":"USER: User retrieved (Username: test123)","service":"pachingo","timestamp":"2026-01-10 18:30:37"}
{"level":"info","message":"USER: User retrieved (Username: test123)","service":"pachingo","timestamp":"2026-01-10 18:30:37"}
{"level":"info","message":"SEARCH: Most recent levels retrieved","service":"pachingo","timestamp":"2026-01-10 18:34:31"}
{"level":"info","message":"SERVER: Server running on Port 3000","service":"pachingo","timestamp":"2026-01-12 20:18:00"}
{"level":"info","message":"SERVER: MongoDB session connected","service":"pachingo","timestamp":"2026-01-12 20:18:00"}
{"level":"info","message":"SERVER: Server running on Port 9000","service":"pachingo","timestamp":"2026-01-12 20:20:00"}
{"level":"info","message":"SERVER: MongoDB session connected","service":"pachingo","timestamp":"2026-01-12 20:20:01"}
{"level":"info","message":"SERVER: Server running on Port 9000","service":"pachingo","timestamp":"2026-01-12 20:22:55"}
{"level":"info","message":"SERVER: MongoDB session connected","service":"pachingo","timestamp":"2026-01-12 20:22:56"}
{"level":"info","message":"SERVER: Server running on Port 9000","service":"pachingo","timestamp":"2026-01-12 20:23:28"}
{"level":"info","message":"SERVER: MongoDB session connected","service":"pachingo","timestamp":"2026-01-12 20:23:29"}
{"level":"info","message":"SERVER: Server running on Port 9000","service":"pachingo","timestamp":"2026-01-12 20:23:47"}
{"level":"info","message":"SERVER: MongoDB session connected","service":"pachingo","timestamp":"2026-01-12 20:23:47"}
{"level":"info","message":"SERVER: Server running on Port 9000","service":"pachingo","timestamp":"2026-01-12 20:24:02"}
{"level":"info","message":"SERVER: MongoDB session connected","service":"pachingo","timestamp":"2026-01-12 20:24:03"}
{"level":"info","message":"SERVER: Server running on Port 9000","service":"pachingo","timestamp":"2026-01-12 20:25:15"}
{"level":"info","message":"SERVER: MongoDB session connected","service":"pachingo","timestamp":"2026-01-12 20:25:15"}
{"level":"info","message":"SERVER: Server running on Port 9000","service":"pachingo","timestamp":"2026-01-12 20:26:17"}
{"level":"info","message":"SERVER: MongoDB session connected","service":"pachingo","timestamp":"2026-01-12 20:26:18"}
{"level":"info","message":"SERVER: Server running on Port 9000","service":"pachingo","timestamp":"2026-01-12 20:29:51"}
{"level":"info","message":"SERVER: MongoDB session connected","service":"pachingo","timestamp":"2026-01-12 20:29:51"}
{"level":"info","message":"SERVER: Server running on Port 9000","service":"pachingo","timestamp":"2026-01-12 20:32:34"}
{"level":"info","message":"SERVER: MongoDB session connected","service":"pachingo","timestamp":"2026-01-12 20:32:35"}
{"level":"info","message":"SERVER: Server running on Port 9000","service":"pachingo","timestamp":"2026-01-12 20:32:53"}
{"level":"info","message":"SERVER: MongoDB session connected","service":"pachingo","timestamp":"2026-01-12 20:32:53"}
{"level":"info","message":"SERVER: Server running on Port 9000","service":"pachingo","timestamp":"2026-01-12 20:43:58"}
{"level":"info","message":"SERVER: MongoDB session connected","service":"pachingo","timestamp":"2026-01-12 20:43:59"}
{"level":"info","message":"SERVER: Server running on Port 9000","service":"pachingo","timestamp":"2026-01-12 20:45:51"}
{"level":"info","message":"SERVER: MongoDB session connected","service":"pachingo","timestamp":"2026-01-12 20:45:51"}
{"level":"info","message":"SERVER: Server running on Port 9000","service":"pachingo","timestamp":"2026-01-12 21:05:39"}
{"level":"info","message":"SERVER: MongoDB session connected","service":"pachingo","timestamp":"2026-01-12 21:05:39"}
{"level":"info","message":"SERVER: Server running on Port 9000","service":"pachingo","timestamp":"2026-01-12 21:27:26"}
{"level":"info","message":"SERVER: MongoDB session connected","service":"pachingo","timestamp":"2026-01-12 21:27:26"}
{"level":"info","message":"SERVER: Server running on Port 9000","service":"pachingo","timestamp":"2026-01-12 21:28:27"}
{"level":"info","message":"SERVER: MongoDB session connected","service":"pachingo","timestamp":"2026-01-12 21:28:27"}
{"level":"info","message":"SERVER: Server running on Port 9000","service":"pachingo","timestamp":"2026-01-12 21:29:26"}
{"level":"info","message":"SERVER: MongoDB session connected","service":"pachingo","timestamp":"2026-01-12 21:29:26"}
{"level":"info","message":"SERVER: Server running on Port 9000","service":"pachingo","timestamp":"2026-01-12 21:31:03"}
{"level":"info","message":"SERVER: MongoDB session connected","service":"pachingo","timestamp":"2026-01-12 21:31:03"}
{"level":"info","message":"SERVER: Server running on Port 9000","service":"pachingo","timestamp":"2026-01-12 21:31:15"}
{"level":"info","message":"SERVER: MongoDB session connected","service":"pachingo","timestamp":"2026-01-12 21:31:15"}
{"level":"info","message":"SERVER: Server running on Port 9000","service":"pachingo","timestamp":"2026-01-12 21:32:42"}
{"level":"info","message":"SERVER: MongoDB session connected","service":"pachingo","timestamp":"2026-01-12 21:32:42"}
{"level":"info","message":"SERVER: Server running on Port 9000","service":"pachingo","timestamp":"2026-01-12 21:34:19"}
{"level":"info","message":"SERVER: MongoDB session connected","service":"pachingo","timestamp":"2026-01-12 21:34:20"}
{"level":"info","message":"SERVER: Server running on Port 9000","service":"pachingo","timestamp":"2026-01-12 21:34:26"}
{"level":"info","message":"SERVER: MongoDB session connected","service":"pachingo","timestamp":"2026-01-12 21:34:27"}
{"level":"info","message":"SERVER: Server running on Port 9000","service":"pachingo","timestamp":"2026-01-12 21:43:43"}
{"level":"info","message":"SERVER: MongoDB session connected","service":"pachingo","timestamp":"2026-01-12 21:43:43"}
{"level":"info","message":"SERVER: Server running on Port 9000","service":"pachingo","timestamp":"2026-01-12 22:21:51"}
{"level":"info","message":"SERVER: MongoDB session connected","service":"pachingo","timestamp":"2026-01-12 22:21:52"}
{"level":"info","message":"SERVER: Server running on Port 9000","service":"pachingo","timestamp":"2026-01-12 23:54:36"}
{"level":"info","message":"SERVER: MongoDB session connected","service":"pachingo","timestamp":"2026-01-12 23:54:37"}
{"level":"info","message":"AUTH_API: POST hit on /api/auth/sign-out","metadata":{"ip":"::ffff:127.0.0.1","origin":"http://localhost:3000"},"service":"pachingo","timestamp":"2026-01-12 23:54:44"}
{"level":"info","message":"AUTH_API: GET hit on /api/auth/get-session","metadata":{"ip":"::ffff:127.0.0.1","origin":"http://localhost:3000"},"service":"pachingo","timestamp":"2026-01-12 23:54:44"}
{"level":"info","message":"SERVER: Server running on Port 9000","service":"pachingo","timestamp":"2026-01-12 23:55:07"}
{"level":"info","message":"SERVER: MongoDB session connected","service":"pachingo","timestamp":"2026-01-12 23:55:07"}
{"level":"info","message":"SERVER: Server running on Port 9000","service":"pachingo","timestamp":"2026-01-12 23:55:29"}
{"level":"info","message":"SERVER: MongoDB session connected","service":"pachingo","timestamp":"2026-01-12 23:55:29"}
{"level":"info","message":"SERVER: Server running on Port 9000","service":"pachingo","timestamp":"2026-01-12 23:55:36"}
{"level":"info","message":"SERVER: MongoDB session connected","service":"pachingo","timestamp":"2026-01-12 23:55:36"}
{"level":"info","message":"AUTH: GET hit on /api/auth/get-session","metadata":{"ip":"::ffff:127.0.0.1","origin":"http://localhost:3000"},"service":"pachingo","timestamp":"2026-01-12 23:55:37"}
{"level":"info","message":"AUTH: GET hit on /api/auth/get-session","metadata":{"ip":"::ffff:127.0.0.1","origin":"http://localhost:3000"},"service":"pachingo","timestamp":"2026-01-12 23:58:23"}
{"level":"info","message":"AUTH: POST hit on /api/auth/sign-in/email","metadata":{"ip":"::ffff:127.0.0.1","origin":"http://localhost:3000"},"service":"pachingo","timestamp":"2026-01-12 23:58:35"}
{"level":"info","message":"AUTH: GET hit on /api/auth/get-session","metadata":{"ip":"::ffff:127.0.0.1","origin":"http://localhost:3000"},"service":"pachingo","timestamp":"2026-01-12 23:58:37"}
{"level":"info","message":"AUTH: GET hit on /api/auth/get-session","metadata":{"ip":"::ffff:127.0.0.1","origin":"http://localhost:3000"},"service":"pachingo","timestamp":"2026-01-12 23:58:40"}
{"level":"info","message":"AUTH: POST hit on /api/auth/sign-out","metadata":{"ip":"::ffff:127.0.0.1","origin":"http://localhost:3000"},"service":"pachingo","timestamp":"2026-01-12 23:58:42"}
{"level":"info","message":"AUTH: GET hit on /api/auth/get-session","metadata":{"ip":"::ffff:127.0.0.1","origin":"http://localhost:3000"},"service":"pachingo","timestamp":"2026-01-12 23:58:42"}
{"level":"info","message":"AUTH: GET hit on /api/auth/get-session","metadata":{"ip":"::ffff:127.0.0.1","origin":"http://localhost:3000"},"service":"pachingo","timestamp":"2026-01-12 23:58:42"}
{"level":"info","message":"AUTH: GET hit on /api/auth/get-session","metadata":{"ip":"::ffff:127.0.0.1","origin":"http://localhost:3000"},"service":"pachingo","timestamp":"2026-01-12 23:59:39"}
{"level":"info","message":"AUTH: GET hit on /api/auth/get-session","metadata":{"ip":"::ffff:127.0.0.1","origin":"http://localhost:3000"},"service":"pachingo","timestamp":"2026-01-12 23:59:39"}
{"level":"info","message":"AUTH: GET hit on /api/auth/get-session","metadata":{"ip":"::ffff:127.0.0.1","origin":"http://localhost:3000"},"service":"pachingo","timestamp":"2026-01-12 23:59:44"}
{"level":"info","message":"AUTH: GET hit on /api/auth/get-session","metadata":{"ip":"::ffff:127.0.0.1","origin":"http://localhost:3000"},"service":"pachingo","timestamp":"2026-01-12 23:59:44"}
{"level":"info","message":"AUTH: GET hit on /api/auth/get-session","metadata":{"ip":"::ffff:127.0.0.1","origin":"http://localhost:3000"},"service":"pachingo","timestamp":"2026-01-12 23:59:48"}
{"level":"info","message":"AUTH: GET hit on /api/auth/get-session","metadata":{"ip":"::ffff:127.0.0.1","origin":"http://localhost:3000"},"service":"pachingo","timestamp":"2026-01-12 23:59:49"}
{"level":"info","message":"AUTH: GET hit on /api/auth/get-session","metadata":{"ip":"::ffff:127.0.0.1","origin":"http://localhost:3000"},"service":"pachingo","timestamp":"2026-01-12 23:59:51"}
{"level":"info","message":"SERVER: Server running on Port 9000","service":"pachingo","timestamp":"2026-01-13 00:03:02"}
{"level":"info","message":"SERVER: MongoDB session connected","service":"pachingo","timestamp":"2026-01-13 00:03:03"}
{"level":"info","message":"SERVER: Server running on Port 9000","service":"pachingo","timestamp":"2026-01-13 00:03:53"}
{"level":"info","message":"SERVER: MongoDB session connected","service":"pachingo","timestamp":"2026-01-13 00:03:53"}
{"level":"info","message":"SERVER: Server running on Port 9000","service":"pachingo","timestamp":"2026-01-13 00:04:24"}
{"level":"info","message":"SERVER: MongoDB session connected","service":"pachingo","timestamp":"2026-01-13 00:04:24"}
{"level":"info","message":"AUTH_EVENT: User Registered - ID: 6965d27048c94cd259d99c71, Email: hooktest@gmail.com, Username: undefined","service":"pachingo","timestamp":"2026-01-13 00:04:48"}
{"level":"info","message":"SERVER: Server running on Port 9000","service":"pachingo","timestamp":"2026-01-13 00:05:14"}
{"level":"info","message":"SERVER: MongoDB session connected","service":"pachingo","timestamp":"2026-01-13 00:05:14"}
{"level":"info","message":"AUTH_EVENT: User Logged In - UserID: 6965d27048c94cd259d99c71","service":"pachingo","timestamp":"2026-01-13 00:05:30"}
{"level":"info","message":"SERVER: Server running on Port 9000","service":"pachingo","timestamp":"2026-01-13 00:07:45"}
{"level":"info","message":"SERVER: MongoDB session connected","service":"pachingo","timestamp":"2026-01-13 00:07:46"}
{"level":"info","message":"AUTH: User Logged In (UserID: 6965d27048c94cd259d99c71), CreatedAt: Tue Jan 13 2026 00:08:13 GMT-0500 (Eastern Standard Time)","service":"pachingo","timestamp":"2026-01-13 00:08:13"}
{"level":"info","message":"SERVER: Server running on Port 9000","service":"pachingo","timestamp":"2026-01-13 00:09:51"}
{"level":"info","message":"SERVER: MongoDB session connected","service":"pachingo","timestamp":"2026-01-13 00:09:52"}
{"level":"info","message":"AUTH: User Logged Out (UserID: 6965d27048c94cd259d99c71), CreatedAt: Tue Jan 13 2026 00:08:13 GMT-0500 (Eastern Standard Time)","service":"pachingo","timestamp":"2026-01-13 00:10:01"}
{"level":"info","message":"SERVER: Server running on Port 9000","service":"pachingo","timestamp":"2026-01-13 00:10:49"}
{"level":"info","message":"SERVER: MongoDB session connected","service":"pachingo","timestamp":"2026-01-13 00:10:49"}
{"level":"info","message":"SERVER: Server running on Port 9000","service":"pachingo","timestamp":"2026-01-13 00:10:54"}
{"level":"info","message":"SERVER: MongoDB session connected","service":"pachingo","timestamp":"2026-01-13 00:10:54"}
{"level":"info","message":"SERVER: Server running on Port 9000","service":"pachingo","timestamp":"2026-01-13 12:14:03"}
{"level":"info","message":"SERVER: MongoDB session connected","service":"pachingo","timestamp":"2026-01-13 12:14:03"}
{"level":"info","message":"AUTH: User Logged In (UserID: 6965ba012e26efd301c15ff5)","service":"pachingo","timestamp":"2026-01-13 12:14:22"}
{"level":"info","message":"AUTH: User Logged Out (UserID: 6965ba012e26efd301c15ff5)","service":"pachingo","timestamp":"2026-01-13 12:19:29"}
{"level":"info","message":"AUTH: User Logged In (UserID: 6965ba012e26efd301c15ff5)","service":"pachingo","timestamp":"2026-01-13 12:21:50"}
{"level":"info","message":"AUTH: User Logged Out (UserID: 6965ba012e26efd301c15ff5)","service":"pachingo","timestamp":"2026-01-13 12:24:00"}
{"level":"info","message":"AUTH: User Logged In (UserID: 6965ba012e26efd301c15ff5)","service":"pachingo","timestamp":"2026-01-13 12:25:16"}
{"level":"info","message":"AUTH: User Logged Out (UserID: 6965ba012e26efd301c15ff5)","service":"pachingo","timestamp":"2026-01-13 12:25:58"}
{"level":"info","message":"SERVER: Server running on Port 9000","service":"pachingo","timestamp":"2026-01-13 12:36:27"}
{"level":"info","message":"SERVER: MongoDB session connected","service":"pachingo","timestamp":"2026-01-13 12:36:27"}
{"level":"info","message":"SERVER: Server running on Port 9000","service":"pachingo","timestamp":"2026-01-13 12:40:11"}
{"level":"info","message":"SERVER: MongoDB session connected","service":"pachingo","timestamp":"2026-01-13 12:40:11"}
{"level":"info","message":"AUTH: User Logged In (UserID: 6965ba012e26efd301c15ff5)","service":"pachingo","timestamp":"2026-01-13 12:40:12"}
{"level":"info","message":"AUTH: User Logged Out (UserID: 6965ba012e26efd301c15ff5)","service":"pachingo","timestamp":"2026-01-13 12:41:36"}
{"level":"info","message":"AUTH: User Logged In (UserID: 6965ba012e26efd301c15ff5)","service":"pachingo","timestamp":"2026-01-13 12:42:36"}
{"level":"info","message":"AUTH: User Logged Out (UserID: 6965ba012e26efd301c15ff5)","service":"pachingo","timestamp":"2026-01-13 12:45:08"}
{"level":"info","message":"AUTH: User Logged In (UserID: 6965ba012e26efd301c15ff5)","service":"pachingo","timestamp":"2026-01-13 12:45:19"}
{"level":"info","message":"AUTH: User Logged Out (UserID: 6965ba012e26efd301c15ff5)","service":"pachingo","timestamp":"2026-01-13 12:46:01"}
{"level":"info","message":"AUTH: User Logged In (UserID: 6965ba012e26efd301c15ff5)","service":"pachingo","timestamp":"2026-01-13 12:46:09"}
{"level":"info","message":"AUTH: User Logged Out (UserID: 6965ba012e26efd301c15ff5)","service":"pachingo","timestamp":"2026-01-13 12:47:56"}
{"level":"info","message":"AUTH: User Logged In (UserID: 6965ba012e26efd301c15ff5)","service":"pachingo","timestamp":"2026-01-13 12:48:10"}
{"level":"info","message":"AUTH: User Logged Out (UserID: 6965ba012e26efd301c15ff5)","service":"pachingo","timestamp":"2026-01-13 12:52:24"}
{"level":"info","message":"AUTH: User Logged In (UserID: 6965ba012e26efd301c15ff5)","service":"pachingo","timestamp":"2026-01-13 12:52:44"}
{"level":"info","message":"AUTH: User Logged In (UserID: 6965d27048c94cd259d99c71)","service":"pachingo","timestamp":"2026-01-13 12:53:07"}
{"level":"info","message":"AUTH: User Logged Out (UserID: 6965d27048c94cd259d99c71)","service":"pachingo","timestamp":"2026-01-13 12:53:13"}
{"level":"info","message":"SERVER: Server running on Port 9000","service":"pachingo","timestamp":"2026-01-13 12:53:47"}
{"level":"info","message":"SERVER: MongoDB session connected","service":"pachingo","timestamp":"2026-01-13 12:53:47"}
{"level":"info","message":"SERVER: Server running on Port 9000","service":"pachingo","timestamp":"2026-01-13 13:00:14"}
{"level":"info","message":"SERVER: MongoDB session connected","service":"pachingo","timestamp":"2026-01-13 13:00:14"}
{"level":"info","message":"SERVER: Server running on Port 9000","service":"pachingo","timestamp":"2026-01-13 13:00:34"}
{"level":"info","message":"SERVER: MongoDB session connected","service":"pachingo","timestamp":"2026-01-13 13:00:35"}
{"level":"info","message":"SERVER: Server running on Port 9000","service":"pachingo","timestamp":"2026-01-13 13:02:25"}
{"level":"info","message":"SERVER: MongoDB session connected","service":"pachingo","timestamp":"2026-01-13 13:02:25"}
{"level":"info","message":"SERVER: Server running on Port 9000","service":"pachingo","timestamp":"2026-01-13 13:02:50"}
{"level":"info","message":"SERVER: MongoDB session connected","service":"pachingo","timestamp":"2026-01-13 13:02:50"}
{"level":"info","message":"SERVER: Server running on Port 9000","service":"pachingo","timestamp":"2026-01-13 13:07:43"}
{"level":"info","message":"SERVER: MongoDB session connected","service":"pachingo","timestamp":"2026-01-13 13:07:44"}
{"level":"info","message":"SERVER: Server running on Port 9000","service":"pachingo","timestamp":"2026-01-13 13:07:57"}
{"level":"info","message":"SERVER: MongoDB session connected","service":"pachingo","timestamp":"2026-01-13 13:07:58"}
{"level":"info","message":"SERVER: Server running on Port 9000","service":"pachingo","timestamp":"2026-01-13 13:09:14"}
{"level":"info","message":"SERVER: MongoDB session connected","service":"pachingo","timestamp":"2026-01-13 13:09:15"}
{"level":"info","message":"AUTH: User Registered (ID: 69668a5ab133343fe3986a1d, Email: nk@nikokomninos.com, Username: nikokomninos)","service":"pachingo","timestamp":"2026-01-13 13:09:30"}
{"level":"info","message":"SERVER: Server running on Port 9000","service":"pachingo","timestamp":"2026-01-13 13:10:35"}
{"level":"info","message":"SERVER: MongoDB session connected","service":"pachingo","timestamp":"2026-01-13 13:10:35"}
{"level":"info","message":"AUTH: User Registered (ID: 69668ae5e20057e642dc17f3, Email: nk@nikokomninos.com, Username: nikokomninos)","service":"pachingo","timestamp":"2026-01-13 13:11:49"}
{"level":"info","message":"SERVER: Server running on Port 9000","service":"pachingo","timestamp":"2026-01-13 13:14:16"}
{"level":"info","message":"SERVER: MongoDB session connected","service":"pachingo","timestamp":"2026-01-13 13:14:17"}
{"level":"info","message":"SERVER: Server running on Port 9000","service":"pachingo","timestamp":"2026-01-13 13:17:46"}
{"level":"info","message":"SERVER: MongoDB session connected","service":"pachingo","timestamp":"2026-01-13 13:17:47"}
{"level":"info","message":"SERVER: Server running on Port 9000","service":"pachingo","timestamp":"2026-01-13 13:19:37"}
{"level":"info","message":"SERVER: MongoDB session connected","service":"pachingo","timestamp":"2026-01-13 13:19:37"}
{"level":"info","message":"SERVER: Server running on Port 9000","service":"pachingo","timestamp":"2026-01-13 13:19:40"}
{"level":"info","message":"SERVER: MongoDB session connected","service":"pachingo","timestamp":"2026-01-13 13:19:41"}
{"level":"info","message":"SERVER: Server running on Port 9000","service":"pachingo","timestamp":"2026-01-13 13:19:43"}
{"level":"info","message":"SERVER: MongoDB session connected","service":"pachingo","timestamp":"2026-01-13 13:19:44"}
{"level":"info","message":"AUTH: User Registered (ID: 69668d0772eba51ac326052e, Email: nk@nikokomninos.com, Username: nikokomninos)","service":"pachingo","timestamp":"2026-01-13 13:20:55"}
{"level":"info","message":"SERVER: Server running on Port 9000","service":"pachingo","timestamp":"2026-01-13 13:26:08"}
{"level":"info","message":"SERVER: MongoDB session connected","service":"pachingo","timestamp":"2026-01-13 13:26:09"}
{"level":"info","message":"SERVER: Server running on Port 9000","service":"pachingo","timestamp":"2026-01-13 13:27:00"}
{"level":"info","message":"SERVER: MongoDB session connected","service":"pachingo","timestamp":"2026-01-13 13:27:00"}
{"level":"info","message":"SERVER: Server running on Port 9000","service":"pachingo","timestamp":"2026-01-13 13:29:26"}
{"level":"info","message":"SERVER: MongoDB session connected","service":"pachingo","timestamp":"2026-01-13 13:29:26"}
{"level":"info","message":"SERVER: Server running on Port 9000","service":"pachingo","timestamp":"2026-01-13 13:29:33"}
{"level":"info","message":"SERVER: MongoDB session connected","service":"pachingo","timestamp":"2026-01-13 13:29:34"}
{"level":"info","message":"SERVER: Server running on Port 9000","service":"pachingo","timestamp":"2026-01-13 13:53:01"}
{"level":"info","message":"SERVER: MongoDB session connected","service":"pachingo","timestamp":"2026-01-13 13:53:01"}
{"level":"info","message":"AUTH: User Registered (ID: 696695f7ae53263b9975a626, Email: nk@nikokomninos.com, Username: nikokomninos)","service":"pachingo","timestamp":"2026-01-13 13:59:03"}
{"level":"info","message":"SERVER: Server running on Port 9000","service":"pachingo","timestamp":"2026-01-13 14:00:01"}
{"level":"info","message":"SERVER: MongoDB session connected","service":"pachingo","timestamp":"2026-01-13 14:00:01"}
{"level":"info","message":"SERVER: Server running on Port 9000","service":"pachingo","timestamp":"2026-01-13 14:03:55"}
{"level":"info","message":"SERVER: MongoDB session connected","service":"pachingo","timestamp":"2026-01-13 14:03:55"}
{"level":"info","message":"SERVER: Server running on Port 9000","service":"pachingo","timestamp":"2026-01-13 14:04:14"}
{"level":"info","message":"SERVER: MongoDB session connected","service":"pachingo","timestamp":"2026-01-13 14:04:14"}
{"level":"info","message":"SERVER: Server running on Port 9000","service":"pachingo","timestamp":"2026-01-13 14:05:40"}
{"level":"info","message":"SERVER: MongoDB session connected","service":"pachingo","timestamp":"2026-01-13 14:05:40"}
{"level":"info","message":"AUTH: User Registered (ID: 6966978e7f2b66db093f123b, Email: nk@nikokomninos.com, Username: nikokomninos)","service":"pachingo","timestamp":"2026-01-13 14:05:50"}
{"level":"info","message":"SERVER: Server running on Port 9000","service":"pachingo","timestamp":"2026-01-13 14:18:49"}
{"level":"info","message":"SERVER: MongoDB session connected","service":"pachingo","timestamp":"2026-01-13 14:18:49"}
{"level":"info","message":"SERVER: Server running on Port 9000","service":"pachingo","timestamp":"2026-01-13 14:19:33"}
{"level":"info","message":"SERVER: MongoDB session connected","service":"pachingo","timestamp":"2026-01-13 14:19:33"}
{"level":"info","message":"SERVER: Server running on Port 9000","service":"pachingo","timestamp":"2026-01-13 14:19:44"}
{"level":"info","message":"SERVER: MongoDB session connected","service":"pachingo","timestamp":"2026-01-13 14:19:44"}
{"level":"info","message":"SERVER: Server running on Port 9000","service":"pachingo","timestamp":"2026-01-13 14:20:12"}
{"level":"info","message":"SERVER: MongoDB session connected","service":"pachingo","timestamp":"2026-01-13 14:20:12"}
{"level":"info","message":"AUTH: User Registered (ID: 69669c0395396f5dc113cd14, Email: nk@nikokomninos.com, Username: nikokomninos)","service":"pachingo","timestamp":"2026-01-13 14:24:51"}
{"level":"info","message":"AUTH: User Logged In (UserID: 69669c0395396f5dc113cd14)","service":"pachingo","timestamp":"2026-01-13 14:25:36"}
{"level":"info","message":"AUTH: User Logged Out (UserID: 69669c0395396f5dc113cd14)","service":"pachingo","timestamp":"2026-01-13 14:25:41"}
{"level":"info","message":"AUTH: User Registered (ID: 69669cdd95396f5dc113cd17, Email: nikokomninos@gmail.com, Username: niko2)","service":"pachingo","timestamp":"2026-01-13 14:28:29"}
{"level":"info","message":"AUTH: User Registered (ID: 69669d5095396f5dc113cd19, Email: nk@nikokomninos.com, Username: nikokomninos)","service":"pachingo","timestamp":"2026-01-13 14:30:24"}
{"level":"info","message":"AUTH: User Logged In (UserID: 69669d5095396f5dc113cd19)","service":"pachingo","timestamp":"2026-01-13 14:30:54"}
{"level":"info","message":"AUTH: User Logged Out (UserID: 69669d5095396f5dc113cd19)","service":"pachingo","timestamp":"2026-01-13 14:30:57"}
{"level":"info","message":"SERVER: Server running on Port 9000","service":"pachingo","timestamp":"2026-01-13 14:35:04"}
{"level":"info","message":"SERVER: MongoDB session connected","service":"pachingo","timestamp":"2026-01-13 14:35:05"}
{"level":"info","message":"SERVER: Server running on Port 9000","service":"pachingo","timestamp":"2026-01-13 14:35:37"}
{"level":"info","message":"SERVER: MongoDB session connected","service":"pachingo","timestamp":"2026-01-13 14:35:38"}
{"level":"info","message":"SERVER: Server running on Port 9000","service":"pachingo","timestamp":"2026-01-13 14:36:13"}
{"level":"info","message":"SERVER: MongoDB session connected","service":"pachingo","timestamp":"2026-01-13 14:36:13"}
{"level":"info","message":"SERVER: Server running on Port 9000","service":"pachingo","timestamp":"2026-01-13 14:36:27"}
{"level":"info","message":"SERVER: MongoDB session connected","service":"pachingo","timestamp":"2026-01-13 14:36:28"}
{"level":"info","message":"SERVER: Server running on Port 9000","service":"pachingo","timestamp":"2026-01-13 14:37:52"}
{"level":"info","message":"SERVER: MongoDB session connected","service":"pachingo","timestamp":"2026-01-13 14:37:53"}
{"level":"info","message":"SERVER: Server running on Port 9000","service":"pachingo","timestamp":"2026-01-13 14:38:10"}
{"level":"info","message":"SERVER: MongoDB session connected","service":"pachingo","timestamp":"2026-01-13 14:38:10"}
{"level":"info","message":"SERVER: Server running on Port 9000","service":"pachingo","timestamp":"2026-01-13 14:46:36"}
{"level":"info","message":"SERVER: MongoDB session connected","service":"pachingo","timestamp":"2026-01-13 14:46:37"}
{"level":"info","message":"SERVER: Server running on Port 9000","service":"pachingo","timestamp":"2026-01-13 14:46:55"}
{"level":"info","message":"SERVER: MongoDB session connected","service":"pachingo","timestamp":"2026-01-13 14:46:55"}
{"level":"info","message":"SERVER: Server running on Port 9000","service":"pachingo","timestamp":"2026-01-13 14:49:05"}
{"level":"info","message":"SERVER: MongoDB session connected","service":"pachingo","timestamp":"2026-01-13 14:49:06"}
{"level":"info","message":"SERVER: Server running on Port 9000","service":"pachingo","timestamp":"2026-01-13 15:05:17"}
{"level":"info","message":"SERVER: MongoDB session connected","service":"pachingo","timestamp":"2026-01-13 15:05:17"}
{"level":"info","message":"AUTH: Password reset email sent (To: nk@nikokomninos.com)","service":"pachingo","timestamp":"2026-01-13 15:05:21"}
{"level":"info","message":"SERVER: Server running on Port 9000","service":"pachingo","timestamp":"2026-01-13 15:06:30"}
{"level":"info","message":"SERVER: MongoDB session connected","service":"pachingo","timestamp":"2026-01-13 15:06:30"}
{"level":"info","message":"AUTH: Password reset email sent (To: nk@nikokomninos.com)","service":"pachingo","timestamp":"2026-01-13 15:13:12"}
{"level":"info","message":"SERVER: Server running on Port 9000","service":"pachingo","timestamp":"2026-01-13 15:28:38"}
{"level":"info","message":"SERVER: MongoDB session connected","service":"pachingo","timestamp":"2026-01-13 15:28:38"}
{"level":"info","message":"SERVER: Server running on Port 9000","service":"pachingo","timestamp":"2026-01-13 15:30:26"}
{"level":"info","message":"SERVER: MongoDB session connected","service":"pachingo","timestamp":"2026-01-13 15:30:26"}
{"level":"info","message":"SERVER: Server running on Port 9000","service":"pachingo","timestamp":"2026-01-13 15:30:28"}
{"level":"info","message":"SERVER: MongoDB session connected","service":"pachingo","timestamp":"2026-01-13 15:30:28"}
{"level":"info","message":"AUTH: Password reset email sent (To: nk@nikokomninos.com)","service":"pachingo","timestamp":"2026-01-13 15:31:39"}
{"level":"info","message":"AUTH: Password reset email sent (To: nk@nikokomninos.com)","service":"pachingo","timestamp":"2026-01-13 15:35:46"}
{"level":"info","message":"AUTH: User Logged In (UserID: 69669d5095396f5dc113cd19, IP: )","service":"pachingo","timestamp":"2026-01-13 15:36:36"}
{"level":"info","message":"SERVER: Server running on Port 9000","service":"pachingo","timestamp":"2026-01-13 15:41:29"}
{"level":"info","message":"SERVER: MongoDB session connected","service":"pachingo","timestamp":"2026-01-13 15:41:30"}
{"level":"info","message":"AUTH: User Logged Out (UserID: 69669d5095396f5dc113cd19, IP: )","service":"pachingo","timestamp":"2026-01-13 15:42:14"}
{"level":"info","message":"AUTH: Password reset email sent (To: nk@nikokomninos.com)","service":"pachingo","timestamp":"2026-01-13 15:42:46"}
{"level":"info","message":"AUTH: Account updated (UserID: undefined, AccountID: undefined)","service":"pachingo","timestamp":"2026-01-13 15:43:13"}
{"level":"info","message":"AUTH: User Logged In (UserID: 69669d5095396f5dc113cd19, IP: )","service":"pachingo","timestamp":"2026-01-13 15:43:22"}
{"level":"info","message":"SERVER: Server running on Port 9000","service":"pachingo","timestamp":"2026-01-13 15:53:12"}
{"level":"info","message":"SERVER: MongoDB session connected","service":"pachingo","timestamp":"2026-01-13 15:53:13"}
{"level":"info","message":"AUTH: User Logged Out (UserID: 69669d5095396f5dc113cd19, IP: )","service":"pachingo","timestamp":"2026-01-13 16:47:33"}
{"level":"info","message":"AUTH: User Logged In (UserID: 69669d5095396f5dc113cd19, IP: )","service":"pachingo","timestamp":"2026-01-13 16:47:46"}
{"level":"info","message":"SERVER: MongoDB session connected","service":"pachingo","timestamp":"2026-01-13 16:56:24"}
{"level":"info","message":"SERVER: MongoDB session connected","service":"pachingo","timestamp":"2026-01-13 16:57:54"}
{"level":"info","message":"SERVER: MongoDB session connected","service":"pachingo","timestamp":"2026-01-13 16:58:31"}
{"level":"info","message":"SERVER: MongoDB session connected","service":"pachingo","timestamp":"2026-01-13 16:59:55"}
{"level":"info","message":"SERVER: Server running on Port 9000","service":"pachingo","timestamp":"2026-01-13 16:59:55"}
{"level":"info","message":"AUTH: User Logged Out (UserID: 69669d5095396f5dc113cd19, IP: )","service":"pachingo","timestamp":"2026-01-13 17:01:21"}
{"level":"info","message":"AUTH: Password reset email sent (To: nk@nikokomninos.com)","service":"pachingo","timestamp":"2026-01-13 17:03:46"}
{"level":"info","message":"AUTH: Account updated (UserID: undefined, AccountID: undefined)","service":"pachingo","timestamp":"2026-01-13 17:04:13"}
{"level":"info","message":"AUTH: User Logged In (UserID: 69669d5095396f5dc113cd19, IP: )","service":"pachingo","timestamp":"2026-01-13 17:04:39"}
{"level":"info","message":"AUTH: User Logged Out (UserID: 69669d5095396f5dc113cd19, IP: )","service":"pachingo","timestamp":"2026-01-13 17:05:03"}
{"level":"info","message":"SERVER: Server running on Port 9000","service":"pachingo","timestamp":"2026-01-13 17:08:05"}
{"level":"info","message":"SERVER: MongoDB session connected","service":"pachingo","timestamp":"2026-01-13 17:08:05"}
{"level":"info","message":"AUTH: User Logged In (UserID: 69669d5095396f5dc113cd19, IP: )","service":"pachingo","timestamp":"2026-01-13 18:31:30"}
{"level":"info","message":"SERVER: Server running on Port 9000","service":"pachingo","timestamp":"2026-01-13 19:19:04"}
{"level":"info","message":"SERVER: MongoDB session connected","service":"pachingo","timestamp":"2026-01-13 19:19:04"}
{"level":"info","message":"SERVER: Server running on Port 9000","service":"pachingo","timestamp":"2026-01-13 19:21:05"}
{"level":"info","message":"SERVER: MongoDB session connected","service":"pachingo","timestamp":"2026-01-13 19:21:06"}
{"level":"info","message":"AUTH: User Logged Out (UserID: 69669d5095396f5dc113cd19, IP: )","service":"pachingo","timestamp":"2026-01-13 20:07:45"}
{"level":"info","message":"AUTH: User Logged In (UserID: 69669d5095396f5dc113cd19, IP: )","service":"pachingo","timestamp":"2026-01-13 20:09:09"}
{"level":"info","message":"SERVER: Server running on Port 9000","service":"pachingo","timestamp":"2026-01-13 20:11:21"}
{"level":"info","message":"SERVER: MongoDB session connected","service":"pachingo","timestamp":"2026-01-13 20:11:22"}
{"level":"info","message":"SERVER: Server running on Port 9000","service":"pachingo","timestamp":"2026-01-13 20:30:29"}
{"level":"info","message":"SERVER: MongoDB session connected","service":"pachingo","timestamp":"2026-01-13 20:30:30"}
{"level":"info","message":"SERVER: Server running on Port 9000","service":"pachingo","timestamp":"2026-01-13 20:35:59"}
{"level":"info","message":"SERVER: MongoDB session connected","service":"pachingo","timestamp":"2026-01-13 20:35:59"}
{"level":"info","message":"SERVER: Server running on Port 9000","service":"pachingo","timestamp":"2026-01-13 20:36:38"}
{"level":"info","message":"SERVER: MongoDB session connected","service":"pachingo","timestamp":"2026-01-13 20:36:39"}
{"level":"info","message":"SERVER: Server running on Port 9000","service":"pachingo","timestamp":"2026-01-13 20:38:13"}
{"level":"info","message":"SERVER: MongoDB session connected","service":"pachingo","timestamp":"2026-01-13 20:38:14"}
{"level":"info","message":"SERVER: Server running on Port 9000","service":"pachingo","timestamp":"2026-01-13 20:38:55"}
{"level":"info","message":"SERVER: Server running on Port 9000","service":"pachingo","timestamp":"2026-01-13 20:38:56"}
{"level":"info","message":"SERVER: MongoDB session connected","service":"pachingo","timestamp":"2026-01-13 20:38:56"}
{"level":"info","message":"SERVER: Server running on Port 9000","service":"pachingo","timestamp":"2026-01-13 20:39:10"}
{"level":"info","message":"SERVER: MongoDB session connected","service":"pachingo","timestamp":"2026-01-13 20:39:10"}
{"level":"info","message":"SERVER: Server running on Port 9000","service":"pachingo","timestamp":"2026-01-13 20:39:43"}
{"level":"info","message":"SERVER: MongoDB session connected","service":"pachingo","timestamp":"2026-01-13 20:39:43"}
{"level":"info","message":"SERVER: Server running on Port 9000","service":"pachingo","timestamp":"2026-01-13 20:57:03"}
{"level":"info","message":"SERVER: MongoDB session connected","service":"pachingo","timestamp":"2026-01-13 20:57:04"}
{"level":"info","message":"SERVER: Server running on Port 9000","service":"pachingo","timestamp":"2026-01-13 20:58:06"}
{"level":"info","message":"SERVER: MongoDB session connected","service":"pachingo","timestamp":"2026-01-13 20:58:06"}
{"level":"info","message":"SERVER: Server running on Port 9000","service":"pachingo","timestamp":"2026-01-13 20:58:32"}
{"level":"info","message":"SERVER: MongoDB session connected","service":"pachingo","timestamp":"2026-01-13 20:58:33"}
{"level":"info","message":"SERVER: Server running on Port 9000","service":"pachingo","timestamp":"2026-01-13 20:59:10"}
{"level":"info","message":"SERVER: MongoDB session connected","service":"pachingo","timestamp":"2026-01-13 20:59:11"}
{"level":"info","message":"SERVER: Server running on Port 9000","service":"pachingo","timestamp":"2026-01-13 20:59:33"}
{"level":"info","message":"SERVER: MongoDB session connected","service":"pachingo","timestamp":"2026-01-13 20:59:33"}
{"level":"info","message":"SERVER: Server running on Port 9000","service":"pachingo","timestamp":"2026-01-13 21:02:00"}
{"level":"info","message":"SERVER: MongoDB session connected","service":"pachingo","timestamp":"2026-01-13 21:02:01"}
{"level":"info","message":"SERVER: Server running on Port 9000","service":"pachingo","timestamp":"2026-01-13 21:02:06"}
{"level":"info","message":"SERVER: MongoDB session connected","service":"pachingo","timestamp":"2026-01-13 21:02:06"}
{"level":"info","message":"SERVER: Server running on Port 9000","service":"pachingo","timestamp":"2026-01-13 21:04:07"}
{"level":"info","message":"SERVER: MongoDB session connected","service":"pachingo","timestamp":"2026-01-13 21:04:07"}
{"level":"info","message":"SERVER: Server running on Port 9000","service":"pachingo","timestamp":"2026-01-13 21:06:21"}
{"level":"info","message":"SERVER: MongoDB session connected","service":"pachingo","timestamp":"2026-01-13 21:06:21"}
{"level":"info","message":"SERVER: Server running on Port 9000","service":"pachingo","timestamp":"2026-01-13 21:07:14"}
{"level":"info","message":"SERVER: MongoDB session connected","service":"pachingo","timestamp":"2026-01-13 21:07:15"}
{"level":"info","message":"SERVER: Server running on Port 9000","service":"pachingo","timestamp":"2026-01-13 21:08:46"}
{"level":"info","message":"SERVER: MongoDB session connected","service":"pachingo","timestamp":"2026-01-13 21:08:46"}
{"level":"info","message":"SERVER: Server running on Port 9000","service":"pachingo","timestamp":"2026-01-13 21:30:47"}
{"level":"info","message":"SERVER: MongoDB session connected","service":"pachingo","timestamp":"2026-01-13 21:30:47"}
{"level":"info","message":"SERVER: Server running on Port 9000","service":"pachingo","timestamp":"2026-01-13 21:32:50"}
{"level":"info","message":"SERVER: MongoDB session connected","service":"pachingo","timestamp":"2026-01-13 21:32:50"}
{"level":"info","message":"AUTH: User Logged Out (UserID: 69669d5095396f5dc113cd19, IP: )","service":"pachingo","timestamp":"2026-01-13 22:31:29"}
{"level":"info","message":"AUTH: User Registered (ID: 69670e64b50b803261b8b59b, Email: nk@nikokomninos.com, Username: nikokomninos)","service":"pachingo","timestamp":"2026-01-13 22:32:52"}
{"level":"info","message":"AUTH: Verification email sent (To: nk@nikokomninos.com)","service":"pachingo","timestamp":"2026-01-13 22:32:52"}
{"level":"info","message":"AUTH: Password reset email sent (To: nk@nikokomninos.com)","service":"pachingo","timestamp":"2026-01-13 22:33:23"}
{"level":"info","message":"AUTH: Account updated (UserID: undefined, AccountID: undefined)","service":"pachingo","timestamp":"2026-01-13 22:33:37"}
{"level":"info","message":"AUTH: User Logged In (UserID: 69670e64b50b803261b8b59b, IP: )","service":"pachingo","timestamp":"2026-01-13 22:33:48"}
{"level":"info","message":"AUTH: User Logged Out (UserID: 69670e64b50b803261b8b59b, IP: )","service":"pachingo","timestamp":"2026-01-13 23:02:16"}
{"level":"info","message":"AUTH: User Logged In (UserID: 69670e64b50b803261b8b59b, IP: )","service":"pachingo","timestamp":"2026-01-13 23:14:23"}
{"level":"info","message":"AUTH: User Logged Out (UserID: 69670e64b50b803261b8b59b, IP: )","service":"pachingo","timestamp":"2026-01-13 23:52:42"}
{"level":"info","message":"AUTH: User Logged In (UserID: 69670e64b50b803261b8b59b, IP: )","service":"pachingo","timestamp":"2026-01-13 23:59:20"}
{"level":"info","message":"AUTH: User Logged Out (UserID: 69670e64b50b803261b8b59b, IP: )","service":"pachingo","timestamp":"2026-01-14 00:02:14"}
{"level":"info","message":"AUTH: User Logged In (UserID: 69670e64b50b803261b8b59b, IP: )","service":"pachingo","timestamp":"2026-01-14 00:02:55"}
{"level":"info","message":"AUTH: User Logged Out (UserID: 69670e64b50b803261b8b59b, IP: )","service":"pachingo","timestamp":"2026-01-14 09:55:41"}
{"level":"info","message":"AUTH: User Logged In (UserID: 69670e64b50b803261b8b59b, IP: )","service":"pachingo","timestamp":"2026-01-14 09:56:34"}
{"level":"info","message":"SERVER: Server running on Port 9000","service":"pachingo","timestamp":"2026-01-14 14:21:57"}
{"level":"info","message":"SERVER: MongoDB session connected","service":"pachingo","timestamp":"2026-01-14 14:21:57"}
{"level":"info","message":"SERVER: Server running on Port 9000","service":"pachingo","timestamp":"2026-01-14 14:22:03"}
{"level":"info","message":"SERVER: MongoDB session connected","service":"pachingo","timestamp":"2026-01-14 14:22:04"}
{"level":"info","message":"SERVER: Server running on Port 9000","service":"pachingo","timestamp":"2026-01-14 14:30:44"}
{"level":"info","message":"SERVER: MongoDB session connected","service":"pachingo","timestamp":"2026-01-14 14:30:44"}
{"level":"info","message":"AUTH: User Logged Out (UserID: 69670e64b50b803261b8b59b, IP: )","service":"pachingo","timestamp":"2026-01-15 11:40:03"}
{"level":"info","message":"AUTH: User Registered (ID: 69691936298412d87956a48b, Email: nk@nikokomninos.com, Username: nikokomninos)","service":"pachingo","timestamp":"2026-01-15 11:43:34"}
{"level":"info","message":"AUTH: Verification email sent (To: nk@nikokomninos.com)","service":"pachingo","timestamp":"2026-01-15 11:43:34"}
{"level":"info","message":"AUTH: User Logged In (UserID: 69691936298412d87956a48b, IP: )","service":"pachingo","timestamp":"2026-01-15 11:44:08"}
{"level":"info","message":"SERVER: Server running on Port 9000","service":"pachingo","timestamp":"2026-01-15 11:47:27"}
{"level":"info","message":"SERVER: MongoDB session connected","service":"pachingo","timestamp":"2026-01-15 11:47:27"}
{"level":"info","message":"SERVER: Server running on Port 9000","service":"pachingo","timestamp":"2026-01-15 20:04:46"}
{"level":"info","message":"SERVER: MongoDB session connected","service":"pachingo","timestamp":"2026-01-15 20:04:46"}
{"level":"info","message":"SERVER: Server running on Port 9000","service":"pachingo","timestamp":"2026-01-15 20:11:32"}
{"level":"info","message":"SERVER: MongoDB session connected","service":"pachingo","timestamp":"2026-01-15 20:11:33"}
{"level":"info","message":"SERVER: Server running on Port 9000","service":"pachingo","timestamp":"2026-01-15 20:11:49"}
{"level":"info","message":"SERVER: MongoDB session connected","service":"pachingo","timestamp":"2026-01-15 20:11:49"}
{"level":"info","message":"SERVER: Server running on Port 9000","service":"pachingo","timestamp":"2026-01-15 20:15:47"}
{"level":"info","message":"SERVER: MongoDB session connected","service":"pachingo","timestamp":"2026-01-15 20:15:47"}
{"level":"info","message":"SERVER: Server running on Port 9000","service":"pachingo","timestamp":"2026-01-15 20:20:42"}
{"level":"info","message":"SERVER: MongoDB session connected","service":"pachingo","timestamp":"2026-01-15 20:20:43"}
{"level":"info","message":"SERVER: Server running on Port 9000","service":"pachingo","timestamp":"2026-01-15 20:21:00"}
{"level":"info","message":"SERVER: MongoDB session connected","service":"pachingo","timestamp":"2026-01-15 20:21:00"}
{"level":"info","message":"SERVER: Server running on Port 9000","service":"pachingo","timestamp":"2026-01-15 20:21:20"}
{"level":"info","message":"SERVER: MongoDB session connected","service":"pachingo","timestamp":"2026-01-15 20:21:20"}
{"level":"info","message":"SERVER: Server running on Port 9000","service":"pachingo","timestamp":"2026-01-15 20:35:23"}
{"level":"info","message":"SERVER: MongoDB session connected","service":"pachingo","timestamp":"2026-01-15 20:35:24"}
{"level":"info","message":"SERVER: Server running on Port 9000","service":"pachingo","timestamp":"2026-01-15 20:35:42"}
{"level":"info","message":"SERVER: MongoDB session connected","service":"pachingo","timestamp":"2026-01-15 20:35:42"}
{"level":"info","message":"SERVER: Server running on Port 9000","service":"pachingo","timestamp":"2026-01-15 20:36:20"}
{"level":"info","message":"SERVER: MongoDB session connected","service":"pachingo","timestamp":"2026-01-15 20:36:21"}
{"level":"info","message":"SERVER: Server running on Port 9000","service":"pachingo","timestamp":"2026-01-15 20:36:24"}
{"level":"info","message":"SERVER: MongoDB session connected","service":"pachingo","timestamp":"2026-01-15 20:36:24"}
{"level":"info","message":"SERVER: Server running on Port 9000","service":"pachingo","timestamp":"2026-01-15 20:36:26"}
{"level":"info","message":"SERVER: MongoDB session connected","service":"pachingo","timestamp":"2026-01-15 20:36:26"}
{"level":"info","message":"SERVER: Server running on Port 9000","service":"pachingo","timestamp":"2026-01-15 20:44:45"}
{"level":"info","message":"SERVER: MongoDB session connected","service":"pachingo","timestamp":"2026-01-15 20:44:45"}
{"level":"info","message":"SERVER: Server running on Port 9000","service":"pachingo","timestamp":"2026-01-15 21:03:22"}
{"level":"info","message":"SERVER: MongoDB session connected","service":"pachingo","timestamp":"2026-01-15 21:03:23"}
{"level":"info","message":"SERVER: Server running on Port 9000","service":"pachingo","timestamp":"2026-01-15 21:16:59"}
{"level":"info","message":"SERVER: MongoDB session connected","service":"pachingo","timestamp":"2026-01-15 21:17:00"}
{"level":"info","message":"SERVER: Server running on Port 9000","service":"pachingo","timestamp":"2026-01-15 21:17:02"}
{"level":"info","message":"SERVER: MongoDB session connected","service":"pachingo","timestamp":"2026-01-15 21:17:02"}
{"level":"info","message":"SERVER: Server running on Port 9000","service":"pachingo","timestamp":"2026-01-15 21:31:15"}
{"level":"info","message":"SERVER: MongoDB session connected","service":"pachingo","timestamp":"2026-01-15 21:31:16"}
{"level":"info","message":"SERVER: Server running on Port 9000","service":"pachingo","timestamp":"2026-01-15 21:31:56"}
{"level":"info","message":"SERVER: MongoDB session connected","service":"pachingo","timestamp":"2026-01-15 21:31:56"}
{"level":"info","message":"SERVER: Server running on Port 9000","service":"pachingo","timestamp":"2026-01-15 21:58:01"}
{"level":"info","message":"SERVER: MongoDB session connected","service":"pachingo","timestamp":"2026-01-15 21:58:01"}
{"level":"info","message":"SERVER: Server running on Port 9000","service":"pachingo","timestamp":"2026-01-15 21:58:05"}
{"level":"info","message":"SERVER: MongoDB session connected","service":"pachingo","timestamp":"2026-01-15 21:58:05"}
{"level":"info","message":"SERVER: Server running on Port 9000","service":"pachingo","timestamp":"2026-01-15 22:10:47"}
{"level":"info","message":"SERVER: MongoDB session connected","service":"pachingo","timestamp":"2026-01-15 22:10:48"}
{"level":"info","message":"SERVER: Server running on Port 9000","service":"pachingo","timestamp":"2026-01-15 22:29:05"}
{"level":"info","message":"SERVER: MongoDB session connected","service":"pachingo","timestamp":"2026-01-15 22:29:06"}
{"level":"info","message":"SERVER: Server running on Port 9000","service":"pachingo","timestamp":"2026-01-15 22:30:08"}
{"level":"info","message":"SERVER: MongoDB session connected","service":"pachingo","timestamp":"2026-01-15 22:30:08"}
{"level":"info","message":"SERVER: Server running on Port 9000","service":"pachingo","timestamp":"2026-01-15 22:32:13"}
{"level":"info","message":"SERVER: MongoDB session connected","service":"pachingo","timestamp":"2026-01-15 22:32:13"}
{"level":"info","message":"SERVER: Server running on Port 9000","service":"pachingo","timestamp":"2026-01-15 22:41:27"}
{"level":"info","message":"SERVER: MongoDB session connected","service":"pachingo","timestamp":"2026-01-15 22:41:28"}
{"level":"info","message":"SERVER: Server running on Port 9000","service":"pachingo","timestamp":"2026-01-15 22:41:35"}
{"level":"info","message":"SERVER: MongoDB session connected","service":"pachingo","timestamp":"2026-01-15 22:41:35"}
{"level":"info","message":"SEARCH: Search results retrieved (Type: Level Name, Query: test)","service":"pachingo","timestamp":"2026-01-15 22:41:41"}
{"level":"info","message":"SERVER: Server running on Port 9000","service":"pachingo","timestamp":"2026-01-15 22:43:35"}
{"level":"info","message":"SERVER: MongoDB session connected","service":"pachingo","timestamp":"2026-01-15 22:43:36"}
{"level":"info","message":"SERVER: Server running on Port 9000","service":"pachingo","timestamp":"2026-01-15 22:44:12"}
{"level":"info","message":"SERVER: MongoDB session connected","service":"pachingo","timestamp":"2026-01-15 22:44:13"}
{"level":"info","message":"SEARCH: Search results retrieved (Type: Level Name, Query: test)","service":"pachingo","timestamp":"2026-01-15 22:46:36"}
{"level":"info","message":"SEARCH: Search results retrieved (Type: Level Name, Query: test)","service":"pachingo","timestamp":"2026-01-15 22:46:40"}
{"level":"info","message":"SEARCH: Search results retrieved (Type: Level Name, Query: test)","service":"pachingo","timestamp":"2026-01-15 22:46:42"}
{"level":"info","message":"SEARCH: Search results retrieved (Type: Level Name, Query: test)","service":"pachingo","timestamp":"2026-01-15 22:47:01"}
{"level":"info","message":"SEARCH: Search results retrieved (Type: Level Name, Query: test)","service":"pachingo","timestamp":"2026-01-15 22:47:09"}
{"level":"info","message":"SEARCH: Search results retrieved (Type: Level Name, Query: test)","service":"pachingo","timestamp":"2026-01-15 22:47:11"}
{"level":"info","message":"SEARCH: Search results retrieved (Type: Level Name, Query: test)","service":"pachingo","timestamp":"2026-01-15 22:47:19"}
{"level":"info","message":"SEARCH: Search results retrieved (Type: Level Name, Query: test)","service":"pachingo","timestamp":"2026-01-15 22:47:28"}
{"level":"info","message":"SEARCH: Search results retrieved (Type: Level Name, Query: test)","service":"pachingo","timestamp":"2026-01-15 22:47:35"}
{"level":"info","message":"SEARCH: Most recent levels retrieved","service":"pachingo","timestamp":"2026-01-15 22:50:48"}
{"level":"info","message":"SEARCH: Most recent levels retrieved","service":"pachingo","timestamp":"2026-01-15 22:51:00"}
{"level":"info","message":"SEARCH: Most recent levels retrieved","service":"pachingo","timestamp":"2026-01-15 22:51:02"}
{"level":"info","message":"SEARCH: Most recent levels retrieved","service":"pachingo","timestamp":"2026-01-15 22:51:04"}
{"level":"info","message":"SEARCH: Most recent levels retrieved","service":"pachingo","timestamp":"2026-01-15 22:51:07"}
{"level":"info","message":"SEARCH: Most recent levels retrieved","service":"pachingo","timestamp":"2026-01-15 22:51:09"}
{"level":"info","message":"SEARCH: Most recent levels retrieved","service":"pachingo","timestamp":"2026-01-15 22:51:11"}
{"level":"info","message":"SEARCH: Search results retrieved (Type: Level Name, Query: test)","service":"pachingo","timestamp":"2026-01-15 22:51:17"}
{"level":"info","message":"SEARCH: Search results retrieved (Type: Level Name, Query: test)","service":"pachingo","timestamp":"2026-01-15 22:51:26"}
{"level":"info","message":"SEARCH: Search results retrieved (Type: Level Name, Query: test)","service":"pachingo","timestamp":"2026-01-15 22:51:28"}
{"level":"info","message":"SEARCH: Search results retrieved (Type: Level Name, Query: test)","service":"pachingo","timestamp":"2026-01-15 22:51:30"}
{"level":"info","message":"SEARCH: Search results retrieved (Type: Level Name, Query: test)","service":"pachingo","timestamp":"2026-01-15 22:51:32"}
{"level":"info","message":"SEARCH: Search results retrieved (Type: Level Name, Query: test)","service":"pachingo","timestamp":"2026-01-15 22:51:40"}
{"level":"info","message":"SEARCH: Search results retrieved (Type: Level Name, Query: test)","service":"pachingo","timestamp":"2026-01-15 22:53:52"}
{"level":"info","message":"SEARCH: Most recent levels retrieved","service":"pachingo","timestamp":"2026-01-15 22:54:52"}
{"level":"info","message":"SEARCH: Most recent levels retrieved","service":"pachingo","timestamp":"2026-01-15 22:57:12"}
{"level":"info","message":"SEARCH: Most recent levels retrieved","service":"pachingo","timestamp":"2026-01-15 22:57:18"}
{"level":"info","message":"AUTH: User Logged Out (UserID: 69691936298412d87956a48b, IP: )","service":"pachingo","timestamp":"2026-01-15 22:57:25"}
{"level":"info","message":"AUTH: User Logged In (UserID: 69691936298412d87956a48b, IP: )","service":"pachingo","timestamp":"2026-01-15 22:58:03"}
{"level":"info","message":"SEARCH: Most recent levels retrieved","service":"pachingo","timestamp":"2026-01-15 22:58:23"}
{"level":"info","message":"SEARCH: Most recent levels retrieved","service":"pachingo","timestamp":"2026-01-15 22:58:56"}
{"level":"info","message":"SEARCH: Most recent levels retrieved","service":"pachingo","timestamp":"2026-01-15 22:59:10"}
{"level":"info","message":"SEARCH: Search results retrieved (Type: Level Name, Query: test)","service":"pachingo","timestamp":"2026-01-15 23:00:20"}
{"level":"info","message":"SEARCH: Most recent levels retrieved","service":"pachingo","timestamp":"2026-01-15 23:00:32"}
{"level":"info","message":"SEARCH: Most recent levels retrieved","service":"pachingo","timestamp":"2026-01-15 23:00:36"}
{"level":"info","message":"SEARCH: Most recent levels retrieved","service":"pachingo","timestamp":"2026-01-15 23:00:56"}
{"level":"info","message":"SEARCH: Most recent levels retrieved","service":"pachingo","timestamp":"2026-01-15 23:02:23"}
{"level":"info","message":"SERVER: Server running on Port 9000","service":"pachingo","timestamp":"2026-01-15 23:03:11"}
{"level":"info","message":"SERVER: MongoDB session connected","service":"pachingo","timestamp":"2026-01-15 23:03:12"}
{"level":"info","message":"SEARCH: Most recent levels retrieved","service":"pachingo","timestamp":"2026-01-15 23:03:15"}
{"level":"info","message":"SERVER: Server running on Port 9000","service":"pachingo","timestamp":"2026-01-15 23:03:53"}
{"level":"info","message":"SERVER: MongoDB session connected","service":"pachingo","timestamp":"2026-01-15 23:03:54"}
{"level":"info","message":"SEARCH: Most recent levels retrieved","service":"pachingo","timestamp":"2026-01-15 23:03:57"}
{"level":"info","message":"SERVER: Server running on Port 9000","service":"pachingo","timestamp":"2026-01-15 23:06:34"}
{"level":"info","message":"SERVER: MongoDB session connected","service":"pachingo","timestamp":"2026-01-15 23:06:35"}
{"level":"info","message":"SEARCH: Most recent levels retrieved","service":"pachingo","timestamp":"2026-01-15 23:06:36"}
{"level":"info","message":"SEARCH: Most recent levels retrieved","service":"pachingo","timestamp":"2026-01-15 23:07:10"}
{"level":"info","message":"SEARCH: Most recent levels retrieved","service":"pachingo","timestamp":"2026-01-15 23:07:21"}
{"level":"info","message":"SEARCH: Most recent levels retrieved","service":"pachingo","timestamp":"2026-01-15 23:07:24"}
{"level":"info","message":"SEARCH: Most recent levels retrieved","service":"pachingo","timestamp":"2026-01-15 23:07:31"}
{"level":"info","message":"SEARCH: Most recent levels retrieved","service":"pachingo","timestamp":"2026-01-15 23:07:32"}
{"level":"info","message":"SEARCH: Most recent levels retrieved","service":"pachingo","timestamp":"2026-01-15 23:07:38"}
{"level":"info","message":"SEARCH: Most recent levels retrieved","service":"pachingo","timestamp":"2026-01-15 23:07:42"}
{"level":"info","message":"SEARCH: Most recent levels retrieved","service":"pachingo","timestamp":"2026-01-15 23:07:45"}
{"level":"info","message":"SEARCH: Most recent levels retrieved","service":"pachingo","timestamp":"2026-01-15 23:18:17"}
{"level":"info","message":"SERVER: Server running on Port 9000","service":"pachingo","timestamp":"2026-01-15 23:18:35"}
{"level":"info","message":"SERVER: MongoDB session connected","service":"pachingo","timestamp":"2026-01-15 23:18:35"}
{"level":"info","message":"SEARCH: Most recent levels retrieved","service":"pachingo","timestamp":"2026-01-15 23:18:43"}
{"level":"info","message":"SEARCH: Most recent levels retrieved","service":"pachingo","timestamp":"2026-01-15 23:19:35"}
{"level":"info","message":"SEARCH: Most recent levels retrieved","service":"pachingo","timestamp":"2026-01-15 23:22:58"}
{"level":"info","message":"SEARCH: Most recent levels retrieved","service":"pachingo","timestamp":"2026-01-16 16:01:09"}
{"level":"info","message":"SEARCH: Most recent levels retrieved","service":"pachingo","timestamp":"2026-01-16 16:01:11"}
{"level":"info","message":"SEARCH: Most recent levels retrieved","service":"pachingo","timestamp":"2026-01-16 16:01:12"}
{"level":"info","message":"SEARCH: Most recent levels retrieved","service":"pachingo","timestamp":"2026-01-16 16:01:15"}
{"level":"info","message":"SERVER: Server running on Port 9000","service":"pachingo","timestamp":"2026-01-16 16:17:58"}
{"level":"info","message":"SERVER: MongoDB session connected","service":"pachingo","timestamp":"2026-01-16 16:17:59"}
{"level":"info","message":"SEARCH: Most recent levels retrieved","service":"pachingo","timestamp":"2026-01-16 16:17:59"}
{"level":"info","message":"SEARCH: Most recent levels retrieved","service":"pachingo","timestamp":"2026-01-16 16:18:05"}
{"level":"info","message":"SEARCH: Most recent levels retrieved","service":"pachingo","timestamp":"2026-01-16 16:18:11"}
{"level":"info","message":"SEARCH: Search results retrieved (Type: Level ID, Query: undefined)","service":"pachingo","timestamp":"2026-01-16 16:18:37"}
{"level":"info","message":"SEARCH: Search results retrieved (Type: Level ID, Query: undefined)","service":"pachingo","timestamp":"2026-01-16 16:18:39"}
{"level":"info","message":"SEARCH: Search results retrieved (Type: Level ID, Query: undefined)","service":"pachingo","timestamp":"2026-01-16 16:18:40"}
{"level":"info","message":"SEARCH: Search results retrieved (Type: Level ID, Query: undefined)","service":"pachingo","timestamp":"2026-01-16 16:19:22"}
{"level":"info","message":"SERVER: Server running on Port 9000","service":"pachingo","timestamp":"2026-01-16 16:19:48"}
{"level":"info","message":"SERVER: MongoDB session connected","service":"pachingo","timestamp":"2026-01-16 16:19:49"}
{"level":"info","message":"SEARCH: Search results retrieved (Type: Level ID, Query: 5)","service":"pachingo","timestamp":"2026-01-16 16:19:50"}
{"level":"info","message":"SEARCH: Search results retrieved (Type: Level ID, Query: 1)","service":"pachingo","timestamp":"2026-01-16 16:19:51"}
{"level":"info","message":"SEARCH: Search results retrieved (Type: Level ID, Query: 7)","service":"pachingo","timestamp":"2026-01-16 16:19:53"}
{"level":"info","message":"SEARCH: Search results retrieved (Type: Level ID, Query: 9)","service":"pachingo","timestamp":"2026-01-16 16:19:55"}
{"level":"info","message":"SEARCH: Most recent levels retrieved","service":"pachingo","timestamp":"2026-01-16 16:20:02"}
{"level":"info","message":"SEARCH: Most recent levels retrieved","service":"pachingo","timestamp":"2026-01-16 16:20:10"}
{"level":"info","message":"SEARCH: Search results retrieved (Type: Level ID, Query: 1)","service":"pachingo","timestamp":"2026-01-16 16:23:22"}
{"level":"info","message":"SEARCH: Search results retrieved (Type: Level ID, Query: 3)","service":"pachingo","timestamp":"2026-01-16 16:23:29"}
{"level":"info","message":"SEARCH: Most recent levels retrieved","service":"pachingo","timestamp":"2026-01-16 16:28:00"}
{"level":"info","message":"SEARCH: Most recent levels retrieved","service":"pachingo","timestamp":"2026-01-16 16:44:20"}
{"level":"info","message":"SERVER: Server running on Port 9000","service":"pachingo","timestamp":"2026-01-16 16:45:31"}
{"level":"info","message":"SERVER: MongoDB session connected","service":"pachingo","timestamp":"2026-01-16 16:45:31"}
{"level":"info","message":"SERVER: Server running on Port 9000","service":"pachingo","timestamp":"2026-01-16 16:48:39"}
{"level":"info","message":"SERVER: MongoDB session connected","service":"pachingo","timestamp":"2026-01-16 16:48:39"}
{"level":"info","message":"SERVER: Server running on Port 9000","service":"pachingo","timestamp":"2026-01-16 16:51:56"}
{"level":"info","message":"SERVER: MongoDB session connected","service":"pachingo","timestamp":"2026-01-16 16:51:57"}
{"level":"info","message":"SERVER: Server running on Port 9000","service":"pachingo","timestamp":"2026-01-16 16:52:01"}
{"level":"info","message":"SERVER: MongoDB session connected","service":"pachingo","timestamp":"2026-01-16 16:52:01"}
{"level":"info","message":"SERVER: Server running on Port 9000","service":"pachingo","timestamp":"2026-01-16 16:59:56"}
{"level":"info","message":"SERVER: MongoDB session connected","service":"pachingo","timestamp":"2026-01-16 16:59:56"}
{"level":"info","message":"SERVER: Server running on Port 9000","service":"pachingo","timestamp":"2026-01-16 17:04:01"}
{"level":"info","message":"SERVER: MongoDB session connected","service":"pachingo","timestamp":"2026-01-16 17:04:02"}
{"level":"info","message":"SERVER: Server running on Port 9000","service":"pachingo","timestamp":"2026-01-16 17:04:07"}
{"level":"info","message":"SERVER: MongoDB session connected","service":"pachingo","timestamp":"2026-01-16 17:04:07"}
{"level":"info","message":"SERVER: Server running on Port 9000","service":"pachingo","timestamp":"2026-01-16 17:06:56"}
{"level":"info","message":"SERVER: MongoDB session connected","service":"pachingo","timestamp":"2026-01-16 17:06:57"}
{"level":"info","message":"SERVER: Server running on Port 9000","service":"pachingo","timestamp":"2026-01-16 17:09:44"}
{"level":"info","message":"SERVER: MongoDB session connected","service":"pachingo","timestamp":"2026-01-16 17:09:45"}
{"level":"info","message":"SEARCH: Most recent users retrieved","service":"pachingo","timestamp":"2026-01-16 17:11:31"}
{"level":"info","message":"SEARCH: Most recent levels retrieved","service":"pachingo","timestamp":"2026-01-16 17:15:01"}
{"level":"info","message":"SEARCH: Most recent levels retrieved","service":"pachingo","timestamp":"2026-01-16 17:15:29"}
{"level":"info","message":"SEARCH: Most recent levels retrieved","service":"pachingo","timestamp":"2026-01-16 17:15:33"}
{"level":"info","message":"SEARCH: Search results retrieved (Type: Level ID, Query: 2)","service":"pachingo","timestamp":"2026-01-16 17:15:37"}
{"level":"info","message":"SEARCH: Search results retrieved (Type: Level ID, Query: 1)","service":"pachingo","timestamp":"2026-01-16 17:15:41"}
{"level":"info","message":"SEARCH: Search results retrieved (Type: Level ID, Query: 2)","service":"pachingo","timestamp":"2026-01-16 17:15:43"}
{"level":"info","message":"SEARCH: Search results retrieved (Type: Level ID, Query: 3)","service":"pachingo","timestamp":"2026-01-16 17:15:44"}
{"level":"info","message":"SEARCH: Search results retrieved (Type: Level ID, Query: 2)","service":"pachingo","timestamp":"2026-01-16 17:16:36"}
{"level":"info","message":"SEARCH: Search results retrieved (Type: Level ID, Query: 1)","service":"pachingo","timestamp":"2026-01-16 17:16:38"}
{"level":"info","message":"SEARCH: Search results retrieved (Type: Level ID, Query: 2)","service":"pachingo","timestamp":"2026-01-16 17:16:39"}
{"level":"info","message":"SEARCH: Most recent levels retrieved","service":"pachingo","timestamp":"2026-01-16 17:32:14"}
{"level":"info","message":"SEARCH: Search results retrieved (Type: Level Name, Query: level)","service":"pachingo","timestamp":"2026-01-16 17:32:24"}
{"level":"info","message":"SEARCH: Most recent levels retrieved","service":"pachingo","timestamp":"2026-01-16 17:45:21"}
{"level":"info","message":"SEARCH: Most recent levels retrieved","service":"pachingo","timestamp":"2026-01-16 18:04:45"}
{"level":"info","message":"SERVER: Server running on Port 9000","service":"pachingo","timestamp":"2026-01-16 18:10:22"}
{"level":"info","message":"SERVER: MongoDB session connected","service":"pachingo","timestamp":"2026-01-16 18:10:23"}
{"level":"info","message":"SERVER: Server running on Port 9000","service":"pachingo","timestamp":"2026-01-16 18:12:22"}
{"level":"info","message":"SERVER: MongoDB session connected","service":"pachingo","timestamp":"2026-01-16 18:12:22"}
{"level":"info","message":"SERVER: Server running on Port 9000","service":"pachingo","timestamp":"2026-01-16 18:12:47"}
{"level":"info","message":"SERVER: MongoDB session connected","service":"pachingo","timestamp":"2026-01-16 18:12:47"}
{"level":"info","message":"SERVER: Server running on Port 9000","service":"pachingo","timestamp":"2026-01-16 18:15:24"}
{"level":"info","message":"SERVER: MongoDB session connected","service":"pachingo","timestamp":"2026-01-16 18:15:24"}
{"level":"info","message":"SERVER: Server running on Port 9000","service":"pachingo","timestamp":"2026-01-16 18:16:58"}
{"level":"info","message":"SERVER: MongoDB session connected","service":"pachingo","timestamp":"2026-01-16 18:16:58"}
{"level":"info","message":"SERVER: Server running on Port 9000","service":"pachingo","timestamp":"2026-01-16 18:18:13"}
{"level":"info","message":"SERVER: MongoDB session connected","service":"pachingo","timestamp":"2026-01-16 18:18:13"}
{"level":"info","message":"SEARCH: Search results retrieved (Type: User, Query: niko)","service":"pachingo","timestamp":"2026-01-16 18:18:17"}
{"level":"info","message":"SERVER: Server running on Port 9000","service":"pachingo","timestamp":"2026-01-16 18:19:25"}
{"level":"info","message":"SERVER: MongoDB session connected","service":"pachingo","timestamp":"2026-01-16 18:19:26"}
{"level":"info","message":"SEARCH: Search results retrieved (Type: User, Query: niko)","service":"pachingo","timestamp":"2026-01-16 18:19:28"}
{"level":"info","message":"SEARCH: Most recent levels retrieved","service":"pachingo","timestamp":"2026-01-16 18:21:13"}
{"level":"info","message":"SEARCH: Most recent users retrieved","service":"pachingo","timestamp":"2026-01-16 18:24:43"}
{"level":"info","message":"SEARCH: Most recent levels retrieved","service":"pachingo","timestamp":"2026-01-16 18:25:57"}
{"level":"info","message":"SEARCH: Most recent users retrieved","service":"pachingo","timestamp":"2026-01-16 18:25:58"}
{"level":"info","message":"SEARCH: Most recent users retrieved","service":"pachingo","timestamp":"2026-01-16 18:26:01"}
{"level":"info","message":"SEARCH: Most recent users retrieved","service":"pachingo","timestamp":"2026-01-16 18:26:25"}
{"level":"info","message":"SEARCH: Most recent users retrieved","service":"pachingo","timestamp":"2026-01-16 18:26:27"}
{"level":"info","message":"SEARCH: Most recent users retrieved","service":"pachingo","timestamp":"2026-01-16 18:26:27"}
{"level":"info","message":"SEARCH: Most recent users retrieved","service":"pachingo","timestamp":"2026-01-16 18:26:28"}
{"level":"info","message":"SEARCH: Most recent users retrieved","service":"pachingo","timestamp":"2026-01-16 18:26:29"}
{"level":"info","message":"SEARCH: Most recent users retrieved","service":"pachingo","timestamp":"2026-01-16 18:27:03"}
{"level":"info","message":"SEARCH: Most recent users retrieved","service":"pachingo","timestamp":"2026-01-16 18:27:04"}
{"level":"info","message":"SEARCH: Most recent users retrieved","service":"pachingo","timestamp":"2026-01-16 18:27:05"}
{"level":"info","message":"SEARCH: Most recent users retrieved","service":"pachingo","timestamp":"2026-01-16 18:27:17"}
{"level":"info","message":"SEARCH: Most recent users retrieved","service":"pachingo","timestamp":"2026-01-16 18:27:43"}
{"level":"info","message":"SEARCH: Most recent users retrieved","service":"pachingo","timestamp":"2026-01-16 18:27:53"}
{"level":"info","message":"SEARCH: Most recent users retrieved","service":"pachingo","timestamp":"2026-01-16 18:28:14"}
{"level":"info","message":"SEARCH: Most recent users retrieved","service":"pachingo","timestamp":"2026-01-16 18:28:23"}
{"level":"info","message":"SEARCH: Most recent users retrieved","service":"pachingo","timestamp":"2026-01-16 18:28:32"}
{"level":"info","message":"SEARCH: Most recent users retrieved","service":"pachingo","timestamp":"2026-01-16 18:28:45"}
{"level":"info","message":"SEARCH: Most recent levels retrieved","service":"pachingo","timestamp":"2026-01-16 18:28:48"}
{"level":"info","message":"SEARCH: Most recent users retrieved","service":"pachingo","timestamp":"2026-01-16 18:28:51"}
{"level":"info","message":"SEARCH: Most recent users retrieved","service":"pachingo","timestamp":"2026-01-16 18:29:04"}
{"level":"info","message":"SEARCH: Most recent users retrieved","service":"pachingo","timestamp":"2026-01-16 18:29:49"}
{"level":"info","message":"SEARCH: Most recent users retrieved","service":"pachingo","timestamp":"2026-01-16 18:30:05"}
{"level":"info","message":"SEARCH: Most recent users retrieved","service":"pachingo","timestamp":"2026-01-16 18:30:09"}
{"level":"info","message":"SEARCH: Most recent users retrieved","service":"pachingo","timestamp":"2026-01-16 18:30:12"}
{"level":"info","message":"SEARCH: Most recent users retrieved","service":"pachingo","timestamp":"2026-01-16 18:30:16"}
{"level":"info","message":"SEARCH: Most recent users retrieved","service":"pachingo","timestamp":"2026-01-16 18:30:19"}
{"level":"info","message":"SEARCH: Most recent users retrieved","service":"pachingo","timestamp":"2026-01-16 18:30:22"}
{"level":"info","message":"SEARCH: Search results retrieved (Type: User, Query: niko)","service":"pachingo","timestamp":"2026-01-16 18:30:31"}
{"level":"info","message":"SEARCH: Search results retrieved (Type: User, Query: niko)","service":"pachingo","timestamp":"2026-01-16 18:30:41"}
{"level":"info","message":"SEARCH: Most recent levels retrieved","service":"pachingo","timestamp":"2026-01-16 18:33:57"}
{"level":"info","message":"SEARCH: Most recent users retrieved","service":"pachingo","timestamp":"2026-01-16 18:34:07"}
{"level":"info","message":"SEARCH: Search results retrieved (Type: User, Query: niko)","service":"pachingo","timestamp":"2026-01-16 18:34:09"}
{"level":"info","message":"SEARCH: Search results retrieved (Type: User, Query: niko)","service":"pachingo","timestamp":"2026-01-16 18:34:16"}
{"level":"info","message":"SEARCH: Search results retrieved (Type: User, Query: niko)","service":"pachingo","timestamp":"2026-01-16 18:34:18"}
{"level":"info","message":"SEARCH: Most recent levels retrieved","service":"pachingo","timestamp":"2026-01-16 18:34:25"}
{"level":"info","message":"SEARCH: Search results retrieved (Type: Level Name, Query: level)","service":"pachingo","timestamp":"2026-01-16 18:34:28"}
{"level":"info","message":"SEARCH: Most recent levels retrieved","service":"pachingo","timestamp":"2026-01-16 18:35:57"}
{"level":"info","message":"SEARCH: Most recent users retrieved","service":"pachingo","timestamp":"2026-01-16 18:36:02"}
{"level":"info","message":"SERVER: Server running on Port 9000","service":"pachingo","timestamp":"2026-01-16 18:36:42"}
{"level":"info","message":"SERVER: MongoDB session connected","service":"pachingo","timestamp":"2026-01-16 18:36:43"}
{"level":"info","message":"SEARCH: Most recent users retrieved","service":"pachingo","timestamp":"2026-01-16 18:36:46"}
{"level":"info","message":"SEARCH: Search results retrieved (Type: User, Query: niko)","service":"pachingo","timestamp":"2026-01-16 18:36:49"}
{"level":"info","message":"SERVER: Server running on Port 9000","service":"pachingo","timestamp":"2026-01-16 18:37:18"}
{"level":"info","message":"SERVER: MongoDB session connected","service":"pachingo","timestamp":"2026-01-16 18:37:19"}
{"level":"info","message":"SEARCH: Search results retrieved (Type: User, Query: niko)","service":"pachingo","timestamp":"2026-01-16 18:37:19"}
{"level":"info","message":"SEARCH: Search results retrieved (Type: User, Query: nik)","service":"pachingo","timestamp":"2026-01-16 18:37:22"}
{"level":"info","message":"SEARCH: Search results retrieved (Type: User, Query: niko)","service":"pachingo","timestamp":"2026-01-16 18:37:24"}
{"level":"info","message":"SEARCH: Most recent levels retrieved","service":"pachingo","timestamp":"2026-01-16 18:37:39"}
{"level":"info","message":"SEARCH: Most recent users retrieved","service":"pachingo","timestamp":"2026-01-16 18:37:41"}
{"level":"info","message":"SEARCH: Most recent users retrieved","service":"pachingo","timestamp":"2026-01-16 18:37:44"}
{"level":"info","message":"SEARCH: Search results retrieved (Type: User, Query: niko)","service":"pachingo","timestamp":"2026-01-16 18:37:57"}
{"level":"info","message":"SEARCH: Search results retrieved (Type: User, Query: niko)","service":"pachingo","timestamp":"2026-01-16 18:38:06"}
{"level":"info","message":"SEARCH: Search results retrieved (Type: User, Query: niko)","service":"pachingo","timestamp":"2026-01-16 18:38:08"}
{"level":"info","message":"SERVER: Server running on Port 9000","service":"pachingo","timestamp":"2026-01-16 18:39:49"}
{"level":"info","message":"SERVER: MongoDB session connected","service":"pachingo","timestamp":"2026-01-16 18:39:49"}
{"level":"info","message":"SERVER: Server running on Port 9000","service":"pachingo","timestamp":"2026-01-16 18:41:05"}
{"level":"info","message":"SERVER: MongoDB session connected","service":"pachingo","timestamp":"2026-01-16 18:41:05"}
{"level":"info","message":"SERVER: Server running on Port 9000","service":"pachingo","timestamp":"2026-01-16 18:44:08"}
{"level":"info","message":"SERVER: MongoDB session connected","service":"pachingo","timestamp":"2026-01-16 18:44:08"}
{"level":"info","message":"SEARCH: Most recent levels retrieved","service":"pachingo","timestamp":"2026-01-16 18:48:39"}
{"level":"info","message":"SEARCH: Most recent levels retrieved","service":"pachingo","timestamp":"2026-01-16 18:48:52"}
{"level":"info","message":"SEARCH: Most recent levels retrieved","service":"pachingo","timestamp":"2026-01-16 18:49:08"}
{"level":"info","message":"SEARCH: Most recent levels retrieved","service":"pachingo","timestamp":"2026-01-16 18:49:11"}
{"level":"info","message":"SEARCH: Most recent levels retrieved","service":"pachingo","timestamp":"2026-01-16 18:49:22"}
{"level":"info","message":"SEARCH: Most recent levels retrieved","service":"pachingo","timestamp":"2026-01-16 18:50:18"}
{"level":"info","message":"SEARCH: Most recent levels retrieved","service":"pachingo","timestamp":"2026-01-16 18:50:23"}
{"level":"info","message":"SEARCH: Most recent levels retrieved","service":"pachingo","timestamp":"2026-01-16 18:50:25"}
{"level":"info","message":"SEARCH: Most recent levels retrieved","service":"pachingo","timestamp":"2026-01-16 18:50:41"}
{"level":"info","message":"SEARCH: Most recent levels retrieved","service":"pachingo","timestamp":"2026-01-16 18:52:36"}
{"level":"info","message":"SEARCH: Most played levels retrieved","service":"pachingo","timestamp":"2026-01-16 18:53:10"}
{"level":"info","message":"SEARCH: Most liked levels retrieved","service":"pachingo","timestamp":"2026-01-16 18:53:13"}
{"level":"info","message":"SEARCH: Most liked levels retrieved","service":"pachingo","timestamp":"2026-01-16 18:53:20"}
{"level":"info","message":"SEARCH: Most liked levels retrieved","service":"pachingo","timestamp":"2026-01-16 18:53:24"}
{"level":"info","message":"SEARCH: Most liked levels retrieved","service":"pachingo","timestamp":"2026-01-16 18:53:26"}
{"level":"info","message":"SEARCH: Most played levels retrieved","service":"pachingo","timestamp":"2026-01-16 18:53:28"}
{"level":"info","message":"SEARCH: Most played levels retrieved","service":"pachingo","timestamp":"2026-01-16 18:53:34"}
{"level":"info","message":"SEARCH: Most recent users retrieved","service":"pachingo","timestamp":"2026-01-16 18:54:10"}
{"level":"info","message":"SEARCH: Most recent levels retrieved","service":"pachingo","timestamp":"2026-01-16 18:54:16"}
{"level":"info","message":"SEARCH: Most recent users retrieved","service":"pachingo","timestamp":"2026-01-16 18:54:19"}
{"level":"info","message":"SEARCH: Most recent levels retrieved","service":"pachingo","timestamp":"2026-01-16 18:54:20"}
{"level":"info","message":"SEARCH: Most recent users retrieved","service":"pachingo","timestamp":"2026-01-16 18:54:21"}
{"level":"info","message":"SEARCH: Search results retrieved (Type: User, Query: niko)","service":"pachingo","timestamp":"2026-01-16 18:54:24"}
{"level":"info","message":"SEARCH: Most recent levels retrieved","service":"pachingo","timestamp":"2026-01-16 18:54:27"}
{"level":"info","message":"SEARCH: Most recent users retrieved","service":"pachingo","timestamp":"2026-01-16 19:00:26"}
{"level":"info","message":"SEARCH: Most recent levels retrieved","service":"pachingo","timestamp":"2026-01-16 19:00:29"}
{"level":"info","message":"SEARCH: Most recent users retrieved","service":"pachingo","timestamp":"2026-01-16 19:00:30"}
{"level":"info","message":"SEARCH: Most recent levels retrieved","service":"pachingo","timestamp":"2026-01-16 19:00:38"}
{"level":"info","message":"SEARCH: Most recent users retrieved","service":"pachingo","timestamp":"2026-01-16 19:00:40"}
{"level":"info","message":"SEARCH: Most recent users retrieved","service":"pachingo","timestamp":"2026-01-16 19:02:03"}
{"level":"info","message":"SERVER: Server running on Port 9000","service":"pachingo","timestamp":"2026-01-16 19:21:31"}
{"level":"info","message":"SERVER: MongoDB session connected","service":"pachingo","timestamp":"2026-01-16 19:21:31"}
{"level":"info","message":"SERVER: Server running on Port 9000","service":"pachingo","timestamp":"2026-01-16 19:21:44"}
{"level":"info","message":"SERVER: MongoDB session connected","service":"pachingo","timestamp":"2026-01-16 19:21:45"}
{"level":"info","message":"SERVER: Server running on Port 9000","service":"pachingo","timestamp":"2026-01-16 19:21:53"}
{"level":"info","message":"SERVER: MongoDB session connected","service":"pachingo","timestamp":"2026-01-16 19:21:54"}
{"level":"info","message":"SERVER: Server running on Port 9000","service":"pachingo","timestamp":"2026-01-16 19:21:59"}
{"level":"info","message":"SERVER: MongoDB session connected","service":"pachingo","timestamp":"2026-01-16 19:21:59"}
{"level":"info","message":"SERVER: Server running on Port 9000","service":"pachingo","timestamp":"2026-01-16 19:22:07"}
{"level":"info","message":"SERVER: MongoDB session connected","service":"pachingo","timestamp":"2026-01-16 19:22:08"}
{"level":"info","message":"SERVER: Server running on Port 9000","service":"pachingo","timestamp":"2026-01-16 19:22:58"}
{"level":"info","message":"SERVER: MongoDB session connected","service":"pachingo","timestamp":"2026-01-16 19:22:59"}
{"level":"info","message":"AUTH: User Registered (ID: 696ad67b4a8bba3f1612ffde, Email: gamingnarx@gmail.com, Username: nikokomninos)","service":"pachingo","timestamp":"2026-01-16 19:23:23"}
{"level":"error","message":"AUTH: Verification email error (To: gamingnarx@gmail.com)","service":"pachingo","timestamp":"2026-01-16 19:23:23"}
{"level":"info","message":"SEARCH: Most recent levels retrieved","service":"pachingo","timestamp":"2026-01-16 19:23:34"}
{"level":"info","message":"SEARCH: Most recent users retrieved","service":"pachingo","timestamp":"2026-01-16 19:23:38"}
{"level":"info","message":"SERVER: Server running on Port 9000","service":"pachingo","timestamp":"2026-01-16 19:30:40"}
{"level":"info","message":"SERVER: MongoDB session connected","service":"pachingo","timestamp":"2026-01-16 19:30:40"}
{"level":"info","message":"AUTH: User Registered (ID: 696ad95e903666f02f58c0c2, Email: gamingnarx@gmail.com, Username: nikokomninos2)","service":"pachingo","timestamp":"2026-01-16 19:35:42"}
{"level":"error","message":"AUTH: Verification email error (To: gamingnarx@gmail.com)","service":"pachingo","timestamp":"2026-01-16 19:35:42"}
{"level":"info","message":"SEARCH: Most recent levels retrieved","service":"pachingo","timestamp":"2026-01-16 19:36:20"}
{"level":"info","message":"SEARCH: Most recent users retrieved","service":"pachingo","timestamp":"2026-01-16 19:36:22"}
{"level":"info","message":"SERVER: Server running on Port 9000","service":"pachingo","timestamp":"2026-01-16 19:38:20"}
{"level":"info","message":"SERVER: MongoDB session connected","service":"pachingo","timestamp":"2026-01-16 19:38:21"}
{"level":"info","message":"SERVER: Server running on Port 9000","service":"pachingo","timestamp":"2026-01-16 19:38:28"}
{"level":"info","message":"SERVER: MongoDB session connected","service":"pachingo","timestamp":"2026-01-16 19:38:28"}
{"level":"info","message":"SERVER: Server running on Port 9000","service":"pachingo","timestamp":"2026-01-16 19:38:29"}
{"level":"info","message":"SERVER: MongoDB session connected","service":"pachingo","timestamp":"2026-01-16 19:38:30"}
{"level":"info","message":"SEARCH: Most recent levels retrieved","service":"pachingo","timestamp":"2026-01-16 19:38:33"}
{"level":"info","message":"SEARCH: Most recent users retrieved","service":"pachingo","timestamp":"2026-01-16 19:38:34"}
{"level":"info","message":"SEARCH: Most recent levels retrieved","service":"pachingo","timestamp":"2026-01-16 19:43:09"}
{"level":"info","message":"SEARCH: Most recent users retrieved","service":"pachingo","timestamp":"2026-01-16 19:43:10"}
{"level":"info","message":"SEARCH: Most recent users retrieved","service":"pachingo","timestamp":"2026-01-16 19:43:13"}
{"level":"info","message":"SEARCH: Most recent users retrieved","service":"pachingo","timestamp":"2026-01-16 19:44:49"}
{"level":"info","message":"SEARCH: Most recent users retrieved","service":"pachingo","timestamp":"2026-01-16 19:45:05"}
{"level":"info","message":"SERVER: Server running on Port 9000","service":"pachingo","timestamp":"2026-01-16 19:46:11"}
{"level":"info","message":"SERVER: MongoDB session connected","service":"pachingo","timestamp":"2026-01-16 19:46:12"}
{"level":"info","message":"USER: User retrieved (Username: niko)","service":"pachingo","timestamp":"2026-01-16 19:46:15"}
{"level":"info","message":"SEARCH: Most recent levels retrieved","service":"pachingo","timestamp":"2026-01-16 19:46:31"}
{"level":"info","message":"SEARCH: Most recent users retrieved","service":"pachingo","timestamp":"2026-01-16 19:46:33"}
{"level":"info","message":"USER: User retrieved (Username: nikokomninos)","service":"pachingo","timestamp":"2026-01-16 19:46:36"}
{"level":"info","message":"USER: User retrieved (Username: nikokomninos)","service":"pachingo","timestamp":"2026-01-16 19:47:22"}
{"level":"info","message":"USER: User retrieved (Username: nikokomninos)","service":"pachingo","timestamp":"2026-01-16 19:49:39"}
{"level":"info","message":"SEARCH: Most recent users retrieved","service":"pachingo","timestamp":"2026-01-16 19:50:05"}
{"level":"info","message":"USER: User retrieved (Username: nikokomninos)","service":"pachingo","timestamp":"2026-01-16 19:50:08"}
{"level":"info","message":"USER: User retrieved (Username: nikokomninos)","service":"pachingo","timestamp":"2026-01-16 19:51:19"}
{"level":"info","message":"SEARCH: Most recent users retrieved","service":"pachingo","timestamp":"2026-01-16 19:51:23"}
{"level":"info","message":"USER: User retrieved (Username: nikokomninos)","service":"pachingo","timestamp":"2026-01-16 19:51:26"}
{"level":"info","message":"USER: User retrieved (Username: nikokomninos)","service":"pachingo","timestamp":"2026-01-16 19:51:39"}
{"level":"info","message":"SEARCH: Most recent users retrieved","service":"pachingo","timestamp":"2026-01-16 19:52:00"}
{"level":"info","message":"SEARCH: Most recent levels retrieved","service":"pachingo","timestamp":"2026-01-16 19:52:18"}
{"level":"info","message":"SEARCH: Most recent users retrieved","service":"pachingo","timestamp":"2026-01-16 19:52:19"}
{"level":"info","message":"USER: User retrieved (Username: nikokomninos)","service":"pachingo","timestamp":"2026-01-16 19:52:53"}
{"level":"info","message":"SEARCH: Most recent levels retrieved","service":"pachingo","timestamp":"2026-01-16 19:52:57"}
{"level":"info","message":"SEARCH: Most recent users retrieved","service":"pachingo","timestamp":"2026-01-16 19:52:59"}
{"level":"info","message":"USER: User retrieved (Username: nikokomninos)","service":"pachingo","timestamp":"2026-01-16 19:53:00"}
{"level":"info","message":"SERVER: Server running on Port 9000","service":"pachingo","timestamp":"2026-01-16 19:54:47"}
{"level":"info","message":"SERVER: MongoDB session connected","service":"pachingo","timestamp":"2026-01-16 19:54:47"}
{"level":"info","message":"SERVER: Server running on Port 9000","service":"pachingo","timestamp":"2026-01-16 19:54:48"}
{"level":"info","message":"SERVER: MongoDB session connected","service":"pachingo","timestamp":"2026-01-16 19:54:49"}
{"level":"info","message":"USER: User retrieved (Username: nikokomninos)","service":"pachingo","timestamp":"2026-01-16 19:54:50"}
{"level":"info","message":"USER: User retrieved (Username: nikokomnino)","service":"pachingo","timestamp":"2026-01-16 19:54:53"}
{"level":"info","message":"USER: User retrieved (Username: nikokomninos)","service":"pachingo","timestamp":"2026-01-16 19:54:54"}
{"level":"info","message":"USER: User retrieved (Username: nikokomnino)","service":"pachingo","timestamp":"2026-01-16 19:56:00"}
{"level":"info","message":"USER: User retrieved (Username: nikokomnino)","service":"pachingo","timestamp":"2026-01-16 19:56:04"}
{"level":"info","message":"USER: User retrieved (Username: nikokomnino)","service":"pachingo","timestamp":"2026-01-16 19:56:52"}
{"level":"info","message":"USER: User retrieved (Username: nikokomnin)","service":"pachingo","timestamp":"2026-01-16 19:56:56"}
{"level":"info","message":"USER: User retrieved (Username: nikokomnin)","service":"pachingo","timestamp":"2026-01-16 19:57:13"}
{"level":"info","message":"USER: User retrieved (Username: nikokomnin)","service":"pachingo","timestamp":"2026-01-16 19:57:14"}
{"level":"info","message":"USER: User retrieved (Username: nikokomnin)","service":"pachingo","timestamp":"2026-01-16 19:57:35"}
{"level":"info","message":"USER: User retrieved (Username: nikokomnin)","service":"pachingo","timestamp":"2026-01-16 19:57:35"}
{"level":"info","message":"USER: User retrieved (Username: nikokomnino)","service":"pachingo","timestamp":"2026-01-16 19:58:02"}
{"level":"info","message":"USER: User retrieved (Username: nikokomnino)","service":"pachingo","timestamp":"2026-01-16 19:58:15"}
{"level":"info","message":"SERVER: Server running on Port 9000","service":"pachingo","timestamp":"2026-01-16 19:58:41"}
{"level":"info","message":"SERVER: MongoDB session connected","service":"pachingo","timestamp":"2026-01-16 19:58:41"}
{"level":"info","message":"USER: User retrieved (Username: nikokomnino)","service":"pachingo","timestamp":"2026-01-16 19:58:41"}
{"level":"info","message":"SERVER: Server running on Port 9000","service":"pachingo","timestamp":"2026-01-16 19:59:52"}
{"level":"info","message":"SERVER: MongoDB session connected","service":"pachingo","timestamp":"2026-01-16 19:59:53"}
{"level":"info","message":"USER: User retrieved (Username: nikokomnino)","service":"pachingo","timestamp":"2026-01-16 19:59:53"}
{"level":"info","message":"SERVER: Server running on Port 9000","service":"pachingo","timestamp":"2026-01-16 20:00:23"}
{"level":"info","message":"SERVER: MongoDB session connected","service":"pachingo","timestamp":"2026-01-16 20:00:23"}
{"level":"info","message":"USER: User retrieved (Username: nikokomnino)","service":"pachingo","timestamp":"2026-01-16 20:00:25"}
{"level":"info","message":"SERVER: Server running on Port 9000","service":"pachingo","timestamp":"2026-01-16 20:00:42"}
{"level":"info","message":"SERVER: MongoDB session connected","service":"pachingo","timestamp":"2026-01-16 20:00:43"}
{"level":"info","message":"SERVER: Server running on Port 9000","service":"pachingo","timestamp":"2026-01-16 20:01:00"}
{"level":"info","message":"SERVER: MongoDB session connected","service":"pachingo","timestamp":"2026-01-16 20:01:01"}
{"level":"info","message":"USER: User retrieved (Username: nikokomnino)","service":"pachingo","timestamp":"2026-01-16 20:01:01"}
{"level":"info","message":"SERVER: Server running on Port 9000","service":"pachingo","timestamp":"2026-01-16 20:01:07"}
{"level":"info","message":"SERVER: MongoDB session connected","service":"pachingo","timestamp":"2026-01-16 20:01:08"}
{"level":"info","message":"USER: User retrieved (Username: nikokomnino)","service":"pachingo","timestamp":"2026-01-16 20:01:08"}
{"level":"info","message":"SERVER: Server running on Port 9000","service":"pachingo","timestamp":"2026-01-16 20:01:11"}
{"level":"info","message":"SERVER: MongoDB session connected","service":"pachingo","timestamp":"2026-01-16 20:01:11"}
{"level":"info","message":"SERVER: Server running on Port 9000","service":"pachingo","timestamp":"2026-01-16 20:02:57"}
{"level":"info","message":"SERVER: MongoDB session connected","service":"pachingo","timestamp":"2026-01-16 20:02:58"}
{"level":"warn","message":"USER: User not found, does not exist (Username: nikokomnino)","service":"pachingo","timestamp":"2026-01-16 20:02:59"}
{"level":"info","message":"USER: User retrieved (Username: nikokomninos)","service":"pachingo","timestamp":"2026-01-16 20:03:18"}
{"level":"warn","message":"USER: User not found, does not exist (Username: nikokomnino)","service":"pachingo","timestamp":"2026-01-16 20:03:21"}
{"level":"warn","message":"USER: User not found, does not exist (Username: nikokomnino)","service":"pachingo","timestamp":"2026-01-16 20:04:53"}
{"level":"info","message":"SEARCH: Most recent levels retrieved","service":"pachingo","timestamp":"2026-01-16 20:04:58"}
{"level":"info","message":"SEARCH: Most recent users retrieved","service":"pachingo","timestamp":"2026-01-16 20:04:59"}
{"level":"info","message":"USER: User retrieved (Username: nikokomninos)","service":"pachingo","timestamp":"2026-01-16 20:05:01"}
{"level":"warn","message":"USER: User not found, does not exist (Username: nikokomnino)","service":"pachingo","timestamp":"2026-01-16 20:05:03"}
{"level":"warn","message":"USER: User not found, does not exist (Username: nikokomnino)","service":"pachingo","timestamp":"2026-01-16 20:06:13"}
{"level":"warn","message":"USER: User not found, does not exist (Username: nikokomnino)","service":"pachingo","timestamp":"2026-01-16 20:06:14"}
{"level":"warn","message":"USER: User not found, does not exist (Username: nikokomnino)","service":"pachingo","timestamp":"2026-01-16 20:06:15"}
{"level":"warn","message":"USER: User not found, does not exist (Username: nikokomnino)","service":"pachingo","timestamp":"2026-01-16 20:07:59"}
{"level":"warn","message":"USER: User not found, does not exist (Username: nikokomnino)","service":"pachingo","timestamp":"2026-01-16 20:08:26"}
{"level":"warn","message":"USER: User not found, does not exist (Username: nikokomnino)","service":"pachingo","timestamp":"2026-01-16 20:08:29"}
{"level":"warn","message":"USER: User not found, does not exist (Username: nikokomnino)","service":"pachingo","timestamp":"2026-01-16 20:09:03"}
{"level":"warn","message":"USER: User not found, does not exist (Username: nikokomnino)","service":"pachingo","timestamp":"2026-01-16 20:10:08"}
{"level":"warn","message":"USER: User not found, does not exist (Username: nikokomnino)","service":"pachingo","timestamp":"2026-01-16 20:10:21"}
{"level":"warn","message":"USER: User not found, does not exist (Username: nikokomnino)","service":"pachingo","timestamp":"2026-01-16 20:10:29"}
{"level":"warn","message":"USER: User not found, does not exist (Username: nikokomnino)","service":"pachingo","timestamp":"2026-01-16 20:11:04"}
{"level":"warn","message":"USER: User not found, does not exist (Username: nikokomnino)","service":"pachingo","timestamp":"2026-01-16 20:11:05"}
{"level":"warn","message":"USER: User not found, does not exist (Username: nikokomnino)","service":"pachingo","timestamp":"2026-01-16 20:11:07"}
{"level":"warn","message":"USER: User not found, does not exist (Username: nikokomnino)","service":"pachingo","timestamp":"2026-01-16 20:11:22"}
{"level":"warn","message":"USER: User not found, does not exist (Username: nikokomnino)","service":"pachingo","timestamp":"2026-01-16 20:16:15"}
{"level":"warn","message":"USER: User not found, does not exist (Username: nikokomnino)","service":"pachingo","timestamp":"2026-01-16 20:16:15"}
{"level":"warn","message":"USER: User not found, does not exist (Username: nikokomnino)","service":"pachingo","timestamp":"2026-01-16 20:16:21"}
{"level":"warn","message":"USER: User not found, does not exist (Username: nikokomnino)","service":"pachingo","timestamp":"2026-01-16 20:16:21"}
{"level":"warn","message":"USER: User not found, does not exist (Username: nikokomnino)","service":"pachingo","timestamp":"2026-01-16 20:17:23"}
{"level":"warn","message":"USER: User not found, does not exist (Username: nikokomnino)","service":"pachingo","timestamp":"2026-01-16 20:17:25"}
{"level":"warn","message":"USER: User not found, does not exist (Username: nikokomnino)","service":"pachingo","timestamp":"2026-01-16 20:18:24"}
{"level":"warn","message":"USER: User not found, does not exist (Username: nikokomnino)","service":"pachingo","timestamp":"2026-01-16 20:18:24"}
{"level":"warn","message":"USER: User not found, does not exist (Username: nikokomnino)","service":"pachingo","timestamp":"2026-01-16 20:18:36"}
{"level":"warn","message":"USER: User not found, does not exist (Username: nikokomnino)","service":"pachingo","timestamp":"2026-01-16 20:18:50"}
{"level":"warn","message":"USER: User not found, does not exist (Username: nikokomnino)","service":"pachingo","timestamp":"2026-01-16 20:19:02"}
{"level":"warn","message":"USER: User not found, does not exist (Username: nikokomnino)","service":"pachingo","timestamp":"2026-01-16 20:19:17"}
{"level":"warn","message":"USER: User not found, does not exist (Username: nikokomnino)","service":"pachingo","timestamp":"2026-01-16 20:19:17"}
{"level":"warn","message":"USER: User not found, does not exist (Username: nikokomnino)","service":"pachingo","timestamp":"2026-01-16 20:20:04"}
{"level":"warn","message":"USER: User not found, does not exist (Username: nikokomnino)","service":"pachingo","timestamp":"2026-01-16 20:20:08"}
{"level":"warn","message":"USER: User not found, does not exist (Username: nikokomnino)","service":"pachingo","timestamp":"2026-01-16 20:20:19"}
{"level":"warn","message":"USER: User not found, does not exist (Username: nikokomnino)","service":"pachingo","timestamp":"2026-01-16 20:20:28"}
{"level":"warn","message":"USER: User not found, does not exist (Username: nikokomnino)","service":"pachingo","timestamp":"2026-01-16 20:20:51"}
{"level":"warn","message":"USER: User not found, does not exist (Username: nikokomnino)","service":"pachingo","timestamp":"2026-01-16 20:21:12"}
{"level":"warn","message":"USER: User not found, does not exist (Username: nikokomnino)","service":"pachingo","timestamp":"2026-01-16 20:21:16"}
{"level":"warn","message":"USER: User not found, does not exist (Username: nikokomnino)","service":"pachingo","timestamp":"2026-01-16 20:21:22"}
{"level":"info","message":"USER: User retrieved (Username: nikokomninos)","service":"pachingo","timestamp":"2026-01-16 20:21:32"}
{"level":"info","message":"USER: User retrieved (Username: nikokomninos)","service":"pachingo","timestamp":"2026-01-16 20:27:29"}
{"level":"info","message":"SERVER: Server running on Port 9000","service":"pachingo","timestamp":"2026-01-16 20:27:57"}
{"level":"info","message":"SERVER: MongoDB session connected","service":"pachingo","timestamp":"2026-01-16 20:27:58"}
{"level":"info","message":"SERVER: Server running on Port 9000","service":"pachingo","timestamp":"2026-01-16 20:28:12"}
{"level":"info","message":"SERVER: MongoDB session connected","service":"pachingo","timestamp":"2026-01-16 20:28:12"}
{"level":"info","message":"SERVER: Server running on Port 9000","service":"pachingo","timestamp":"2026-01-16 20:29:56"}
{"level":"info","message":"SERVER: MongoDB session connected","service":"pachingo","timestamp":"2026-01-16 20:29:57"}
{"level":"info","message":"SERVER: Server running on Port 9000","service":"pachingo","timestamp":"2026-01-16 20:33:15"}
{"level":"info","message":"SERVER: MongoDB session connected","service":"pachingo","timestamp":"2026-01-16 20:33:15"}
{"level":"info","message":"SERVER: Server running on Port 9000","service":"pachingo","timestamp":"2026-01-16 20:36:55"}
{"level":"info","message":"SERVER: MongoDB session connected","service":"pachingo","timestamp":"2026-01-16 20:36:55"}
{"level":"info","message":"SERVER: Server running on Port 9000","service":"pachingo","timestamp":"2026-01-16 20:38:12"}
{"level":"info","message":"SERVER: MongoDB session connected","service":"pachingo","timestamp":"2026-01-16 20:38:12"}
{"level":"info","message":"SERVER: Server running on Port 9000","service":"pachingo","timestamp":"2026-01-16 20:38:14"}
{"level":"info","message":"SERVER: MongoDB session connected","service":"pachingo","timestamp":"2026-01-16 20:38:15"}
{"level":"info","message":"SERVER: Server running on Port 9000","service":"pachingo","timestamp":"2026-01-16 20:38:20"}
{"level":"info","message":"SERVER: MongoDB session connected","service":"pachingo","timestamp":"2026-01-16 20:38:20"}
{"level":"info","message":"AUTH: User Registered (ID: 696ae858dd5167744d953d67, Email: nk@nikokomninos.com, Username: nikokomninos)","service":"pachingo","timestamp":"2026-01-16 20:39:36"}
{"level":"info","message":"AUTH: Verification email sent (To: nk@nikokomninos.com)","service":"pachingo","timestamp":"2026-01-16 20:39:36"}
{"level":"info","message":"AUTH: User Logged In (UserID: 696ae858dd5167744d953d67, IP: )","service":"pachingo","timestamp":"2026-01-16 20:40:53"}
{"level":"info","message":"USER: User retrieved (Username: nikokomninos)","service":"pachingo","timestamp":"2026-01-16 20:41:19"}
{"level":"info","message":"SERVER: Server running on Port 9000","service":"pachingo","timestamp":"2026-01-16 20:42:41"}
{"level":"info","message":"SERVER: MongoDB session connected","service":"pachingo","timestamp":"2026-01-16 20:42:42"}
{"level":"info","message":"SERVER: Server running on Port 9000","service":"pachingo","timestamp":"2026-01-16 20:46:17"}
{"level":"info","message":"SERVER: MongoDB session connected","service":"pachingo","timestamp":"2026-01-16 20:46:18"}
{"level":"info","message":"USER: User retrieved (Username: nikokomninos)","service":"pachingo","timestamp":"2026-01-16 20:47:43"}
{"level":"info","message":"USER: User retrieved (Username: nikokomninos)","service":"pachingo","timestamp":"2026-01-16 20:56:19"}
{"level":"info","message":"SERVER: Server running on Port 9000","service":"pachingo","timestamp":"2026-01-16 20:59:22"}
{"level":"info","message":"SERVER: MongoDB session connected","service":"pachingo","timestamp":"2026-01-16 20:59:22"}
{"level":"info","message":"USER: User levels retrieved (Username: nikokomninos)","service":"pachingo","timestamp":"2026-01-16 21:01:53"}
{"level":"info","message":"USER: User retrieved (Username: nikokomninos)","service":"pachingo","timestamp":"2026-01-16 21:01:59"}
{"level":"info","message":"USER: User levels retrieved (Username: nikokomninos)","service":"pachingo","timestamp":"2026-01-16 21:01:59"}
{"level":"info","message":"USER: User retrieved (Username: nikokomninos)","service":"pachingo","timestamp":"2026-01-16 21:06:09"}
{"level":"info","message":"USER: User levels retrieved (Username: nikokomninos)","service":"pachingo","timestamp":"2026-01-16 21:06:09"}
{"level":"info","message":"USER: User retrieved (Username: nikokomninos)","service":"pachingo","timestamp":"2026-01-16 21:06:49"}
{"level":"info","message":"USER: User levels retrieved (Username: nikokomninos)","service":"pachingo","timestamp":"2026-01-16 21:06:49"}
{"level":"info","message":"USER: User retrieved (Username: nikokomninos)","service":"pachingo","timestamp":"2026-01-16 21:10:58"}
{"level":"info","message":"USER: User levels retrieved (Username: nikokomninos)","service":"pachingo","timestamp":"2026-01-16 21:10:58"}
{"level":"info","message":"SEARCH: Most recent levels retrieved","service":"pachingo","timestamp":"2026-01-16 21:12:51"}
{"level":"info","message":"USER: User retrieved (Username: nikokomninos)","service":"pachingo","timestamp":"2026-01-16 21:13:13"}
{"level":"info","message":"USER: User levels retrieved (Username: nikokomninos)","service":"pachingo","timestamp":"2026-01-16 21:13:13"}
{"level":"info","message":"USER: User retrieved (Username: nikokomninos)","service":"pachingo","timestamp":"2026-01-16 21:22:49"}
{"level":"info","message":"USER: User levels retrieved (Username: nikokomninos)","service":"pachingo","timestamp":"2026-01-16 21:22:49"}
{"level":"info","message":"SEARCH: Most recent levels retrieved","service":"pachingo","timestamp":"2026-01-16 21:23:09"}
{"level":"info","message":"SEARCH: Most recent users retrieved","service":"pachingo","timestamp":"2026-01-16 21:23:12"}
{"level":"info","message":"USER: User retrieved (Username: nikokomninos)","service":"pachingo","timestamp":"2026-01-16 21:23:14"}
{"level":"info","message":"USER: User levels retrieved (Username: nikokomninos)","service":"pachingo","timestamp":"2026-01-16 21:23:14"}
{"level":"info","message":"USER: User retrieved (Username: nikokomninos)","service":"pachingo","timestamp":"2026-01-16 21:23:27"}
{"level":"info","message":"USER: User levels retrieved (Username: nikokomninos)","service":"pachingo","timestamp":"2026-01-16 21:23:27"}
{"level":"info","message":"USER: User retrieved (Username: nikokomninos)","service":"pachingo","timestamp":"2026-01-16 21:23:29"}
{"level":"info","message":"USER: User levels retrieved (Username: nikokomninos)","service":"pachingo","timestamp":"2026-01-16 21:23:29"}
{"level":"info","message":"USER: User retrieved (Username: nikokomninos)","service":"pachingo","timestamp":"2026-01-16 21:23:31"}
{"level":"info","message":"USER: User levels retrieved (Username: nikokomninos)","service":"pachingo","timestamp":"2026-01-16 21:23:31"}
{"level":"info","message":"USER: User retrieved (Username: nikokomninos)","service":"pachingo","timestamp":"2026-01-16 21:23:31"}
{"level":"info","message":"USER: User levels retrieved (Username: nikokomninos)","service":"pachingo","timestamp":"2026-01-16 21:23:31"}
{"level":"info","message":"USER: User retrieved (Username: nikokomninos)","service":"pachingo","timestamp":"2026-01-16 21:26:05"}
{"level":"info","message":"USER: User retrieved (Username: nikokomninos)","service":"pachingo","timestamp":"2026-01-16 21:26:05"}
{"level":"info","message":"USER: User levels retrieved (Username: nikokomninos)","service":"pachingo","timestamp":"2026-01-16 21:26:05"}
{"level":"info","message":"USER: User levels retrieved (Username: nikokomninos)","service":"pachingo","timestamp":"2026-01-16 21:26:05"}
{"level":"info","message":"USER: User retrieved (Username: nikokomninos)","service":"pachingo","timestamp":"2026-01-16 21:26:06"}
{"level":"info","message":"USER: User levels retrieved (Username: nikokomninos)","service":"pachingo","timestamp":"2026-01-16 21:26:06"}
{"level":"info","message":"USER: User retrieved (Username: nikokomninos)","service":"pachingo","timestamp":"2026-01-16 21:26:08"}
{"level":"info","message":"USER: User levels retrieved (Username: nikokomninos)","service":"pachingo","timestamp":"2026-01-16 21:26:08"}
{"level":"info","message":"USER: User retrieved (Username: nikokomninos)","service":"pachingo","timestamp":"2026-01-16 21:26:24"}
{"level":"info","message":"USER: User levels retrieved (Username: nikokomninos)","service":"pachingo","timestamp":"2026-01-16 21:26:24"}
{"level":"info","message":"USER: User retrieved (Username: nikokomninos)","service":"pachingo","timestamp":"2026-01-16 21:26:28"}
{"level":"info","message":"USER: User levels retrieved (Username: nikokomninos)","service":"pachingo","timestamp":"2026-01-16 21:26:28"}
{"level":"info","message":"SERVER: Server running on Port 9000","service":"pachingo","timestamp":"2026-01-16 22:27:30"}
{"level":"info","message":"SERVER: MongoDB session connected","service":"pachingo","timestamp":"2026-01-16 22:27:31"}
{"level":"info","message":"SERVER: Server running on Port 9000","service":"pachingo","timestamp":"2026-01-16 22:34:46"}
{"level":"info","message":"SERVER: MongoDB session connected","service":"pachingo","timestamp":"2026-01-16 22:34:46"}
{"level":"info","message":"SEARCH: Most recent levels retrieved","service":"pachingo","timestamp":"2026-01-16 23:25:31"}
{"level":"info","message":"SEARCH: Most recent users retrieved","service":"pachingo","timestamp":"2026-01-16 23:28:02"}
{"level":"info","message":"SEARCH: Most recent levels retrieved","service":"pachingo","timestamp":"2026-01-16 23:28:09"}
{"level":"info","message":"SEARCH: Most recent users retrieved","service":"pachingo","timestamp":"2026-01-16 23:28:11"}
{"level":"info","message":"SEARCH: Most recent levels retrieved","service":"pachingo","timestamp":"2026-01-16 23:28:59"}
{"level":"info","message":"SEARCH: Most recent users retrieved","service":"pachingo","timestamp":"2026-01-16 23:29:14"}
{"level":"info","message":"SEARCH: Most recent levels retrieved","service":"pachingo","timestamp":"2026-01-16 23:29:16"}
{"level":"info","message":"SEARCH: Most recent users retrieved","service":"pachingo","timestamp":"2026-01-16 23:29:23"}
{"level":"info","message":"SEARCH: Most recent levels retrieved","service":"pachingo","timestamp":"2026-01-16 23:58:49"}
{"level":"info","message":"SEARCH: Most played levels retrieved","service":"pachingo","timestamp":"2026-01-16 23:59:01"}
{"level":"info","message":"SEARCH: Most liked levels retrieved","service":"pachingo","timestamp":"2026-01-16 23:59:02"}
{"level":"info","message":"SEARCH: Most recent levels retrieved","service":"pachingo","timestamp":"2026-01-16 23:59:05"}
{"level":"info","message":"SEARCH: Most recent levels retrieved","service":"pachingo","timestamp":"2026-01-16 23:59:23"}
{"level":"info","message":"SEARCH: Most recent levels retrieved","service":"pachingo","timestamp":"2026-01-16 23:59:30"}
{"level":"info","message":"SEARCH: Most recent levels retrieved","service":"pachingo","timestamp":"2026-01-16 23:59:34"}
{"level":"info","message":"SEARCH: Most recent levels retrieved","service":"pachingo","timestamp":"2026-01-17 00:00:00"}
{"level":"info","message":"SEARCH: Most recent levels retrieved","service":"pachingo","timestamp":"2026-01-17 00:01:08"}
{"level":"info","message":"AUTH: User Logged Out (UserID: 696ae858dd5167744d953d67, IP: )","service":"pachingo","timestamp":"2026-01-17 00:01:13"}
{"level":"info","message":"AUTH: User Logged In (UserID: 696ae858dd5167744d953d67, IP: )","service":"pachingo","timestamp":"2026-01-17 00:01:23"}
{"level":"info","message":"SEARCH: Most recent levels retrieved","service":"pachingo","timestamp":"2026-01-17 00:01:25"}
{"level":"info","message":"SEARCH: Most played levels retrieved","service":"pachingo","timestamp":"2026-01-17 00:01:50"}
{"level":"info","message":"SEARCH: Most recent levels retrieved","service":"pachingo","timestamp":"2026-01-17 00:01:51"}
{"level":"info","message":"SEARCH: Most liked levels retrieved","service":"pachingo","timestamp":"2026-01-17 00:01:52"}
{"level":"info","message":"SEARCH: Most played levels retrieved","service":"pachingo","timestamp":"2026-01-17 00:01:54"}
{"level":"info","message":"SEARCH: Most recent levels retrieved","service":"pachingo","timestamp":"2026-01-17 00:01:55"}
{"level":"info","message":"SEARCH: Most recent levels retrieved","service":"pachingo","timestamp":"2026-01-17 00:02:05"}
{"level":"info","message":"SEARCH: Most recent users retrieved","service":"pachingo","timestamp":"2026-01-17 00:03:10"}
{"level":"info","message":"SEARCH: Most recent users retrieved","service":"pachingo","timestamp":"2026-01-17 00:03:13"}
{"level":"info","message":"SEARCH: Search results retrieved (Type: Level ID, Query: 2)","service":"pachingo","timestamp":"2026-01-17 00:03:22"}
{"level":"info","message":"SEARCH: Search results retrieved (Type: Level ID, Query: 1)","service":"pachingo","timestamp":"2026-01-17 00:03:24"}
{"level":"info","message":"SEARCH: Search results retrieved (Type: Level ID, Query: 12)","service":"pachingo","timestamp":"2026-01-17 00:03:25"}
{"level":"info","message":"SEARCH: Search results retrieved (Type: Level ID, Query: 15)","service":"pachingo","timestamp":"2026-01-17 00:03:28"}
{"level":"info","message":"SEARCH: Most recent levels retrieved","service":"pachingo","timestamp":"2026-01-17 00:03:29"}
{"level":"info","message":"SEARCH: Most recent users retrieved","service":"pachingo","timestamp":"2026-01-17 00:05:24"}
{"level":"info","message":"SEARCH: Most recent levels retrieved","service":"pachingo","timestamp":"2026-01-17 00:05:26"}
{"level":"info","message":"SEARCH: Most recent users retrieved","service":"pachingo","timestamp":"2026-01-17 00:05:27"}
{"level":"info","message":"USER: User retrieved (Username: myName)","service":"pachingo","timestamp":"2026-01-17 00:05:30"}
{"level":"info","message":"SEARCH: Most recent users retrieved","service":"pachingo","timestamp":"2026-01-17 00:05:34"}
{"level":"info","message":"USER: User retrieved (Username: nikokomninos)","service":"pachingo","timestamp":"2026-01-17 00:05:36"}
{"level":"info","message":"USER: User levels retrieved (Username: nikokomninos)","service":"pachingo","timestamp":"2026-01-17 00:05:36"}
{"level":"info","message":"SEARCH: Most recent levels retrieved","service":"pachingo","timestamp":"2026-01-17 00:05:54"}
{"level":"info","message":"SEARCH: Most recent users retrieved","service":"pachingo","timestamp":"2026-01-17 11:30:50"}
{"level":"info","message":"USER: User retrieved (Username: nikokomninos)","service":"pachingo","timestamp":"2026-01-17 11:30:51"}
{"level":"info","message":"USER: User levels retrieved (Username: nikokomninos)","service":"pachingo","timestamp":"2026-01-17 11:30:51"}
{"level":"info","message":"SEARCH: Most recent users retrieved","service":"pachingo","timestamp":"2026-01-17 11:30:53"}
{"level":"info","message":"SEARCH: Most recent levels retrieved","service":"pachingo","timestamp":"2026-01-17 11:30:54"}
{"level":"info","message":"SEARCH: Most recent levels retrieved","service":"pachingo","timestamp":"2026-01-17 11:36:22"}
{"level":"info","message":"SEARCH: Most recent levels retrieved","service":"pachingo","timestamp":"2026-01-17 11:36:24"}
{"level":"info","message":"SEARCH: Most recent levels retrieved","service":"pachingo","timestamp":"2026-01-17 11:36:28"}
{"level":"info","message":"SEARCH: Most recent levels retrieved","service":"pachingo","timestamp":"2026-01-17 11:36:32"}
{"level":"info","message":"SEARCH: Most recent users retrieved","service":"pachingo","timestamp":"2026-01-17 11:37:09"}
{"level":"info","message":"SEARCH: Most recent users retrieved","service":"pachingo","timestamp":"2026-01-17 11:37:16"}
{"level":"info","message":"SEARCH: Most recent users retrieved","service":"pachingo","timestamp":"2026-01-17 11:37:19"}
{"level":"info","message":"SEARCH: Most recent users retrieved","service":"pachingo","timestamp":"2026-01-17 11:37:20"}
{"level":"info","message":"SEARCH: Most recent levels retrieved","service":"pachingo","timestamp":"2026-01-17 11:37:22"}
{"level":"info","message":"SEARCH: Most recent levels retrieved","service":"pachingo","timestamp":"2026-01-17 11:45:33"}
{"level":"info","message":"SEARCH: Most recent levels retrieved","service":"pachingo","timestamp":"2026-01-17 11:45:35"}
{"level":"info","message":"SEARCH: Most recent levels retrieved","service":"pachingo","timestamp":"2026-01-17 11:46:57"}
{"level":"info","message":"USER: User retrieved (Username: testUser)","service":"pachingo","timestamp":"2026-01-17 11:57:47"}
{"level":"info","message":"SEARCH: Most recent levels retrieved","service":"pachingo","timestamp":"2026-01-17 11:57:49"}
{"level":"info","message":"SEARCH: Most recent levels retrieved","service":"pachingo","timestamp":"2026-01-17 11:58:01"}
{"level":"info","message":"SEARCH: Most recent levels retrieved","service":"pachingo","timestamp":"2026-01-17 11:58:05"}
{"level":"info","message":"SEARCH: Most recent levels retrieved","service":"pachingo","timestamp":"2026-01-17 11:58:12"}
{"level":"info","message":"SEARCH: Most recent levels retrieved","service":"pachingo","timestamp":"2026-01-17 11:58:14"}
{"level":"info","message":"SEARCH: Most recent levels retrieved","service":"pachingo","timestamp":"2026-01-17 12:04:30"}
{"level":"info","message":"SEARCH: Most recent levels retrieved","service":"pachingo","timestamp":"2026-01-17 12:04:33"}
{"level":"info","message":"SEARCH: Most recent levels retrieved","service":"pachingo","timestamp":"2026-01-17 12:04:35"}
{"level":"info","message":"SEARCH: Most recent levels retrieved","service":"pachingo","timestamp":"2026-01-17 12:05:19"}
{"level":"info","message":"SEARCH: Most recent levels retrieved","service":"pachingo","timestamp":"2026-01-17 12:09:27"}
{"level":"info","message":"SEARCH: Most recent levels retrieved","service":"pachingo","timestamp":"2026-01-17 12:09:29"}
{"level":"info","message":"SEARCH: Most recent levels retrieved","service":"pachingo","timestamp":"2026-01-17 12:11:40"}
{"level":"info","message":"SEARCH: Most recent levels retrieved","service":"pachingo","timestamp":"2026-01-17 12:13:56"}
{"level":"info","message":"SEARCH: Most recent levels retrieved","service":"pachingo","timestamp":"2026-01-17 12:14:23"}
{"level":"info","message":"SEARCH: Most recent levels retrieved","service":"pachingo","timestamp":"2026-01-17 12:14:53"}
{"level":"info","message":"SEARCH: Most recent levels retrieved","service":"pachingo","timestamp":"2026-01-17 13:08:56"}
{"level":"info","message":"SEARCH: Most recent levels retrieved","service":"pachingo","timestamp":"2026-01-17 13:09:01"}
{"level":"info","message":"USER: User retrieved (Username: nikokomninos)","service":"pachingo","timestamp":"2026-01-17 13:10:30"}
{"level":"info","message":"USER: User levels retrieved (Username: nikokomninos)","service":"pachingo","timestamp":"2026-01-17 13:10:30"}
{"level":"info","message":"SEARCH: Most recent levels retrieved","service":"pachingo","timestamp":"2026-01-17 13:10:32"}
{"level":"info","message":"SEARCH: Most recent levels retrieved","service":"pachingo","timestamp":"2026-01-17 13:11:27"}
{"level":"info","message":"SEARCH: Most recent levels retrieved","service":"pachingo","timestamp":"2026-01-17 13:11:32"}
{"level":"info","message":"SEARCH: Most recent levels retrieved","service":"pachingo","timestamp":"2026-01-17 13:11:35"}
{"level":"info","message":"SERVER: Server running on Port 9000","service":"pachingo","timestamp":"2026-01-17 13:26:29"}
{"level":"info","message":"SERVER: MongoDB session connected","service":"pachingo","timestamp":"2026-01-17 13:26:30"}
{"level":"info","message":"SERVER: Server running on Port 9000","service":"pachingo","timestamp":"2026-01-17 13:28:25"}
{"level":"info","message":"SERVER: MongoDB session connected","service":"pachingo","timestamp":"2026-01-17 13:28:26"}
{"level":"info","message":"SERVER: Server running on Port 9000","service":"pachingo","timestamp":"2026-01-17 13:31:08"}
{"level":"info","message":"SERVER: MongoDB session connected","service":"pachingo","timestamp":"2026-01-17 13:31:08"}
{"level":"info","message":"SERVER: Server running on Port 9000","service":"pachingo","timestamp":"2026-01-17 13:35:56"}
{"level":"info","message":"SERVER: MongoDB session connected","service":"pachingo","timestamp":"2026-01-17 13:35:57"}
{"level":"info","message":"SERVER: Server running on Port 9000","service":"pachingo","timestamp":"2026-01-17 13:36:33"}
{"level":"info","message":"SERVER: MongoDB session connected","service":"pachingo","timestamp":"2026-01-17 13:36:34"}
{"level":"info","message":"SEARCH: Most recent levels retrieved","service":"pachingo","timestamp":"2026-01-17 13:38:42"}
{"level":"info","message":"AUTH: User Logged Out (UserID: 696ae858dd5167744d953d67, IP: )","service":"pachingo","timestamp":"2026-01-17 13:38:45"}
{"level":"info","message":"SEARCH: Most recent levels retrieved","service":"pachingo","timestamp":"2026-01-17 13:38:47"}
{"level":"info","message":"SEARCH: Most recent levels retrieved","service":"pachingo","timestamp":"2026-01-17 13:38:53"}
{"level":"info","message":"SEARCH: Most recent levels retrieved","service":"pachingo","timestamp":"2026-01-17 13:41:33"}
{"level":"info","message":"SEARCH: Most recent levels retrieved","service":"pachingo","timestamp":"2026-01-17 13:42:17"}
{"level":"info","message":"SEARCH: Most recent levels retrieved","service":"pachingo","timestamp":"2026-01-17 13:42:22"}
{"level":"info","message":"SEARCH: Most recent levels retrieved","service":"pachingo","timestamp":"2026-01-17 13:42:45"}
{"level":"info","message":"SEARCH: Most recent levels retrieved","service":"pachingo","timestamp":"2026-01-17 13:43:46"}
{"level":"info","message":"SEARCH: Most recent levels retrieved","service":"pachingo","timestamp":"2026-01-17 13:43:51"}
{"level":"info","message":"SEARCH: Most recent levels retrieved","service":"pachingo","timestamp":"2026-01-17 13:44:11"}
{"level":"info","message":"SEARCH: Most recent levels retrieved","service":"pachingo","timestamp":"2026-01-17 13:51:51"}
{"level":"info","message":"SEARCH: Most recent levels retrieved","service":"pachingo","timestamp":"2026-01-17 13:51:54"}
{"level":"info","message":"SEARCH: Most recent levels retrieved","service":"pachingo","timestamp":"2026-01-17 13:53:31"}
{"level":"info","message":"SEARCH: Most recent levels retrieved","service":"pachingo","timestamp":"2026-01-17 13:53:35"}
{"level":"info","message":"AUTH: User Logged In (UserID: 696ae858dd5167744d953d67, IP: )","service":"pachingo","timestamp":"2026-01-17 13:53:48"}
{"level":"info","message":"SEARCH: Most recent levels retrieved","service":"pachingo","timestamp":"2026-01-17 13:53:50"}
{"level":"info","message":"SEARCH: Most recent levels retrieved","service":"pachingo","timestamp":"2026-01-17 13:53:52"}
{"level":"info","message":"SERVER: Server running on Port 9000","service":"pachingo","timestamp":"2026-01-17 14:02:55"}
{"level":"info","message":"SERVER: MongoDB session connected","service":"pachingo","timestamp":"2026-01-17 14:02:55"}
{"level":"info","message":"SERVER: Server running on Port 9000","service":"pachingo","timestamp":"2026-01-17 14:03:00"}
{"level":"info","message":"SERVER: MongoDB session connected","service":"pachingo","timestamp":"2026-01-17 14:03:00"}
{"level":"info","message":"SEARCH: Most recent levels retrieved","service":"pachingo","timestamp":"2026-01-17 14:09:04"}
{"level":"warn","message":"USER: User not found, does not exist (Username: undefined)","service":"pachingo","timestamp":"2026-01-17 14:09:05"}
{"level":"warn","message":"USER: User liked levels not retrieved, none exist (Username: undefined)","service":"pachingo","timestamp":"2026-01-17 14:09:05"}
{"level":"warn","message":"USER: User not found, does not exist (Username: undefined)","service":"pachingo","timestamp":"2026-01-17 14:09:05"}
{"level":"warn","message":"USER: User liked levels not retrieved, none exist (Username: undefined)","service":"pachingo","timestamp":"2026-01-17 14:09:05"}
{"level":"info","message":"USER: User retrieved (Username: nikokomninos)","service":"pachingo","timestamp":"2026-01-17 14:09:23"}
{"level":"info","message":"USER: User liked levels retrieved (Username: nikokomninos)","service":"pachingo","timestamp":"2026-01-17 14:09:23"}
{"level":"info","message":"USER: User retrieved (Username: nikokomninos)","service":"pachingo","timestamp":"2026-01-17 14:09:28"}
{"level":"info","message":"USER: User liked levels retrieved (Username: nikokomninos)","service":"pachingo","timestamp":"2026-01-17 14:09:28"}
{"level":"info","message":"USER: User retrieved (Username: nikokomninos)","service":"pachingo","timestamp":"2026-01-17 14:09:38"}
{"level":"info","message":"USER: User liked levels retrieved (Username: nikokomninos)","service":"pachingo","timestamp":"2026-01-17 14:09:38"}
{"level":"error","message":"SEARCH: Retrieve most recent levels error: MongoServerSelectionError: getaddrinfo ENOTFOUND ac-h0fij7y-shard-00-01.z6rtbcx.mongodb.net","service":"pachingo","timestamp":"2026-01-17 14:32:54"}
{"level":"info","message":"SEARCH: Most recent levels retrieved","service":"pachingo","timestamp":"2026-01-17 14:33:21"}
{"level":"info","message":"SERVER: Server running on Port 9000","service":"pachingo","timestamp":"2026-01-17 15:14:17"}
{"level":"info","message":"SERVER: MongoDB session connected","service":"pachingo","timestamp":"2026-01-17 15:14:18"}
{"level":"info","message":"SEARCH: Most recent levels retrieved","service":"pachingo","timestamp":"2026-01-17 15:17:48"}
{"level":"info","message":"SEARCH: Most recent levels retrieved","service":"pachingo","timestamp":"2026-01-17 15:19:30"}
{"level":"info","message":"AUTH: User Logged Out (UserID: 696ae858dd5167744d953d67, IP: )","service":"pachingo","timestamp":"2026-01-17 15:22:49"}
{"level":"info","message":"SEARCH: Most recent levels retrieved","service":"pachingo","timestamp":"2026-01-17 15:22:51"}
{"level":"info","message":"SEARCH: Most recent levels retrieved","service":"pachingo","timestamp":"2026-01-17 15:24:19"}
{"level":"info","message":"SEARCH: Most recent levels retrieved","service":"pachingo","timestamp":"2026-01-17 16:06:01"}
{"level":"info","message":"SEARCH: Most recent users retrieved","service":"pachingo","timestamp":"2026-01-17 16:06:03"}
{"level":"info","message":"SEARCH: Most recent levels retrieved","service":"pachingo","timestamp":"2026-01-17 16:06:19"}
{"level":"info","message":"SEARCH: Most recent levels retrieved","service":"pachingo","timestamp":"2026-01-17 16:06:26"}
{"level":"info","message":"AUTH: User Logged In (UserID: 696ae858dd5167744d953d67, IP: )","service":"pachingo","timestamp":"2026-01-17 16:06:36"}
{"level":"info","message":"SEARCH: Most recent levels retrieved","service":"pachingo","timestamp":"2026-01-17 16:06:38"}
{"level":"warn","message":"USER: User not found, does not exist (Username: )","service":"pachingo","timestamp":"2026-01-17 16:06:41"}
{"level":"warn","message":"USER: User not found, does not exist (Username: )","service":"pachingo","timestamp":"2026-01-17 16:06:41"}
{"level":"info","message":"SEARCH: Most recent levels retrieved","service":"pachingo","timestamp":"2026-01-17 16:06:42"}
{"level":"warn","message":"USER: User not found, does not exist (Username: )","service":"pachingo","timestamp":"2026-01-17 16:06:47"}
{"level":"warn","message":"USER: User not found, does not exist (Username: )","service":"pachingo","timestamp":"2026-01-17 16:06:47"}
{"level":"warn","message":"USER: User not found, does not exist (Username: )","service":"pachingo","timestamp":"2026-01-17 16:06:48"}
{"level":"warn","message":"USER: User not found, does not exist (Username: )","service":"pachingo","timestamp":"2026-01-17 16:06:48"}
{"level":"warn","message":"USER: User not found, does not exist (Username: )","service":"pachingo","timestamp":"2026-01-17 16:06:49"}
{"level":"warn","message":"USER: User not found, does not exist (Username: )","service":"pachingo","timestamp":"2026-01-17 16:06:50"}
{"level":"warn","message":"USER: User not found, does not exist (Username: )","service":"pachingo","timestamp":"2026-01-17 16:06:52"}
{"level":"warn","message":"USER: User not found, does not exist (Username: )","service":"pachingo","timestamp":"2026-01-17 16:06:52"}
{"level":"warn","message":"USER: User not found, does not exist (Username: )","service":"pachingo","timestamp":"2026-01-17 16:06:54"}
{"level":"warn","message":"USER: User not found, does not exist (Username: )","service":"pachingo","timestamp":"2026-01-17 16:06:54"}
{"level":"warn","message":"USER: User not found, does not exist (Username: )","service":"pachingo","timestamp":"2026-01-17 16:06:55"}
{"level":"warn","message":"USER: User not found, does not exist (Username: )","service":"pachingo","timestamp":"2026-01-17 16:06:55"}
{"level":"warn","message":"USER: User not found, does not exist (Username: )","service":"pachingo","timestamp":"2026-01-17 16:06:56"}
{"level":"warn","message":"USER: User not found, does not exist (Username: )","service":"pachingo","timestamp":"2026-01-17 16:06:56"}
{"level":"warn","message":"USER: User not found, does not exist (Username: )","service":"pachingo","timestamp":"2026-01-17 16:06:58"}
{"level":"warn","message":"USER: User not found, does not exist (Username: )","service":"pachingo","timestamp":"2026-01-17 16:06:58"}
{"level":"warn","message":"USER: User not found, does not exist (Username: )","service":"pachingo","timestamp":"2026-01-17 16:06:59"}
{"level":"warn","message":"USER: User not found, does not exist (Username: )","service":"pachingo","timestamp":"2026-01-17 16:06:59"}
{"level":"warn","message":"USER: User not found, does not exist (Username: )","service":"pachingo","timestamp":"2026-01-17 16:07:01"}
{"level":"warn","message":"USER: User not found, does not exist (Username: )","service":"pachingo","timestamp":"2026-01-17 16:07:01"}
{"level":"warn","message":"USER: User not found, does not exist (Username: )","service":"pachingo","timestamp":"2026-01-17 16:07:05"}
{"level":"warn","message":"USER: User not found, does not exist (Username: )","service":"pachingo","timestamp":"2026-01-17 16:07:05"}
{"level":"warn","message":"USER: User not found, does not exist (Username: )","service":"pachingo","timestamp":"2026-01-17 16:07:08"}
{"level":"warn","message":"USER: User not found, does not exist (Username: )","service":"pachingo","timestamp":"2026-01-17 16:07:08"}
{"level":"warn","message":"USER: User not found, does not exist (Username: )","service":"pachingo","timestamp":"2026-01-17 16:07:20"}
{"level":"warn","message":"USER: User not found, does not exist (Username: )","service":"pachingo","timestamp":"2026-01-17 16:07:20"}
{"level":"warn","message":"USER: User not found, does not exist (Username: )","service":"pachingo","timestamp":"2026-01-17 16:07:23"}
{"level":"warn","message":"USER: User not found, does not exist (Username: )","service":"pachingo","timestamp":"2026-01-17 16:07:23"}
{"level":"warn","message":"USER: User not found, does not exist (Username: )","service":"pachingo","timestamp":"2026-01-17 16:07:25"}
{"level":"warn","message":"USER: User not found, does not exist (Username: )","service":"pachingo","timestamp":"2026-01-17 16:07:25"}
{"level":"warn","message":"USER: User not found, does not exist (Username: )","service":"pachingo","timestamp":"2026-01-17 16:07:26"}
{"level":"warn","message":"USER: User not found, does not exist (Username: )","service":"pachingo","timestamp":"2026-01-17 16:07:26"}
{"level":"warn","message":"USER: User not found, does not exist (Username: )","service":"pachingo","timestamp":"2026-01-17 16:07:30"}
{"level":"warn","message":"USER: User not found, does not exist (Username: )","service":"pachingo","timestamp":"2026-01-17 16:07:30"}
{"level":"warn","message":"USER: User not found, does not exist (Username: )","service":"pachingo","timestamp":"2026-01-17 16:07:43"}
{"level":"warn","message":"USER: User not found, does not exist (Username: )","service":"pachingo","timestamp":"2026-01-17 16:07:43"}
{"level":"info","message":"USER: User retrieved (Username: nikokomninos)","service":"pachingo","timestamp":"2026-01-17 16:08:07"}
{"level":"info","message":"USER: User retrieved (Username: nikokomninos)","service":"pachingo","timestamp":"2026-01-17 16:08:07"}
{"level":"info","message":"USER: User retrieved (Username: nikokomninos)","service":"pachingo","timestamp":"2026-01-17 16:08:07"}
{"level":"info","message":"USER: User retrieved (Username: nikokomninos)","service":"pachingo","timestamp":"2026-01-17 16:08:07"}
{"level":"info","message":"USER: User retrieved (Username: nikokomninos)","service":"pachingo","timestamp":"2026-01-17 16:08:08"}
{"level":"info","message":"USER: User retrieved (Username: nikokomninos)","service":"pachingo","timestamp":"2026-01-17 16:08:08"}
{"level":"info","message":"USER: User retrieved (Username: nikokomninos)","service":"pachingo","timestamp":"2026-01-17 16:08:08"}
{"level":"info","message":"USER: User retrieved (Username: nikokomninos)","service":"pachingo","timestamp":"2026-01-17 16:08:08"}
{"level":"info","message":"USER: User retrieved (Username: nikokomninos)","service":"pachingo","timestamp":"2026-01-17 16:08:08"}
{"level":"info","message":"USER: User retrieved (Username: nikokomninos)","service":"pachingo","timestamp":"2026-01-17 16:08:08"}
{"level":"info","message":"USER: User retrieved (Username: nikokomninos)","service":"pachingo","timestamp":"2026-01-17 16:08:08"}
{"level":"info","message":"USER: User retrieved (Username: nikokomninos)","service":"pachingo","timestamp":"2026-01-17 16:08:08"}
{"level":"info","message":"USER: User retrieved (Username: nikokomninos)","service":"pachingo","timestamp":"2026-01-17 16:08:08"}
{"level":"info","message":"USER: User retrieved (Username: nikokomninos)","service":"pachingo","timestamp":"2026-01-17 16:08:09"}
{"level":"info","message":"USER: User retrieved (Username: nikokomninos)","service":"pachingo","timestamp":"2026-01-17 16:08:09"}
{"level":"info","message":"USER: User retrieved (Username: nikokomninos)","service":"pachingo","timestamp":"2026-01-17 16:08:09"}
{"level":"info","message":"USER: User retrieved (Username: nikokomninos)","service":"pachingo","timestamp":"2026-01-17 16:08:09"}
{"level":"info","message":"USER: User retrieved (Username: nikokomninos)","service":"pachingo","timestamp":"2026-01-17 16:08:09"}
{"level":"info","message":"USER: User retrieved (Username: nikokomninos)","service":"pachingo","timestamp":"2026-01-17 16:08:09"}
{"level":"info","message":"USER: User retrieved (Username: nikokomninos)","service":"pachingo","timestamp":"2026-01-17 16:08:09"}
{"level":"info","message":"USER: User retrieved (Username: nikokomninos)","service":"pachingo","timestamp":"2026-01-17 16:08:09"}
{"level":"info","message":"USER: User retrieved (Username: nikokomninos)","service":"pachingo","timestamp":"2026-01-17 16:08:09"}
{"level":"info","message":"USER: User retrieved (Username: nikokomninos)","service":"pachingo","timestamp":"2026-01-17 16:08:10"}
{"level":"info","message":"USER: User retrieved (Username: nikokomninos)","service":"pachingo","timestamp":"2026-01-17 16:08:10"}
{"level":"info","message":"USER: User retrieved (Username: nikokomninos)","service":"pachingo","timestamp":"2026-01-17 16:08:10"}
{"level":"info","message":"USER: User retrieved (Username: nikokomninos)","service":"pachingo","timestamp":"2026-01-17 16:08:10"}
{"level":"info","message":"USER: User retrieved (Username: nikokomninos)","service":"pachingo","timestamp":"2026-01-17 16:08:10"}
{"level":"info","message":"USER: User retrieved (Username: nikokomninos)","service":"pachingo","timestamp":"2026-01-17 16:08:10"}
{"level":"info","message":"USER: User retrieved (Username: nikokomninos)","service":"pachingo","timestamp":"2026-01-17 16:08:10"}
{"level":"info","message":"USER: User retrieved (Username: nikokomninos)","service":"pachingo","timestamp":"2026-01-17 16:08:10"}
{"level":"info","message":"SEARCH: Most recent levels retrieved","service":"pachingo","timestamp":"2026-01-17 16:08:12"}
{"level":"info","message":"USER: User retrieved (Username: nikokomninos)","service":"pachingo","timestamp":"2026-01-17 16:08:14"}
{"level":"info","message":"USER: User retrieved (Username: nikokomninos)","service":"pachingo","timestamp":"2026-01-17 16:08:14"}
{"level":"info","message":"USER: User retrieved (Username: nikokomninos)","service":"pachingo","timestamp":"2026-01-17 16:08:14"}
{"level":"info","message":"USER: User retrieved (Username: nikokomninos)","service":"pachingo","timestamp":"2026-01-17 16:08:14"}
{"level":"info","message":"USER: User retrieved (Username: nikokomninos)","service":"pachingo","timestamp":"2026-01-17 16:08:14"}
{"level":"info","message":"USER: User retrieved (Username: nikokomninos)","service":"pachingo","timestamp":"2026-01-17 16:08:14"}
{"level":"info","message":"USER: User retrieved (Username: nikokomninos)","service":"pachingo","timestamp":"2026-01-17 16:08:14"}
{"level":"info","message":"USER: User retrieved (Username: nikokomninos)","service":"pachingo","timestamp":"2026-01-17 16:08:14"}
{"level":"info","message":"USER: User retrieved (Username: nikokomninos)","service":"pachingo","timestamp":"2026-01-17 16:08:14"}
{"level":"info","message":"USER: User retrieved (Username: nikokomninos)","service":"pachingo","timestamp":"2026-01-17 16:08:15"}
{"level":"info","message":"USER: User retrieved (Username: nikokomninos)","service":"pachingo","timestamp":"2026-01-17 16:08:15"}
{"level":"info","message":"USER: User retrieved (Username: nikokomninos)","service":"pachingo","timestamp":"2026-01-17 16:08:15"}
{"level":"info","message":"USER: User retrieved (Username: nikokomninos)","service":"pachingo","timestamp":"2026-01-17 16:08:15"}
{"level":"info","message":"USER: User retrieved (Username: nikokomninos)","service":"pachingo","timestamp":"2026-01-17 16:08:15"}
{"level":"info","message":"USER: User retrieved (Username: nikokomninos)","service":"pachingo","timestamp":"2026-01-17 16:08:15"}
{"level":"info","message":"USER: User retrieved (Username: nikokomninos)","service":"pachingo","timestamp":"2026-01-17 16:08:15"}
{"level":"info","message":"USER: User retrieved (Username: nikokomninos)","service":"pachingo","timestamp":"2026-01-17 16:08:15"}
{"level":"info","message":"USER: User retrieved (Username: nikokomninos)","service":"pachingo","timestamp":"2026-01-17 16:08:15"}
{"level":"info","message":"USER: User retrieved (Username: nikokomninos)","service":"pachingo","timestamp":"2026-01-17 16:08:15"}
{"level":"info","message":"USER: User retrieved (Username: nikokomninos)","service":"pachingo","timestamp":"2026-01-17 16:08:15"}
{"level":"info","message":"USER: User retrieved (Username: nikokomninos)","service":"pachingo","timestamp":"2026-01-17 16:08:15"}
{"level":"info","message":"USER: User retrieved (Username: nikokomninos)","service":"pachingo","timestamp":"2026-01-17 16:08:15"}
{"level":"info","message":"USER: User retrieved (Username: nikokomninos)","service":"pachingo","timestamp":"2026-01-17 16:08:15"}
{"level":"info","message":"USER: User retrieved (Username: nikokomninos)","service":"pachingo","timestamp":"2026-01-17 16:08:15"}
{"level":"info","message":"USER: User retrieved (Username: nikokomninos)","service":"pachingo","timestamp":"2026-01-17 16:08:15"}
{"level":"info","message":"USER: User retrieved (Username: nikokomninos)","service":"pachingo","timestamp":"2026-01-17 16:08:15"}
{"level":"info","message":"USER: User retrieved (Username: nikokomninos)","service":"pachingo","timestamp":"2026-01-17 16:08:15"}
{"level":"info","message":"USER: User retrieved (Username: nikokomninos)","service":"pachingo","timestamp":"2026-01-17 16:08:16"}
{"level":"info","message":"USER: User retrieved (Username: nikokomninos)","service":"pachingo","timestamp":"2026-01-17 16:08:16"}
{"level":"info","message":"USER: User retrieved (Username: nikokomninos)","service":"pachingo","timestamp":"2026-01-17 16:08:16"}
{"level":"info","message":"USER: User retrieved (Username: nikokomninos)","service":"pachingo","timestamp":"2026-01-17 16:08:16"}
{"level":"info","message":"USER: User retrieved (Username: nikokomninos)","service":"pachingo","timestamp":"2026-01-17 16:08:16"}
{"level":"info","message":"USER: User retrieved (Username: nikokomninos)","service":"pachingo","timestamp":"2026-01-17 16:08:16"}
{"level":"info","message":"USER: User retrieved (Username: nikokomninos)","service":"pachingo","timestamp":"2026-01-17 16:08:16"}
{"level":"info","message":"USER: User retrieved (Username: nikokomninos)","service":"pachingo","timestamp":"2026-01-17 16:08:16"}
{"level":"info","message":"USER: User retrieved (Username: nikokomninos)","service":"pachingo","timestamp":"2026-01-17 16:08:16"}
{"level":"info","message":"USER: User retrieved (Username: nikokomninos)","service":"pachingo","timestamp":"2026-01-17 16:08:16"}
{"level":"info","message":"USER: User retrieved (Username: nikokomninos)","service":"pachingo","timestamp":"2026-01-17 16:08:16"}
{"level":"info","message":"USER: User retrieved (Username: nikokomninos)","service":"pachingo","timestamp":"2026-01-17 16:08:16"}
{"level":"info","message":"USER: User retrieved (Username: nikokomninos)","service":"pachingo","timestamp":"2026-01-17 16:08:16"}
{"level":"info","message":"USER: User retrieved (Username: nikokomninos)","service":"pachingo","timestamp":"2026-01-17 16:08:16"}
{"level":"info","message":"USER: User retrieved (Username: nikokomninos)","service":"pachingo","timestamp":"2026-01-17 16:08:16"}
{"level":"info","message":"USER: User retrieved (Username: nikokomninos)","service":"pachingo","timestamp":"2026-01-17 16:08:16"}
{"level":"info","message":"USER: User retrieved (Username: nikokomninos)","service":"pachingo","timestamp":"2026-01-17 16:08:16"}
{"level":"info","message":"USER: User retrieved (Username: nikokomninos)","service":"pachingo","timestamp":"2026-01-17 16:08:16"}
{"level":"info","message":"USER: User retrieved (Username: nikokomninos)","service":"pachingo","timestamp":"2026-01-17 16:08:17"}
{"level":"info","message":"USER: User retrieved (Username: nikokomninos)","service":"pachingo","timestamp":"2026-01-17 16:08:17"}
{"level":"info","message":"USER: User retrieved (Username: nikokomninos)","service":"pachingo","timestamp":"2026-01-17 16:08:17"}
{"level":"info","message":"USER: User retrieved (Username: nikokomninos)","service":"pachingo","timestamp":"2026-01-17 16:08:17"}
{"level":"info","message":"USER: User retrieved (Username: nikokomninos)","service":"pachingo","timestamp":"2026-01-17 16:08:17"}
{"level":"info","message":"USER: User retrieved (Username: nikokomninos)","service":"pachingo","timestamp":"2026-01-17 16:08:17"}
{"level":"info","message":"USER: User retrieved (Username: nikokomninos)","service":"pachingo","timestamp":"2026-01-17 16:08:17"}
{"level":"info","message":"USER: User retrieved (Username: nikokomninos)","service":"pachingo","timestamp":"2026-01-17 16:08:17"}
{"level":"info","message":"USER: User retrieved (Username: nikokomninos)","service":"pachingo","timestamp":"2026-01-17 16:08:17"}
{"level":"info","message":"USER: User retrieved (Username: nikokomninos)","service":"pachingo","timestamp":"2026-01-17 16:08:17"}
{"level":"info","message":"USER: User retrieved (Username: nikokomninos)","service":"pachingo","timestamp":"2026-01-17 16:08:17"}
{"level":"info","message":"USER: User retrieved (Username: nikokomninos)","service":"pachingo","timestamp":"2026-01-17 16:08:17"}
{"level":"info","message":"USER: User retrieved (Username: nikokomninos)","service":"pachingo","timestamp":"2026-01-17 16:08:17"}
{"level":"info","message":"USER: User retrieved (Username: nikokomninos)","service":"pachingo","timestamp":"2026-01-17 16:08:17"}
{"level":"info","message":"USER: User retrieved (Username: nikokomninos)","service":"pachingo","timestamp":"2026-01-17 16:08:17"}
{"level":"info","message":"USER: User retrieved (Username: nikokomninos)","service":"pachingo","timestamp":"2026-01-17 16:08:17"}
{"level":"info","message":"USER: User retrieved (Username: nikokomninos)","service":"pachingo","timestamp":"2026-01-17 16:08:17"}
{"level":"info","message":"USER: User retrieved (Username: nikokomninos)","service":"pachingo","timestamp":"2026-01-17 16:08:17"}
{"level":"info","message":"USER: User retrieved (Username: nikokomninos)","service":"pachingo","timestamp":"2026-01-17 16:08:18"}
{"level":"info","message":"USER: User retrieved (Username: nikokomninos)","service":"pachingo","timestamp":"2026-01-17 16:08:18"}
{"level":"info","message":"USER: User retrieved (Username: nikokomninos)","service":"pachingo","timestamp":"2026-01-17 16:08:18"}
{"level":"info","message":"USER: User retrieved (Username: nikokomninos)","service":"pachingo","timestamp":"2026-01-17 16:08:18"}
{"level":"info","message":"USER: User retrieved (Username: nikokomninos)","service":"pachingo","timestamp":"2026-01-17 16:08:18"}
{"level":"info","message":"USER: User retrieved (Username: nikokomninos)","service":"pachingo","timestamp":"2026-01-17 16:08:18"}
{"level":"info","message":"USER: User retrieved (Username: nikokomninos)","service":"pachingo","timestamp":"2026-01-17 16:08:18"}
{"level":"info","message":"USER: User retrieved (Username: nikokomninos)","service":"pachingo","timestamp":"2026-01-17 16:08:18"}
{"level":"info","message":"USER: User retrieved (Username: nikokomninos)","service":"pachingo","timestamp":"2026-01-17 16:08:18"}
{"level":"info","message":"USER: User retrieved (Username: nikokomninos)","service":"pachingo","timestamp":"2026-01-17 16:08:18"}
{"level":"info","message":"USER: User retrieved (Username: nikokomninos)","service":"pachingo","timestamp":"2026-01-17 16:08:18"}
{"level":"info","message":"USER: User retrieved (Username: nikokomninos)","service":"pachingo","timestamp":"2026-01-17 16:08:18"}
{"level":"info","message":"USER: User retrieved (Username: nikokomninos)","service":"pachingo","timestamp":"2026-01-17 16:08:18"}
{"level":"info","message":"USER: User retrieved (Username: nikokomninos)","service":"pachingo","timestamp":"2026-01-17 16:08:18"}
{"level":"info","message":"USER: User retrieved (Username: nikokomninos)","service":"pachingo","timestamp":"2026-01-17 16:08:18"}
{"level":"info","message":"USER: User retrieved (Username: nikokomninos)","service":"pachingo","timestamp":"2026-01-17 16:08:19"}
{"level":"info","message":"USER: User retrieved (Username: nikokomninos)","service":"pachingo","timestamp":"2026-01-17 16:08:19"}
{"level":"info","message":"USER: User retrieved (Username: nikokomninos)","service":"pachingo","timestamp":"2026-01-17 16:08:19"}
{"level":"info","message":"USER: User retrieved (Username: nikokomninos)","service":"pachingo","timestamp":"2026-01-17 16:08:19"}
{"level":"info","message":"USER: User retrieved (Username: nikokomninos)","service":"pachingo","timestamp":"2026-01-17 16:08:19"}
{"level":"info","message":"USER: User retrieved (Username: nikokomninos)","service":"pachingo","timestamp":"2026-01-17 16:08:19"}
{"level":"info","message":"USER: User retrieved (Username: nikokomninos)","service":"pachingo","timestamp":"2026-01-17 16:08:19"}
{"level":"info","message":"USER: User retrieved (Username: nikokomninos)","service":"pachingo","timestamp":"2026-01-17 16:08:19"}
{"level":"info","message":"USER: User retrieved (Username: nikokomninos)","service":"pachingo","timestamp":"2026-01-17 16:08:19"}
{"level":"info","message":"USER: User retrieved (Username: nikokomninos)","service":"pachingo","timestamp":"2026-01-17 16:08:19"}
{"level":"info","message":"USER: User retrieved (Username: nikokomninos)","service":"pachingo","timestamp":"2026-01-17 16:08:19"}
{"level":"info","message":"USER: User retrieved (Username: nikokomninos)","service":"pachingo","timestamp":"2026-01-17 16:08:19"}
{"level":"info","message":"USER: User retrieved (Username: nikokomninos)","service":"pachingo","timestamp":"2026-01-17 16:08:19"}
{"level":"info","message":"USER: User retrieved (Username: nikokomninos)","service":"pachingo","timestamp":"2026-01-17 16:08:19"}
{"level":"info","message":"USER: User retrieved (Username: nikokomninos)","service":"pachingo","timestamp":"2026-01-17 16:08:19"}
{"level":"info","message":"USER: User retrieved (Username: nikokomninos)","service":"pachingo","timestamp":"2026-01-17 16:08:19"}
{"level":"info","message":"USER: User retrieved (Username: nikokomninos)","service":"pachingo","timestamp":"2026-01-17 16:08:19"}
{"level":"info","message":"USER: User retrieved (Username: nikokomninos)","service":"pachingo","timestamp":"2026-01-17 16:08:20"}
{"level":"info","message":"USER: User retrieved (Username: nikokomninos)","service":"pachingo","timestamp":"2026-01-17 16:08:20"}
{"level":"info","message":"USER: User retrieved (Username: nikokomninos)","service":"pachingo","timestamp":"2026-01-17 16:08:20"}
{"level":"info","message":"USER: User retrieved (Username: nikokomninos)","service":"pachingo","timestamp":"2026-01-17 16:08:20"}
{"level":"info","message":"USER: User retrieved (Username: nikokomninos)","service":"pachingo","timestamp":"2026-01-17 16:08:20"}
{"level":"info","message":"USER: User retrieved (Username: nikokomninos)","service":"pachingo","timestamp":"2026-01-17 16:08:20"}
{"level":"info","message":"USER: User retrieved (Username: nikokomninos)","service":"pachingo","timestamp":"2026-01-17 16:08:20"}
{"level":"info","message":"USER: User retrieved (Username: nikokomninos)","service":"pachingo","timestamp":"2026-01-17 16:08:20"}
{"level":"info","message":"USER: User retrieved (Username: nikokomninos)","service":"pachingo","timestamp":"2026-01-17 16:08:20"}
{"level":"info","message":"USER: User retrieved (Username: nikokomninos)","service":"pachingo","timestamp":"2026-01-17 16:08:20"}
{"level":"info","message":"USER: User retrieved (Username: nikokomninos)","service":"pachingo","timestamp":"2026-01-17 16:08:20"}
{"level":"info","message":"USER: User retrieved (Username: nikokomninos)","service":"pachingo","timestamp":"2026-01-17 16:08:20"}
{"level":"info","message":"USER: User retrieved (Username: nikokomninos)","service":"pachingo","timestamp":"2026-01-17 16:08:20"}
{"level":"info","message":"USER: User retrieved (Username: nikokomninos)","service":"pachingo","timestamp":"2026-01-17 16:08:20"}
{"level":"info","message":"USER: User retrieved (Username: nikokomninos)","service":"pachingo","timestamp":"2026-01-17 16:08:20"}
{"level":"info","message":"USER: User retrieved (Username: nikokomninos)","service":"pachingo","timestamp":"2026-01-17 16:08:20"}
{"level":"info","message":"USER: User retrieved (Username: nikokomninos)","service":"pachingo","timestamp":"2026-01-17 16:08:20"}
{"level":"info","message":"USER: User retrieved (Username: nikokomninos)","service":"pachingo","timestamp":"2026-01-17 16:08:20"}
{"level":"info","message":"USER: User retrieved (Username: nikokomninos)","service":"pachingo","timestamp":"2026-01-17 16:08:21"}
{"level":"info","message":"USER: User retrieved (Username: nikokomninos)","service":"pachingo","timestamp":"2026-01-17 16:08:21"}
{"level":"info","message":"USER: User retrieved (Username: nikokomninos)","service":"pachingo","timestamp":"2026-01-17 16:08:21"}
{"level":"info","message":"USER: User retrieved (Username: nikokomninos)","service":"pachingo","timestamp":"2026-01-17 16:08:21"}
{"level":"info","message":"USER: User retrieved (Username: nikokomninos)","service":"pachingo","timestamp":"2026-01-17 16:08:21"}
{"level":"info","message":"USER: User retrieved (Username: nikokomninos)","service":"pachingo","timestamp":"2026-01-17 16:08:21"}
{"level":"info","message":"USER: User retrieved (Username: nikokomninos)","service":"pachingo","timestamp":"2026-01-17 16:08:21"}
{"level":"info","message":"USER: User retrieved (Username: nikokomninos)","service":"pachingo","timestamp":"2026-01-17 16:08:21"}
{"level":"info","message":"USER: User retrieved (Username: nikokomninos)","service":"pachingo","timestamp":"2026-01-17 16:08:21"}
{"level":"info","message":"USER: User retrieved (Username: nikokomninos)","service":"pachingo","timestamp":"2026-01-17 16:08:21"}
{"level":"info","message":"USER: User retrieved (Username: nikokomninos)","service":"pachingo","timestamp":"2026-01-17 16:08:21"}
{"level":"info","message":"USER: User retrieved (Username: nikokomninos)","service":"pachingo","timestamp":"2026-01-17 16:08:21"}
{"level":"info","message":"USER: User retrieved (Username: nikokomninos)","service":"pachingo","timestamp":"2026-01-17 16:08:21"}
{"level":"info","message":"USER: User retrieved (Username: nikokomninos)","service":"pachingo","timestamp":"2026-01-17 16:08:21"}
{"level":"info","message":"USER: User retrieved (Username: nikokomninos)","service":"pachingo","timestamp":"2026-01-17 16:08:21"}
{"level":"info","message":"USER: User retrieved (Username: nikokomninos)","service":"pachingo","timestamp":"2026-01-17 16:08:21"}
{"level":"info","message":"USER: User retrieved (Username: nikokomninos)","service":"pachingo","timestamp":"2026-01-17 16:08:21"}
{"level":"info","message":"USER: User retrieved (Username: nikokomninos)","service":"pachingo","timestamp":"2026-01-17 16:08:22"}
{"level":"info","message":"USER: User retrieved (Username: nikokomninos)","service":"pachingo","timestamp":"2026-01-17 16:08:22"}
{"level":"info","message":"USER: User retrieved (Username: nikokomninos)","service":"pachingo","timestamp":"2026-01-17 16:08:22"}
{"level":"info","message":"USER: User retrieved (Username: nikokomninos)","service":"pachingo","timestamp":"2026-01-17 16:08:22"}
{"level":"info","message":"USER: User retrieved (Username: nikokomninos)","service":"pachingo","timestamp":"2026-01-17 16:08:22"}
{"level":"info","message":"USER: User retrieved (Username: nikokomninos)","service":"pachingo","timestamp":"2026-01-17 16:08:22"}
{"level":"info","message":"USER: User retrieved (Username: nikokomninos)","service":"pachingo","timestamp":"2026-01-17 16:08:22"}
{"level":"info","message":"USER: User retrieved (Username: nikokomninos)","service":"pachingo","timestamp":"2026-01-17 16:08:22"}
{"level":"info","message":"USER: User retrieved (Username: nikokomninos)","service":"pachingo","timestamp":"2026-01-17 16:08:22"}
{"level":"info","message":"USER: User retrieved (Username: nikokomninos)","service":"pachingo","timestamp":"2026-01-17 16:08:22"}
{"level":"info","message":"USER: User retrieved (Username: nikokomninos)","service":"pachingo","timestamp":"2026-01-17 16:08:22"}
{"level":"info","message":"USER: User retrieved (Username: nikokomninos)","service":"pachingo","timestamp":"2026-01-17 16:08:22"}
{"level":"info","message":"USER: User retrieved (Username: nikokomninos)","service":"pachingo","timestamp":"2026-01-17 16:08:22"}
{"level":"info","message":"USER: User retrieved (Username: nikokomninos)","service":"pachingo","timestamp":"2026-01-17 16:08:22"}
{"level":"info","message":"USER: User retrieved (Username: nikokomninos)","service":"pachingo","timestamp":"2026-01-17 16:08:22"}
{"level":"info","message":"USER: User retrieved (Username: nikokomninos)","service":"pachingo","timestamp":"2026-01-17 16:08:22"}
{"level":"info","message":"USER: User retrieved (Username: nikokomninos)","service":"pachingo","timestamp":"2026-01-17 16:08:22"}
{"level":"info","message":"USER: User retrieved (Username: nikokomninos)","service":"pachingo","timestamp":"2026-01-17 16:08:22"}
{"level":"info","message":"USER: User retrieved (Username: nikokomninos)","service":"pachingo","timestamp":"2026-01-17 16:08:23"}
{"level":"info","message":"USER: User retrieved (Username: nikokomninos)","service":"pachingo","timestamp":"2026-01-17 16:08:23"}
{"level":"info","message":"USER: User retrieved (Username: nikokomninos)","service":"pachingo","timestamp":"2026-01-17 16:08:23"}
{"level":"info","message":"USER: User retrieved (Username: nikokomninos)","service":"pachingo","timestamp":"2026-01-17 16:08:23"}
{"level":"info","message":"USER: User retrieved (Username: nikokomninos)","service":"pachingo","timestamp":"2026-01-17 16:08:23"}
{"level":"info","message":"USER: User retrieved (Username: nikokomninos)","service":"pachingo","timestamp":"2026-01-17 16:08:23"}
{"level":"info","message":"USER: User retrieved (Username: nikokomninos)","service":"pachingo","timestamp":"2026-01-17 16:08:23"}
{"level":"info","message":"USER: User retrieved (Username: nikokomninos)","service":"pachingo","timestamp":"2026-01-17 16:08:23"}
{"level":"info","message":"USER: User retrieved (Username: nikokomninos)","service":"pachingo","timestamp":"2026-01-17 16:08:23"}
{"level":"info","message":"USER: User retrieved (Username: nikokomninos)","service":"pachingo","timestamp":"2026-01-17 16:08:23"}
{"level":"info","message":"USER: User retrieved (Username: nikokomninos)","service":"pachingo","timestamp":"2026-01-17 16:08:23"}
{"level":"info","message":"USER: User retrieved (Username: nikokomninos)","service":"pachingo","timestamp":"2026-01-17 16:08:23"}
{"level":"info","message":"USER: User retrieved (Username: nikokomninos)","service":"pachingo","timestamp":"2026-01-17 16:08:23"}
{"level":"info","message":"USER: User retrieved (Username: nikokomninos)","service":"pachingo","timestamp":"2026-01-17 16:08:23"}
{"level":"info","message":"USER: User retrieved (Username: nikokomninos)","service":"pachingo","timestamp":"2026-01-17 16:08:23"}
{"level":"info","message":"USER: User retrieved (Username: nikokomninos)","service":"pachingo","timestamp":"2026-01-17 16:08:24"}
{"level":"info","message":"USER: User retrieved (Username: nikokomninos)","service":"pachingo","timestamp":"2026-01-17 16:08:24"}
{"level":"info","message":"USER: User retrieved (Username: nikokomninos)","service":"pachingo","timestamp":"2026-01-17 16:08:24"}
{"level":"info","message":"USER: User retrieved (Username: nikokomninos)","service":"pachingo","timestamp":"2026-01-17 16:08:24"}
{"level":"info","message":"USER: User retrieved (Username: nikokomninos)","service":"pachingo","timestamp":"2026-01-17 16:08:24"}
{"level":"info","message":"USER: User retrieved (Username: nikokomninos)","service":"pachingo","timestamp":"2026-01-17 16:08:24"}
{"level":"info","message":"USER: User retrieved (Username: nikokomninos)","service":"pachingo","timestamp":"2026-01-17 16:08:24"}
{"level":"info","message":"USER: User retrieved (Username: nikokomninos)","service":"pachingo","timestamp":"2026-01-17 16:08:24"}
{"level":"info","message":"USER: User retrieved (Username: nikokomninos)","service":"pachingo","timestamp":"2026-01-17 16:08:24"}
{"level":"info","message":"USER: User retrieved (Username: nikokomninos)","service":"pachingo","timestamp":"2026-01-17 16:08:24"}
{"level":"info","message":"USER: User retrieved (Username: nikokomninos)","service":"pachingo","timestamp":"2026-01-17 16:08:24"}
{"level":"info","message":"USER: User retrieved (Username: nikokomninos)","service":"pachingo","timestamp":"2026-01-17 16:08:24"}
{"level":"info","message":"USER: User retrieved (Username: nikokomninos)","service":"pachingo","timestamp":"2026-01-17 16:08:24"}
{"level":"info","message":"USER: User retrieved (Username: nikokomninos)","service":"pachingo","timestamp":"2026-01-17 16:08:24"}
{"level":"info","message":"USER: User retrieved (Username: nikokomninos)","service":"pachingo","timestamp":"2026-01-17 16:08:24"}
{"level":"info","message":"USER: User retrieved (Username: nikokomninos)","service":"pachingo","timestamp":"2026-01-17 16:08:24"}
{"level":"info","message":"USER: User retrieved (Username: nikokomninos)","service":"pachingo","timestamp":"2026-01-17 16:08:25"}
{"level":"info","message":"USER: User retrieved (Username: nikokomninos)","service":"pachingo","timestamp":"2026-01-17 16:08:25"}
{"level":"info","message":"USER: User retrieved (Username: nikokomninos)","service":"pachingo","timestamp":"2026-01-17 16:08:25"}
{"level":"info","message":"USER: User retrieved (Username: nikokomninos)","service":"pachingo","timestamp":"2026-01-17 16:08:25"}
{"level":"info","message":"USER: User retrieved (Username: nikokomninos)","service":"pachingo","timestamp":"2026-01-17 16:08:25"}
{"level":"info","message":"USER: User retrieved (Username: nikokomninos)","service":"pachingo","timestamp":"2026-01-17 16:08:25"}
{"level":"info","message":"USER: User retrieved (Username: nikokomninos)","service":"pachingo","timestamp":"2026-01-17 16:08:25"}
{"level":"info","message":"USER: User retrieved (Username: nikokomninos)","service":"pachingo","timestamp":"2026-01-17 16:08:25"}
{"level":"info","message":"USER: User retrieved (Username: nikokomninos)","service":"pachingo","timestamp":"2026-01-17 16:08:25"}
{"level":"info","message":"USER: User retrieved (Username: nikokomninos)","service":"pachingo","timestamp":"2026-01-17 16:08:25"}
{"level":"info","message":"USER: User retrieved (Username: nikokomninos)","service":"pachingo","timestamp":"2026-01-17 16:08:25"}
{"level":"info","message":"USER: User retrieved (Username: nikokomninos)","service":"pachingo","timestamp":"2026-01-17 16:08:25"}
{"level":"info","message":"USER: User retrieved (Username: nikokomninos)","service":"pachingo","timestamp":"2026-01-17 16:08:25"}
{"level":"info","message":"USER: User retrieved (Username: nikokomninos)","service":"pachingo","timestamp":"2026-01-17 16:08:25"}
{"level":"info","message":"USER: User retrieved (Username: nikokomninos)","service":"pachingo","timestamp":"2026-01-17 16:08:25"}
{"level":"info","message":"USER: User retrieved (Username: nikokomninos)","service":"pachingo","timestamp":"2026-01-17 16:08:25"}
{"level":"info","message":"USER: User retrieved (Username: nikokomninos)","service":"pachingo","timestamp":"2026-01-17 16:08:25"}
{"level":"info","message":"USER: User retrieved (Username: nikokomninos)","service":"pachingo","timestamp":"2026-01-17 16:08:25"}
{"level":"info","message":"USER: User retrieved (Username: nikokomninos)","service":"pachingo","timestamp":"2026-01-17 16:08:26"}
{"level":"info","message":"USER: User retrieved (Username: nikokomninos)","service":"pachingo","timestamp":"2026-01-17 16:08:26"}
{"level":"info","message":"USER: User retrieved (Username: nikokomninos)","service":"pachingo","timestamp":"2026-01-17 16:08:26"}
{"level":"info","message":"USER: User retrieved (Username: nikokomninos)","service":"pachingo","timestamp":"2026-01-17 16:08:26"}
{"level":"info","message":"USER: User retrieved (Username: nikokomninos)","service":"pachingo","timestamp":"2026-01-17 16:08:26"}
{"level":"info","message":"USER: User retrieved (Username: nikokomninos)","service":"pachingo","timestamp":"2026-01-17 16:08:26"}
{"level":"info","message":"USER: User retrieved (Username: nikokomninos)","service":"pachingo","timestamp":"2026-01-17 16:08:26"}
{"level":"info","message":"USER: User retrieved (Username: nikokomninos)","service":"pachingo","timestamp":"2026-01-17 16:08:26"}
{"level":"info","message":"USER: User retrieved (Username: nikokomninos)","service":"pachingo","timestamp":"2026-01-17 16:08:26"}
{"level":"info","message":"USER: User retrieved (Username: nikokomninos)","service":"pachingo","timestamp":"2026-01-17 16:08:26"}
{"level":"info","message":"USER: User retrieved (Username: nikokomninos)","service":"pachingo","timestamp":"2026-01-17 16:08:26"}
{"level":"info","message":"USER: User retrieved (Username: nikokomninos)","service":"pachingo","timestamp":"2026-01-17 16:08:26"}
{"level":"info","message":"USER: User retrieved (Username: nikokomninos)","service":"pachingo","timestamp":"2026-01-17 16:08:26"}
{"level":"info","message":"USER: User retrieved (Username: nikokomninos)","service":"pachingo","timestamp":"2026-01-17 16:08:26"}
{"level":"info","message":"USER: User retrieved (Username: nikokomninos)","service":"pachingo","timestamp":"2026-01-17 16:08:26"}
{"level":"info","message":"USER: User retrieved (Username: nikokomninos)","service":"pachingo","timestamp":"2026-01-17 16:08:26"}
{"level":"info","message":"USER: User retrieved (Username: nikokomninos)","service":"pachingo","timestamp":"2026-01-17 16:08:26"}
{"level":"info","message":"USER: User retrieved (Username: nikokomninos)","service":"pachingo","timestamp":"2026-01-17 16:08:27"}
{"level":"info","message":"USER: User retrieved (Username: nikokomninos)","service":"pachingo","timestamp":"2026-01-17 16:08:27"}
{"level":"info","message":"USER: User retrieved (Username: nikokomninos)","service":"pachingo","timestamp":"2026-01-17 16:08:27"}
{"level":"info","message":"USER: User retrieved (Username: nikokomninos)","service":"pachingo","timestamp":"2026-01-17 16:08:27"}
{"level":"info","message":"USER: User retrieved (Username: nikokomninos)","service":"pachingo","timestamp":"2026-01-17 16:08:27"}
{"level":"info","message":"USER: User retrieved (Username: nikokomninos)","service":"pachingo","timestamp":"2026-01-17 16:08:27"}
{"level":"info","message":"USER: User retrieved (Username: nikokomninos)","service":"pachingo","timestamp":"2026-01-17 16:08:27"}
{"level":"info","message":"USER: User retrieved (Username: nikokomninos)","service":"pachingo","timestamp":"2026-01-17 16:08:27"}
{"level":"info","message":"USER: User retrieved (Username: nikokomninos)","service":"pachingo","timestamp":"2026-01-17 16:08:27"}
{"level":"info","message":"USER: User retrieved (Username: nikokomninos)","service":"pachingo","timestamp":"2026-01-17 16:08:27"}
{"level":"info","message":"USER: User retrieved (Username: nikokomninos)","service":"pachingo","timestamp":"2026-01-17 16:08:27"}
{"level":"info","message":"USER: User retrieved (Username: nikokomninos)","service":"pachingo","timestamp":"2026-01-17 16:08:27"}
{"level":"info","message":"USER: User retrieved (Username: nikokomninos)","service":"pachingo","timestamp":"2026-01-17 16:08:27"}
{"level":"info","message":"USER: User retrieved (Username: nikokomninos)","service":"pachingo","timestamp":"2026-01-17 16:08:27"}
{"level":"info","message":"USER: User retrieved (Username: nikokomninos)","service":"pachingo","timestamp":"2026-01-17 16:08:27"}
{"level":"info","message":"USER: User retrieved (Username: nikokomninos)","service":"pachingo","timestamp":"2026-01-17 16:08:27"}
{"level":"info","message":"USER: User retrieved (Username: nikokomninos)","service":"pachingo","timestamp":"2026-01-17 16:08:27"}
{"level":"info","message":"USER: User retrieved (Username: nikokomninos)","service":"pachingo","timestamp":"2026-01-17 16:08:27"}
{"level":"info","message":"USER: User retrieved (Username: nikokomninos)","service":"pachingo","timestamp":"2026-01-17 16:08:27"}
{"level":"info","message":"USER: User retrieved (Username: nikokomninos)","service":"pachingo","timestamp":"2026-01-17 16:08:28"}
{"level":"info","message":"USER: User retrieved (Username: nikokomninos)","service":"pachingo","timestamp":"2026-01-17 16:08:28"}
{"level":"info","message":"USER: User retrieved (Username: nikokomninos)","service":"pachingo","timestamp":"2026-01-17 16:08:28"}
{"level":"info","message":"USER: User retrieved (Username: nikokomninos)","service":"pachingo","timestamp":"2026-01-17 16:08:28"}
{"level":"info","message":"USER: User retrieved (Username: nikokomninos)","service":"pachingo","timestamp":"2026-01-17 16:08:28"}
{"level":"info","message":"USER: User retrieved (Username: nikokomninos)","service":"pachingo","timestamp":"2026-01-17 16:08:28"}
{"level":"info","message":"USER: User retrieved (Username: nikokomninos)","service":"pachingo","timestamp":"2026-01-17 16:08:28"}
{"level":"info","message":"USER: User retrieved (Username: nikokomninos)","service":"pachingo","timestamp":"2026-01-17 16:08:28"}
{"level":"info","message":"USER: User retrieved (Username: nikokomninos)","service":"pachingo","timestamp":"2026-01-17 16:08:28"}
{"level":"info","message":"USER: User retrieved (Username: nikokomninos)","service":"pachingo","timestamp":"2026-01-17 16:08:28"}
{"level":"info","message":"USER: User retrieved (Username: nikokomninos)","service":"pachingo","timestamp":"2026-01-17 16:08:28"}
{"level":"info","message":"USER: User retrieved (Username: nikokomninos)","service":"pachingo","timestamp":"2026-01-17 16:08:28"}
{"level":"info","message":"USER: User retrieved (Username: nikokomninos)","service":"pachingo","timestamp":"2026-01-17 16:08:28"}
{"level":"info","message":"USER: User retrieved (Username: nikokomninos)","service":"pachingo","timestamp":"2026-01-17 16:08:28"}
{"level":"info","message":"USER: User retrieved (Username: nikokomninos)","service":"pachingo","timestamp":"2026-01-17 16:08:29"}
{"level":"info","message":"USER: User retrieved (Username: nikokomninos)","service":"pachingo","timestamp":"2026-01-17 16:08:29"}
{"level":"info","message":"USER: User retrieved (Username: nikokomninos)","service":"pachingo","timestamp":"2026-01-17 16:08:29"}
{"level":"info","message":"USER: User retrieved (Username: nikokomninos)","service":"pachingo","timestamp":"2026-01-17 16:08:29"}
{"level":"info","message":"USER: User retrieved (Username: nikokomninos)","service":"pachingo","timestamp":"2026-01-17 16:08:29"}
{"level":"info","message":"USER: User retrieved (Username: nikokomninos)","service":"pachingo","timestamp":"2026-01-17 16:08:29"}
{"level":"info","message":"USER: User retrieved (Username: nikokomninos)","service":"pachingo","timestamp":"2026-01-17 16:08:29"}
{"level":"info","message":"USER: User retrieved (Username: nikokomninos)","service":"pachingo","timestamp":"2026-01-17 16:08:29"}
{"level":"info","message":"USER: User retrieved (Username: nikokomninos)","service":"pachingo","timestamp":"2026-01-17 16:08:29"}
{"level":"info","message":"USER: User retrieved (Username: nikokomninos)","service":"pachingo","timestamp":"2026-01-17 16:08:29"}
{"level":"info","message":"USER: User retrieved (Username: nikokomninos)","service":"pachingo","timestamp":"2026-01-17 16:08:29"}
{"level":"info","message":"USER: User retrieved (Username: nikokomninos)","service":"pachingo","timestamp":"2026-01-17 16:08:29"}
{"level":"info","message":"USER: User retrieved (Username: nikokomninos)","service":"pachingo","timestamp":"2026-01-17 16:08:29"}
{"level":"info","message":"USER: User retrieved (Username: nikokomninos)","service":"pachingo","timestamp":"2026-01-17 16:08:29"}
{"level":"info","message":"USER: User retrieved (Username: nikokomninos)","service":"pachingo","timestamp":"2026-01-17 16:08:29"}
{"level":"info","message":"USER: User retrieved (Username: nikokomninos)","service":"pachingo","timestamp":"2026-01-17 16:08:29"}
{"level":"info","message":"USER: User retrieved (Username: nikokomninos)","service":"pachingo","timestamp":"2026-01-17 16:08:29"}
{"level":"info","message":"USER: User retrieved (Username: nikokomninos)","service":"pachingo","timestamp":"2026-01-17 16:08:30"}
{"level":"info","message":"USER: User retrieved (Username: nikokomninos)","service":"pachingo","timestamp":"2026-01-17 16:08:30"}
{"level":"info","message":"USER: User retrieved (Username: nikokomninos)","service":"pachingo","timestamp":"2026-01-17 16:08:30"}
{"level":"info","message":"USER: User retrieved (Username: nikokomninos)","service":"pachingo","timestamp":"2026-01-17 16:08:30"}
{"level":"info","message":"USER: User retrieved (Username: nikokomninos)","service":"pachingo","timestamp":"2026-01-17 16:08:30"}
{"level":"info","message":"USER: User retrieved (Username: nikokomninos)","service":"pachingo","timestamp":"2026-01-17 16:08:30"}
{"level":"info","message":"USER: User retrieved (Username: nikokomninos)","service":"pachingo","timestamp":"2026-01-17 16:08:30"}
{"level":"info","message":"USER: User retrieved (Username: nikokomninos)","service":"pachingo","timestamp":"2026-01-17 16:08:30"}
{"level":"info","message":"USER: User retrieved (Username: nikokomninos)","service":"pachingo","timestamp":"2026-01-17 16:08:30"}
{"level":"info","message":"USER: User retrieved (Username: nikokomninos)","service":"pachingo","timestamp":"2026-01-17 16:08:30"}
{"level":"info","message":"USER: User retrieved (Username: nikokomninos)","service":"pachingo","timestamp":"2026-01-17 16:08:30"}
{"level":"info","message":"USER: User retrieved (Username: nikokomninos)","service":"pachingo","timestamp":"2026-01-17 16:08:30"}
{"level":"info","message":"USER: User retrieved (Username: nikokomninos)","service":"pachingo","timestamp":"2026-01-17 16:08:30"}
{"level":"info","message":"USER: User retrieved (Username: nikokomninos)","service":"pachingo","timestamp":"2026-01-17 16:08:30"}
{"level":"info","message":"USER: User retrieved (Username: nikokomninos)","service":"pachingo","timestamp":"2026-01-17 16:08:30"}
{"level":"info","message":"USER: User retrieved (Username: nikokomninos)","service":"pachingo","timestamp":"2026-01-17 16:08:30"}
{"level":"info","message":"USER: User retrieved (Username: nikokomninos)","service":"pachingo","timestamp":"2026-01-17 16:08:30"}
{"level":"info","message":"USER: User retrieved (Username: nikokomninos)","service":"pachingo","timestamp":"2026-01-17 16:08:31"}
{"level":"info","message":"USER: User retrieved (Username: nikokomninos)","service":"pachingo","timestamp":"2026-01-17 16:08:31"}
{"level":"info","message":"USER: User retrieved (Username: nikokomninos)","service":"pachingo","timestamp":"2026-01-17 16:08:31"}
{"level":"info","message":"USER: User retrieved (Username: nikokomninos)","service":"pachingo","timestamp":"2026-01-17 16:08:31"}
{"level":"info","message":"USER: User retrieved (Username: nikokomninos)","service":"pachingo","timestamp":"2026-01-17 16:08:31"}
{"level":"info","message":"USER: User retrieved (Username: nikokomninos)","service":"pachingo","timestamp":"2026-01-17 16:08:31"}
{"level":"info","message":"USER: User retrieved (Username: nikokomninos)","service":"pachingo","timestamp":"2026-01-17 16:08:31"}
{"level":"info","message":"USER: User retrieved (Username: nikokomninos)","service":"pachingo","timestamp":"2026-01-17 16:08:31"}
{"level":"info","message":"USER: User retrieved (Username: nikokomninos)","service":"pachingo","timestamp":"2026-01-17 16:08:31"}
{"level":"info","message":"USER: User retrieved (Username: nikokomninos)","service":"pachingo","timestamp":"2026-01-17 16:08:31"}
{"level":"info","message":"USER: User retrieved (Username: nikokomninos)","service":"pachingo","timestamp":"2026-01-17 16:08:31"}
{"level":"info","message":"USER: User retrieved (Username: nikokomninos)","service":"pachingo","timestamp":"2026-01-17 16:08:31"}
{"level":"info","message":"USER: User retrieved (Username: nikokomninos)","service":"pachingo","timestamp":"2026-01-17 16:08:31"}
{"level":"info","message":"USER: User retrieved (Username: nikokomninos)","service":"pachingo","timestamp":"2026-01-17 16:08:31"}
{"level":"info","message":"USER: User retrieved (Username: nikokomninos)","service":"pachingo","timestamp":"2026-01-17 16:08:31"}
{"level":"info","message":"USER: User retrieved (Username: nikokomninos)","service":"pachingo","timestamp":"2026-01-17 16:08:31"}
{"level":"info","message":"USER: User retrieved (Username: nikokomninos)","service":"pachingo","timestamp":"2026-01-17 16:08:32"}
{"level":"info","message":"USER: User retrieved (Username: nikokomninos)","service":"pachingo","timestamp":"2026-01-17 16:08:32"}
{"level":"info","message":"USER: User retrieved (Username: nikokomninos)","service":"pachingo","timestamp":"2026-01-17 16:08:32"}
{"level":"info","message":"USER: User retrieved (Username: nikokomninos)","service":"pachingo","timestamp":"2026-01-17 16:08:32"}
{"level":"info","message":"USER: User retrieved (Username: nikokomninos)","service":"pachingo","timestamp":"2026-01-17 16:08:32"}
{"level":"info","message":"USER: User retrieved (Username: nikokomninos)","service":"pachingo","timestamp":"2026-01-17 16:08:32"}
{"level":"info","message":"USER: User retrieved (Username: nikokomninos)","service":"pachingo","timestamp":"2026-01-17 16:08:32"}
{"level":"info","message":"USER: User retrieved (Username: nikokomninos)","service":"pachingo","timestamp":"2026-01-17 16:08:32"}
{"level":"info","message":"USER: User retrieved (Username: nikokomninos)","service":"pachingo","timestamp":"2026-01-17 16:08:32"}
{"level":"info","message":"USER: User retrieved (Username: nikokomninos)","service":"pachingo","timestamp":"2026-01-17 16:08:32"}
{"level":"info","message":"USER: User retrieved (Username: nikokomninos)","service":"pachingo","timestamp":"2026-01-17 16:08:32"}
{"level":"info","message":"USER: User retrieved (Username: nikokomninos)","service":"pachingo","timestamp":"2026-01-17 16:08:32"}
{"level":"info","message":"USER: User retrieved (Username: nikokomninos)","service":"pachingo","timestamp":"2026-01-17 16:08:32"}
{"level":"info","message":"USER: User retrieved (Username: nikokomninos)","service":"pachingo","timestamp":"2026-01-17 16:08:32"}
{"level":"info","message":"USER: User retrieved (Username: nikokomninos)","service":"pachingo","timestamp":"2026-01-17 16:08:32"}
{"level":"info","message":"USER: User retrieved (Username: nikokomninos)","service":"pachingo","timestamp":"2026-01-17 16:08:33"}
{"level":"info","message":"USER: User retrieved (Username: nikokomninos)","service":"pachingo","timestamp":"2026-01-17 16:08:33"}
{"level":"info","message":"USER: User retrieved (Username: nikokomninos)","service":"pachingo","timestamp":"2026-01-17 16:08:33"}
{"level":"info","message":"USER: User retrieved (Username: nikokomninos)","service":"pachingo","timestamp":"2026-01-17 16:08:33"}
{"level":"info","message":"USER: User retrieved (Username: nikokomninos)","service":"pachingo","timestamp":"2026-01-17 16:08:33"}
{"level":"info","message":"USER: User retrieved (Username: nikokomninos)","service":"pachingo","timestamp":"2026-01-17 16:08:33"}
{"level":"info","message":"USER: User retrieved (Username: nikokomninos)","service":"pachingo","timestamp":"2026-01-17 16:08:33"}
{"level":"info","message":"USER: User retrieved (Username: nikokomninos)","service":"pachingo","timestamp":"2026-01-17 16:08:33"}
{"level":"info","message":"USER: User retrieved (Username: nikokomninos)","service":"pachingo","timestamp":"2026-01-17 16:08:33"}
{"level":"info","message":"USER: User retrieved (Username: nikokomninos)","service":"pachingo","timestamp":"2026-01-17 16:08:33"}
{"level":"info","message":"USER: User retrieved (Username: nikokomninos)","service":"pachingo","timestamp":"2026-01-17 16:08:33"}
{"level":"info","message":"USER: User retrieved (Username: nikokomninos)","service":"pachingo","timestamp":"2026-01-17 16:08:33"}
{"level":"info","message":"USER: User retrieved (Username: nikokomninos)","service":"pachingo","timestamp":"2026-01-17 16:08:33"}
{"level":"info","message":"USER: User retrieved (Username: nikokomninos)","service":"pachingo","timestamp":"2026-01-17 16:08:33"}
{"level":"info","message":"USER: User retrieved (Username: nikokomninos)","service":"pachingo","timestamp":"2026-01-17 16:08:33"}
{"level":"info","message":"USER: User retrieved (Username: nikokomninos)","service":"pachingo","timestamp":"2026-01-17 16:08:33"}
{"level":"info","message":"USER: User retrieved (Username: nikokomninos)","service":"pachingo","timestamp":"2026-01-17 16:08:33"}
{"level":"info","message":"USER: User retrieved (Username: nikokomninos)","service":"pachingo","timestamp":"2026-01-17 16:08:33"}
{"level":"info","message":"USER: User retrieved (Username: nikokomninos)","service":"pachingo","timestamp":"2026-01-17 16:08:34"}
{"level":"info","message":"USER: User retrieved (Username: nikokomninos)","service":"pachingo","timestamp":"2026-01-17 16:08:34"}
{"level":"info","message":"USER: User retrieved (Username: nikokomninos)","service":"pachingo","timestamp":"2026-01-17 16:08:34"}
{"level":"info","message":"USER: User retrieved (Username: nikokomninos)","service":"pachingo","timestamp":"2026-01-17 16:08:34"}
{"level":"info","message":"USER: User retrieved (Username: nikokomninos)","service":"pachingo","timestamp":"2026-01-17 16:08:34"}
{"level":"info","message":"USER: User retrieved (Username: nikokomninos)","service":"pachingo","timestamp":"2026-01-17 16:08:34"}
{"level":"info","message":"USER: User retrieved (Username: nikokomninos)","service":"pachingo","timestamp":"2026-01-17 16:08:34"}
{"level":"info","message":"USER: User retrieved (Username: nikokomninos)","service":"pachingo","timestamp":"2026-01-17 16:08:34"}
{"level":"info","message":"USER: User retrieved (Username: nikokomninos)","service":"pachingo","timestamp":"2026-01-17 16:08:34"}
{"level":"info","message":"USER: User retrieved (Username: nikokomninos)","service":"pachingo","timestamp":"2026-01-17 16:08:34"}
{"level":"info","message":"USER: User retrieved (Username: nikokomninos)","service":"pachingo","timestamp":"2026-01-17 16:08:34"}
{"level":"info","message":"USER: User retrieved (Username: nikokomninos)","service":"pachingo","timestamp":"2026-01-17 16:08:34"}
{"level":"info","message":"USER: User retrieved (Username: nikokomninos)","service":"pachingo","timestamp":"2026-01-17 16:08:34"}
{"level":"info","message":"USER: User retrieved (Username: nikokomninos)","service":"pachingo","timestamp":"2026-01-17 16:08:34"}
{"level":"info","message":"USER: User retrieved (Username: nikokomninos)","service":"pachingo","timestamp":"2026-01-17 16:08:34"}
{"level":"info","message":"USER: User retrieved (Username: nikokomninos)","service":"pachingo","timestamp":"2026-01-17 16:08:34"}
{"level":"info","message":"USER: User retrieved (Username: nikokomninos)","service":"pachingo","timestamp":"2026-01-17 16:08:35"}
{"level":"info","message":"USER: User retrieved (Username: nikokomninos)","service":"pachingo","timestamp":"2026-01-17 16:08:35"}
{"level":"info","message":"USER: User retrieved (Username: nikokomninos)","service":"pachingo","timestamp":"2026-01-17 16:08:35"}
{"level":"info","message":"USER: User retrieved (Username: nikokomninos)","service":"pachingo","timestamp":"2026-01-17 16:08:35"}
{"level":"info","message":"USER: User retrieved (Username: nikokomninos)","service":"pachingo","timestamp":"2026-01-17 16:08:35"}
{"level":"info","message":"USER: User retrieved (Username: nikokomninos)","service":"pachingo","timestamp":"2026-01-17 16:08:35"}
{"level":"info","message":"USER: User retrieved (Username: nikokomninos)","service":"pachingo","timestamp":"2026-01-17 16:08:35"}
{"level":"info","message":"USER: User retrieved (Username: nikokomninos)","service":"pachingo","timestamp":"2026-01-17 16:08:35"}
{"level":"info","message":"USER: User retrieved (Username: nikokomninos)","service":"pachingo","timestamp":"2026-01-17 16:08:35"}
{"level":"info","message":"USER: User retrieved (Username: nikokomninos)","service":"pachingo","timestamp":"2026-01-17 16:08:35"}
{"level":"info","message":"USER: User retrieved (Username: nikokomninos)","service":"pachingo","timestamp":"2026-01-17 16:08:35"}
{"level":"info","message":"USER: User retrieved (Username: nikokomninos)","service":"pachingo","timestamp":"2026-01-17 16:08:35"}
{"level":"info","message":"USER: User retrieved (Username: nikokomninos)","service":"pachingo","timestamp":"2026-01-17 16:08:35"}
{"level":"info","message":"USER: User retrieved (Username: nikokomninos)","service":"pachingo","timestamp":"2026-01-17 16:08:35"}
{"level":"info","message":"USER: User retrieved (Username: nikokomninos)","service":"pachingo","timestamp":"2026-01-17 16:08:35"}
{"level":"info","message":"USER: User retrieved (Username: nikokomninos)","service":"pachingo","timestamp":"2026-01-17 16:08:35"}
{"level":"info","message":"USER: User retrieved (Username: nikokomninos)","service":"pachingo","timestamp":"2026-01-17 16:08:35"}
{"level":"info","message":"USER: User retrieved (Username: nikokomninos)","service":"pachingo","timestamp":"2026-01-17 16:08:35"}
{"level":"info","message":"USER: User retrieved (Username: nikokomninos)","service":"pachingo","timestamp":"2026-01-17 16:08:36"}
{"level":"info","message":"USER: User retrieved (Username: nikokomninos)","service":"pachingo","timestamp":"2026-01-17 16:08:36"}
{"level":"info","message":"USER: User retrieved (Username: nikokomninos)","service":"pachingo","timestamp":"2026-01-17 16:08:36"}
{"level":"info","message":"USER: User retrieved (Username: nikokomninos)","service":"pachingo","timestamp":"2026-01-17 16:08:36"}
{"level":"info","message":"USER: User retrieved (Username: nikokomninos)","service":"pachingo","timestamp":"2026-01-17 16:08:36"}
{"level":"info","message":"USER: User retrieved (Username: nikokomninos)","service":"pachingo","timestamp":"2026-01-17 16:08:36"}
{"level":"info","message":"USER: User retrieved (Username: nikokomninos)","service":"pachingo","timestamp":"2026-01-17 16:08:36"}
{"level":"info","message":"USER: User retrieved (Username: nikokomninos)","service":"pachingo","timestamp":"2026-01-17 16:08:36"}
{"level":"info","message":"USER: User retrieved (Username: nikokomninos)","service":"pachingo","timestamp":"2026-01-17 16:08:36"}
{"level":"info","message":"USER: User retrieved (Username: nikokomninos)","service":"pachingo","timestamp":"2026-01-17 16:08:36"}
{"level":"info","message":"USER: User retrieved (Username: nikokomninos)","service":"pachingo","timestamp":"2026-01-17 16:08:36"}
{"level":"info","message":"USER: User retrieved (Username: nikokomninos)","service":"pachingo","timestamp":"2026-01-17 16:08:36"}
{"level":"info","message":"USER: User retrieved (Username: nikokomninos)","service":"pachingo","timestamp":"2026-01-17 16:08:36"}
{"level":"info","message":"USER: User retrieved (Username: nikokomninos)","service":"pachingo","timestamp":"2026-01-17 16:08:36"}
{"level":"info","message":"USER: User retrieved (Username: nikokomninos)","service":"pachingo","timestamp":"2026-01-17 16:08:36"}
{"level":"info","message":"USER: User retrieved (Username: nikokomninos)","service":"pachingo","timestamp":"2026-01-17 16:08:36"}
{"level":"info","message":"USER: User retrieved (Username: nikokomninos)","service":"pachingo","timestamp":"2026-01-17 16:08:36"}
{"level":"info","message":"USER: User retrieved (Username: nikokomninos)","service":"pachingo","timestamp":"2026-01-17 16:08:37"}
{"level":"info","message":"USER: User retrieved (Username: nikokomninos)","service":"pachingo","timestamp":"2026-01-17 16:08:37"}
{"level":"info","message":"USER: User retrieved (Username: nikokomninos)","service":"pachingo","timestamp":"2026-01-17 16:08:37"}
{"level":"info","message":"USER: User retrieved (Username: nikokomninos)","service":"pachingo","timestamp":"2026-01-17 16:08:37"}
{"level":"info","message":"USER: User retrieved (Username: nikokomninos)","service":"pachingo","timestamp":"2026-01-17 16:08:37"}
{"level":"info","message":"USER: User retrieved (Username: nikokomninos)","service":"pachingo","timestamp":"2026-01-17 16:08:37"}
{"level":"info","message":"USER: User retrieved (Username: nikokomninos)","service":"pachingo","timestamp":"2026-01-17 16:08:37"}
{"level":"info","message":"USER: User retrieved (Username: nikokomninos)","service":"pachingo","timestamp":"2026-01-17 16:08:37"}
{"level":"info","message":"USER: User retrieved (Username: nikokomninos)","service":"pachingo","timestamp":"2026-01-17 16:08:37"}
{"level":"info","message":"USER: User retrieved (Username: nikokomninos)","service":"pachingo","timestamp":"2026-01-17 16:08:37"}
{"level":"info","message":"USER: User retrieved (Username: nikokomninos)","service":"pachingo","timestamp":"2026-01-17 16:08:37"}
{"level":"info","message":"USER: User retrieved (Username: nikokomninos)","service":"pachingo","timestamp":"2026-01-17 16:08:37"}
{"level":"info","message":"USER: User retrieved (Username: nikokomninos)","service":"pachingo","timestamp":"2026-01-17 16:08:37"}
{"level":"info","message":"USER: User retrieved (Username: nikokomninos)","service":"pachingo","timestamp":"2026-01-17 16:08:37"}
{"level":"info","message":"USER: User retrieved (Username: nikokomninos)","service":"pachingo","timestamp":"2026-01-17 16:08:37"}
{"level":"info","message":"USER: User retrieved (Username: nikokomninos)","service":"pachingo","timestamp":"2026-01-17 16:08:37"}
{"level":"info","message":"USER: User retrieved (Username: nikokomninos)","service":"pachingo","timestamp":"2026-01-17 16:08:37"}
{"level":"info","message":"USER: User retrieved (Username: nikokomninos)","service":"pachingo","timestamp":"2026-01-17 16:08:38"}
{"level":"info","message":"USER: User retrieved (Username: nikokomninos)","service":"pachingo","timestamp":"2026-01-17 16:08:38"}
{"level":"info","message":"USER: User retrieved (Username: nikokomninos)","service":"pachingo","timestamp":"2026-01-17 16:08:38"}
{"level":"info","message":"USER: User retrieved (Username: nikokomninos)","service":"pachingo","timestamp":"2026-01-17 16:08:38"}
{"level":"info","message":"USER: User retrieved (Username: nikokomninos)","service":"pachingo","timestamp":"2026-01-17 16:08:38"}
{"level":"info","message":"USER: User retrieved (Username: nikokomninos)","service":"pachingo","timestamp":"2026-01-17 16:08:38"}
{"level":"info","message":"USER: User retrieved (Username: nikokomninos)","service":"pachingo","timestamp":"2026-01-17 16:08:38"}
{"level":"info","message":"USER: User retrieved (Username: nikokomninos)","service":"pachingo","timestamp":"2026-01-17 16:08:38"}
{"level":"info","message":"USER: User retrieved (Username: nikokomninos)","service":"pachingo","timestamp":"2026-01-17 16:08:38"}
{"level":"info","message":"USER: User retrieved (Username: nikokomninos)","service":"pachingo","timestamp":"2026-01-17 16:08:38"}
{"level":"info","message":"USER: User retrieved (Username: nikokomninos)","service":"pachingo","timestamp":"2026-01-17 16:08:38"}
{"level":"info","message":"USER: User retrieved (Username: nikokomninos)","service":"pachingo","timestamp":"2026-01-17 16:08:38"}
{"level":"info","message":"USER: User retrieved (Username: nikokomninos)","service":"pachingo","timestamp":"2026-01-17 16:08:38"}
{"level":"info","message":"USER: User retrieved (Username: nikokomninos)","service":"pachingo","timestamp":"2026-01-17 16:08:38"}
{"level":"info","message":"USER: User retrieved (Username: nikokomninos)","service":"pachingo","timestamp":"2026-01-17 16:08:38"}
{"level":"info","message":"USER: User retrieved (Username: nikokomninos)","service":"pachingo","timestamp":"2026-01-17 16:08:39"}
{"level":"info","message":"USER: User retrieved (Username: nikokomninos)","service":"pachingo","timestamp":"2026-01-17 16:08:39"}
{"level":"info","message":"USER: User retrieved (Username: nikokomninos)","service":"pachingo","timestamp":"2026-01-17 16:08:39"}
{"level":"info","message":"USER: User retrieved (Username: nikokomninos)","service":"pachingo","timestamp":"2026-01-17 16:08:39"}
{"level":"info","message":"USER: User retrieved (Username: nikokomninos)","service":"pachingo","timestamp":"2026-01-17 16:08:39"}
{"level":"info","message":"USER: User retrieved (Username: nikokomninos)","service":"pachingo","timestamp":"2026-01-17 16:08:39"}
{"level":"info","message":"USER: User retrieved (Username: nikokomninos)","service":"pachingo","timestamp":"2026-01-17 16:08:39"}
{"level":"info","message":"USER: User retrieved (Username: nikokomninos)","service":"pachingo","timestamp":"2026-01-17 16:08:39"}
{"level":"info","message":"USER: User retrieved (Username: nikokomninos)","service":"pachingo","timestamp":"2026-01-17 16:08:39"}
{"level":"info","message":"USER: User retrieved (Username: nikokomninos)","service":"pachingo","timestamp":"2026-01-17 16:08:39"}
{"level":"info","message":"USER: User retrieved (Username: nikokomninos)","service":"pachingo","timestamp":"2026-01-17 16:08:39"}
{"level":"info","message":"USER: User retrieved (Username: nikokomninos)","service":"pachingo","timestamp":"2026-01-17 16:08:39"}
{"level":"info","message":"USER: User retrieved (Username: nikokomninos)","service":"pachingo","timestamp":"2026-01-17 16:08:39"}
{"level":"info","message":"USER: User retrieved (Username: nikokomninos)","service":"pachingo","timestamp":"2026-01-17 16:08:39"}
{"level":"info","message":"USER: User retrieved (Username: nikokomninos)","service":"pachingo","timestamp":"2026-01-17 16:08:39"}
{"level":"info","message":"USER: User retrieved (Username: nikokomninos)","service":"pachingo","timestamp":"2026-01-17 16:08:39"}
{"level":"info","message":"USER: User retrieved (Username: nikokomninos)","service":"pachingo","timestamp":"2026-01-17 16:08:39"}
{"level":"info","message":"USER: User retrieved (Username: nikokomninos)","service":"pachingo","timestamp":"2026-01-17 16:08:40"}
{"level":"info","message":"USER: User retrieved (Username: nikokomninos)","service":"pachingo","timestamp":"2026-01-17 16:08:40"}
{"level":"info","message":"USER: User retrieved (Username: nikokomninos)","service":"pachingo","timestamp":"2026-01-17 16:08:40"}
{"level":"info","message":"USER: User retrieved (Username: nikokomninos)","service":"pachingo","timestamp":"2026-01-17 16:08:40"}
{"level":"info","message":"USER: User retrieved (Username: nikokomninos)","service":"pachingo","timestamp":"2026-01-17 16:08:40"}
{"level":"info","message":"USER: User retrieved (Username: nikokomninos)","service":"pachingo","timestamp":"2026-01-17 16:08:40"}
{"level":"info","message":"USER: User retrieved (Username: nikokomninos)","service":"pachingo","timestamp":"2026-01-17 16:08:40"}
{"level":"info","message":"USER: User retrieved (Username: nikokomninos)","service":"pachingo","timestamp":"2026-01-17 16:08:40"}
{"level":"info","message":"USER: User retrieved (Username: nikokomninos)","service":"pachingo","timestamp":"2026-01-17 16:08:40"}
{"level":"info","message":"USER: User retrieved (Username: nikokomninos)","service":"pachingo","timestamp":"2026-01-17 16:08:40"}
{"level":"info","message":"USER: User retrieved (Username: nikokomninos)","service":"pachingo","timestamp":"2026-01-17 16:08:40"}
{"level":"info","message":"USER: User retrieved (Username: nikokomninos)","service":"pachingo","timestamp":"2026-01-17 16:08:40"}
{"level":"info","message":"USER: User retrieved (Username: nikokomninos)","service":"pachingo","timestamp":"2026-01-17 16:08:40"}
{"level":"info","message":"USER: User retrieved (Username: nikokomninos)","service":"pachingo","timestamp":"2026-01-17 16:08:40"}
{"level":"info","message":"USER: User retrieved (Username: nikokomninos)","service":"pachingo","timestamp":"2026-01-17 16:08:40"}
{"level":"info","message":"USER: User retrieved (Username: nikokomninos)","service":"pachingo","timestamp":"2026-01-17 16:08:40"}
{"level":"info","message":"USER: User retrieved (Username: nikokomninos)","service":"pachingo","timestamp":"2026-01-17 16:08:40"}
{"level":"info","message":"USER: User retrieved (Username: nikokomninos)","service":"pachingo","timestamp":"2026-01-17 16:08:41"}
{"level":"info","message":"USER: User retrieved (Username: nikokomninos)","service":"pachingo","timestamp":"2026-01-17 16:08:41"}
{"level":"info","message":"USER: User retrieved (Username: nikokomninos)","service":"pachingo","timestamp":"2026-01-17 16:08:41"}
{"level":"info","message":"USER: User retrieved (Username: nikokomninos)","service":"pachingo","timestamp":"2026-01-17 16:08:41"}
{"level":"info","message":"USER: User retrieved (Username: nikokomninos)","service":"pachingo","timestamp":"2026-01-17 16:08:41"}
{"level":"info","message":"USER: User retrieved (Username: nikokomninos)","service":"pachingo","timestamp":"2026-01-17 16:08:41"}
{"level":"info","message":"USER: User retrieved (Username: nikokomninos)","service":"pachingo","timestamp":"2026-01-17 16:08:41"}
{"level":"info","message":"USER: User retrieved (Username: nikokomninos)","service":"pachingo","timestamp":"2026-01-17 16:08:41"}
{"level":"info","message":"USER: User retrieved (Username: nikokomninos)","service":"pachingo","timestamp":"2026-01-17 16:08:41"}
{"level":"info","message":"USER: User retrieved (Username: nikokomninos)","service":"pachingo","timestamp":"2026-01-17 16:08:41"}
{"level":"info","message":"USER: User retrieved (Username: nikokomninos)","service":"pachingo","timestamp":"2026-01-17 16:08:41"}
{"level":"info","message":"USER: User retrieved (Username: nikokomninos)","service":"pachingo","timestamp":"2026-01-17 16:08:41"}
{"level":"info","message":"USER: User retrieved (Username: nikokomninos)","service":"pachingo","timestamp":"2026-01-17 16:08:41"}
{"level":"info","message":"USER: User retrieved (Username: nikokomninos)","service":"pachingo","timestamp":"2026-01-17 16:08:41"}
{"level":"info","message":"USER: User retrieved (Username: nikokomninos)","service":"pachingo","timestamp":"2026-01-17 16:08:41"}
{"level":"info","message":"USER: User retrieved (Username: nikokomninos)","service":"pachingo","timestamp":"2026-01-17 16:08:41"}
{"level":"info","message":"USER: User retrieved (Username: nikokomninos)","service":"pachingo","timestamp":"2026-01-17 16:08:41"}
{"level":"info","message":"USER: User retrieved (Username: nikokomninos)","service":"pachingo","timestamp":"2026-01-17 16:08:41"}
{"level":"info","message":"USER: User retrieved (Username: nikokomninos)","service":"pachingo","timestamp":"2026-01-17 16:08:41"}
{"level":"info","message":"USER: User retrieved (Username: nikokomninos)","service":"pachingo","timestamp":"2026-01-17 16:08:42"}
{"level":"info","message":"USER: User retrieved (Username: nikokomninos)","service":"pachingo","timestamp":"2026-01-17 16:08:42"}
{"level":"info","message":"USER: User retrieved (Username: nikokomninos)","service":"pachingo","timestamp":"2026-01-17 16:08:42"}
{"level":"info","message":"USER: User retrieved (Username: nikokomninos)","service":"pachingo","timestamp":"2026-01-17 16:08:42"}
{"level":"info","message":"USER: User retrieved (Username: nikokomninos)","service":"pachingo","timestamp":"2026-01-17 16:08:42"}
{"level":"info","message":"USER: User retrieved (Username: nikokomninos)","service":"pachingo","timestamp":"2026-01-17 16:08:42"}
{"level":"info","message":"USER: User retrieved (Username: nikokomninos)","service":"pachingo","timestamp":"2026-01-17 16:08:42"}
{"level":"info","message":"USER: User retrieved (Username: nikokomninos)","service":"pachingo","timestamp":"2026-01-17 16:08:42"}
{"level":"info","message":"USER: User retrieved (Username: nikokomninos)","service":"pachingo","timestamp":"2026-01-17 16:08:42"}
{"level":"info","message":"USER: User retrieved (Username: nikokomninos)","service":"pachingo","timestamp":"2026-01-17 16:08:42"}
{"level":"info","message":"USER: User retrieved (Username: nikokomninos)","service":"pachingo","timestamp":"2026-01-17 16:08:42"}
{"level":"info","message":"USER: User retrieved (Username: nikokomninos)","service":"pachingo","timestamp":"2026-01-17 16:08:42"}
{"level":"info","message":"USER: User retrieved (Username: nikokomninos)","service":"pachingo","timestamp":"2026-01-17 16:08:42"}
{"level":"info","message":"USER: User retrieved (Username: nikokomninos)","service":"pachingo","timestamp":"2026-01-17 16:08:42"}
{"level":"info","message":"USER: User retrieved (Username: nikokomninos)","service":"pachingo","timestamp":"2026-01-17 16:08:42"}
{"level":"info","message":"USER: User retrieved (Username: nikokomninos)","service":"pachingo","timestamp":"2026-01-17 16:08:42"}
{"level":"info","message":"USER: User retrieved (Username: nikokomninos)","service":"pachingo","timestamp":"2026-01-17 16:08:42"}
{"level":"info","message":"USER: User retrieved (Username: nikokomninos)","service":"pachingo","timestamp":"2026-01-17 16:08:42"}
{"level":"info","message":"USER: User retrieved (Username: nikokomninos)","service":"pachingo","timestamp":"2026-01-17 16:08:43"}
{"level":"info","message":"USER: User retrieved (Username: nikokomninos)","service":"pachingo","timestamp":"2026-01-17 16:08:43"}
{"level":"info","message":"USER: User retrieved (Username: nikokomninos)","service":"pachingo","timestamp":"2026-01-17 16:08:43"}
{"level":"info","message":"USER: User retrieved (Username: nikokomninos)","service":"pachingo","timestamp":"2026-01-17 16:08:43"}
{"level":"info","message":"USER: User retrieved (Username: nikokomninos)","service":"pachingo","timestamp":"2026-01-17 16:08:43"}
{"level":"info","message":"USER: User retrieved (Username: nikokomninos)","service":"pachingo","timestamp":"2026-01-17 16:08:43"}
{"level":"info","message":"USER: User retrieved (Username: nikokomninos)","service":"pachingo","timestamp":"2026-01-17 16:08:43"}
{"level":"info","message":"USER: User retrieved (Username: nikokomninos)","service":"pachingo","timestamp":"2026-01-17 16:08:43"}
{"level":"info","message":"USER: User retrieved (Username: nikokomninos)","service":"pachingo","timestamp":"2026-01-17 16:08:43"}
{"level":"info","message":"USER: User retrieved (Username: nikokomninos)","service":"pachingo","timestamp":"2026-01-17 16:08:43"}
{"level":"info","message":"USER: User retrieved (Username: nikokomninos)","service":"pachingo","timestamp":"2026-01-17 16:08:43"}
{"level":"info","message":"USER: User retrieved (Username: nikokomninos)","service":"pachingo","timestamp":"2026-01-17 16:08:43"}
{"level":"info","message":"USER: User retrieved (Username: nikokomninos)","service":"pachingo","timestamp":"2026-01-17 16:08:43"}
{"level":"info","message":"USER: User retrieved (Username: nikokomninos)","service":"pachingo","timestamp":"2026-01-17 16:08:43"}
{"level":"info","message":"USER: User retrieved (Username: nikokomninos)","service":"pachingo","timestamp":"2026-01-17 16:08:43"}
{"level":"info","message":"USER: User retrieved (Username: nikokomninos)","service":"pachingo","timestamp":"2026-01-17 16:08:43"}
{"level":"info","message":"USER: User retrieved (Username: nikokomninos)","service":"pachingo","timestamp":"2026-01-17 16:08:43"}
{"level":"info","message":"USER: User retrieved (Username: nikokomninos)","service":"pachingo","timestamp":"2026-01-17 16:08:44"}
{"level":"info","message":"USER: User retrieved (Username: nikokomninos)","service":"pachingo","timestamp":"2026-01-17 16:08:44"}
{"level":"info","message":"USER: User retrieved (Username: nikokomninos)","service":"pachingo","timestamp":"2026-01-17 16:08:44"}
{"level":"info","message":"USER: User retrieved (Username: nikokomninos)","service":"pachingo","timestamp":"2026-01-17 16:08:44"}
{"level":"info","message":"USER: User retrieved (Username: nikokomninos)","service":"pachingo","timestamp":"2026-01-17 16:08:44"}
{"level":"info","message":"USER: User retrieved (Username: nikokomninos)","service":"pachingo","timestamp":"2026-01-17 16:08:44"}
{"level":"info","message":"USER: User retrieved (Username: nikokomninos)","service":"pachingo","timestamp":"2026-01-17 16:08:44"}
{"level":"info","message":"USER: User retrieved (Username: nikokomninos)","service":"pachingo","timestamp":"2026-01-17 16:08:44"}
{"level":"info","message":"USER: User retrieved (Username: nikokomninos)","service":"pachingo","timestamp":"2026-01-17 16:08:44"}
{"level":"info","message":"USER: User retrieved (Username: nikokomninos)","service":"pachingo","timestamp":"2026-01-17 16:08:44"}
{"level":"info","message":"USER: User retrieved (Username: nikokomninos)","service":"pachingo","timestamp":"2026-01-17 16:08:44"}
{"level":"info","message":"USER: User retrieved (Username: nikokomninos)","service":"pachingo","timestamp":"2026-01-17 16:08:44"}
{"level":"info","message":"USER: User retrieved (Username: nikokomninos)","service":"pachingo","timestamp":"2026-01-17 16:08:44"}
{"level":"info","message":"USER: User retrieved (Username: nikokomninos)","service":"pachingo","timestamp":"2026-01-17 16:08:44"}
{"level":"info","message":"USER: User retrieved (Username: nikokomninos)","service":"pachingo","timestamp":"2026-01-17 16:08:44"}
{"level":"info","message":"USER: User retrieved (Username: nikokomninos)","service":"pachingo","timestamp":"2026-01-17 16:08:45"}
{"level":"info","message":"USER: User retrieved (Username: nikokomninos)","service":"pachingo","timestamp":"2026-01-17 16:08:45"}
{"level":"info","message":"USER: User retrieved (Username: nikokomninos)","service":"pachingo","timestamp":"2026-01-17 16:08:45"}
{"level":"info","message":"USER: User retrieved (Username: nikokomninos)","service":"pachingo","timestamp":"2026-01-17 16:08:45"}
{"level":"info","message":"USER: User retrieved (Username: nikokomninos)","service":"pachingo","timestamp":"2026-01-17 16:08:45"}
{"level":"info","message":"USER: User retrieved (Username: nikokomninos)","service":"pachingo","timestamp":"2026-01-17 16:08:45"}
{"level":"info","message":"USER: User retrieved (Username: nikokomninos)","service":"pachingo","timestamp":"2026-01-17 16:08:45"}
{"level":"info","message":"USER: User retrieved (Username: nikokomninos)","service":"pachingo","timestamp":"2026-01-17 16:08:45"}
{"level":"info","message":"USER: User retrieved (Username: nikokomninos)","service":"pachingo","timestamp":"2026-01-17 16:08:45"}
{"level":"info","message":"USER: User retrieved (Username: nikokomninos)","service":"pachingo","timestamp":"2026-01-17 16:08:45"}
{"level":"info","message":"USER: User retrieved (Username: nikokomninos)","service":"pachingo","timestamp":"2026-01-17 16:08:45"}
{"level":"info","message":"USER: User retrieved (Username: nikokomninos)","service":"pachingo","timestamp":"2026-01-17 16:08:45"}
{"level":"info","message":"USER: User retrieved (Username: nikokomninos)","service":"pachingo","timestamp":"2026-01-17 16:08:45"}
{"level":"info","message":"USER: User retrieved (Username: nikokomninos)","service":"pachingo","timestamp":"2026-01-17 16:08:45"}
{"level":"info","message":"USER: User retrieved (Username: nikokomninos)","service":"pachingo","timestamp":"2026-01-17 16:08:45"}
{"level":"info","message":"USER: User retrieved (Username: nikokomninos)","service":"pachingo","timestamp":"2026-01-17 16:08:45"}
{"level":"info","message":"USER: User retrieved (Username: nikokomninos)","service":"pachingo","timestamp":"2026-01-17 16:08:45"}
{"level":"info","message":"USER: User retrieved (Username: nikokomninos)","service":"pachingo","timestamp":"2026-01-17 16:08:45"}
{"level":"info","message":"USER: User retrieved (Username: nikokomninos)","service":"pachingo","timestamp":"2026-01-17 16:08:45"}
{"level":"info","message":"USER: User retrieved (Username: nikokomninos)","service":"pachingo","timestamp":"2026-01-17 16:08:46"}
{"level":"info","message":"USER: User retrieved (Username: nikokomninos)","service":"pachingo","timestamp":"2026-01-17 16:08:46"}
{"level":"info","message":"USER: User retrieved (Username: nikokomninos)","service":"pachingo","timestamp":"2026-01-17 16:08:46"}
{"level":"info","message":"USER: User retrieved (Username: nikokomninos)","service":"pachingo","timestamp":"2026-01-17 16:08:46"}
{"level":"info","message":"USER: User retrieved (Username: nikokomninos)","service":"pachingo","timestamp":"2026-01-17 16:08:46"}
{"level":"info","message":"USER: User retrieved (Username: nikokomninos)","service":"pachingo","timestamp":"2026-01-17 16:08:46"}
{"level":"info","message":"USER: User retrieved (Username: nikokomninos)","service":"pachingo","timestamp":"2026-01-17 16:08:46"}
{"level":"info","message":"USER: User retrieved (Username: nikokomninos)","service":"pachingo","timestamp":"2026-01-17 16:08:46"}
{"level":"info","message":"USER: User retrieved (Username: nikokomninos)","service":"pachingo","timestamp":"2026-01-17 16:08:46"}
{"level":"info","message":"USER: User retrieved (Username: nikokomninos)","service":"pachingo","timestamp":"2026-01-17 16:08:46"}
{"level":"info","message":"USER: User retrieved (Username: nikokomninos)","service":"pachingo","timestamp":"2026-01-17 16:08:46"}
{"level":"info","message":"USER: User retrieved (Username: nikokomninos)","service":"pachingo","timestamp":"2026-01-17 16:08:46"}
{"level":"info","message":"USER: User retrieved (Username: nikokomninos)","service":"pachingo","timestamp":"2026-01-17 16:08:46"}
{"level":"info","message":"USER: User retrieved (Username: nikokomninos)","service":"pachingo","timestamp":"2026-01-17 16:08:46"}
{"level":"info","message":"USER: User retrieved (Username: nikokomninos)","service":"pachingo","timestamp":"2026-01-17 16:08:46"}
{"level":"info","message":"USER: User retrieved (Username: nikokomninos)","service":"pachingo","timestamp":"2026-01-17 16:08:46"}
{"level":"info","message":"USER: User retrieved (Username: nikokomninos)","service":"pachingo","timestamp":"2026-01-17 16:08:46"}
{"level":"info","message":"USER: User retrieved (Username: nikokomninos)","service":"pachingo","timestamp":"2026-01-17 16:08:46"}
{"level":"info","message":"USER: User retrieved (Username: nikokomninos)","service":"pachingo","timestamp":"2026-01-17 16:08:47"}
{"level":"info","message":"USER: User retrieved (Username: nikokomninos)","service":"pachingo","timestamp":"2026-01-17 16:08:47"}
{"level":"info","message":"USER: User retrieved (Username: nikokomninos)","service":"pachingo","timestamp":"2026-01-17 16:08:47"}
{"level":"info","message":"USER: User retrieved (Username: nikokomninos)","service":"pachingo","timestamp":"2026-01-17 16:08:47"}
{"level":"info","message":"USER: User retrieved (Username: nikokomninos)","service":"pachingo","timestamp":"2026-01-17 16:08:47"}
{"level":"info","message":"USER: User retrieved (Username: nikokomninos)","service":"pachingo","timestamp":"2026-01-17 16:08:47"}
{"level":"info","message":"USER: User retrieved (Username: nikokomninos)","service":"pachingo","timestamp":"2026-01-17 16:08:47"}
{"level":"info","message":"USER: User retrieved (Username: nikokomninos)","service":"pachingo","timestamp":"2026-01-17 16:08:47"}
{"level":"info","message":"USER: User retrieved (Username: nikokomninos)","service":"pachingo","timestamp":"2026-01-17 16:08:47"}
{"level":"info","message":"USER: User retrieved (Username: nikokomninos)","service":"pachingo","timestamp":"2026-01-17 16:08:47"}
{"level":"info","message":"USER: User retrieved (Username: nikokomninos)","service":"pachingo","timestamp":"2026-01-17 16:08:47"}
{"level":"info","message":"USER: User retrieved (Username: nikokomninos)","service":"pachingo","timestamp":"2026-01-17 16:08:47"}
{"level":"info","message":"USER: User retrieved (Username: nikokomninos)","service":"pachingo","timestamp":"2026-01-17 16:08:47"}
{"level":"info","message":"USER: User retrieved (Username: nikokomninos)","service":"pachingo","timestamp":"2026-01-17 16:08:47"}
{"level":"info","message":"USER: User retrieved (Username: nikokomninos)","service":"pachingo","timestamp":"2026-01-17 16:08:47"}
{"level":"info","message":"USER: User retrieved (Username: nikokomninos)","service":"pachingo","timestamp":"2026-01-17 16:08:47"}
{"level":"info","message":"USER: User retrieved (Username: nikokomninos)","service":"pachingo","timestamp":"2026-01-17 16:08:47"}
{"level":"info","message":"USER: User retrieved (Username: nikokomninos)","service":"pachingo","timestamp":"2026-01-17 16:08:47"}
{"level":"info","message":"USER: User retrieved (Username: nikokomninos)","service":"pachingo","timestamp":"2026-01-17 16:08:47"}
{"level":"info","message":"USER: User retrieved (Username: nikokomninos)","service":"pachingo","timestamp":"2026-01-17 16:08:48"}
{"level":"info","message":"USER: User retrieved (Username: nikokomninos)","service":"pachingo","timestamp":"2026-01-17 16:08:48"}
{"level":"info","message":"USER: User retrieved (Username: nikokomninos)","service":"pachingo","timestamp":"2026-01-17 16:08:48"}
{"level":"info","message":"USER: User retrieved (Username: nikokomninos)","service":"pachingo","timestamp":"2026-01-17 16:08:48"}
{"level":"info","message":"USER: User retrieved (Username: nikokomninos)","service":"pachingo","timestamp":"2026-01-17 16:08:48"}
{"level":"info","message":"USER: User retrieved (Username: nikokomninos)","service":"pachingo","timestamp":"2026-01-17 16:08:48"}
{"level":"info","message":"USER: User retrieved (Username: nikokomninos)","service":"pachingo","timestamp":"2026-01-17 16:08:48"}
{"level":"info","message":"USER: User retrieved (Username: nikokomninos)","service":"pachingo","timestamp":"2026-01-17 16:08:48"}
{"level":"info","message":"USER: User retrieved (Username: nikokomninos)","service":"pachingo","timestamp":"2026-01-17 16:08:48"}
{"level":"info","message":"USER: User retrieved (Username: nikokomninos)","service":"pachingo","timestamp":"2026-01-17 16:08:48"}
{"level":"info","message":"USER: User retrieved (Username: nikokomninos)","service":"pachingo","timestamp":"2026-01-17 16:08:48"}
{"level":"info","message":"USER: User retrieved (Username: nikokomninos)","service":"pachingo","timestamp":"2026-01-17 16:08:48"}
{"level":"info","message":"USER: User retrieved (Username: nikokomninos)","service":"pachingo","timestamp":"2026-01-17 16:08:48"}
{"level":"info","message":"USER: User retrieved (Username: nikokomninos)","service":"pachingo","timestamp":"2026-01-17 16:08:48"}
{"level":"info","message":"USER: User retrieved (Username: nikokomninos)","service":"pachingo","timestamp":"2026-01-17 16:08:48"}
{"level":"info","message":"USER: User retrieved (Username: nikokomninos)","service":"pachingo","timestamp":"2026-01-17 16:08:48"}
{"level":"info","message":"USER: User retrieved (Username: nikokomninos)","service":"pachingo","timestamp":"2026-01-17 16:08:48"}
{"level":"info","message":"USER: User retrieved (Username: nikokomninos)","service":"pachingo","timestamp":"2026-01-17 16:08:49"}
{"level":"info","message":"USER: User retrieved (Username: nikokomninos)","service":"pachingo","timestamp":"2026-01-17 16:08:49"}
{"level":"info","message":"USER: User retrieved (Username: nikokomninos)","service":"pachingo","timestamp":"2026-01-17 16:08:49"}
{"level":"info","message":"USER: User retrieved (Username: nikokomninos)","service":"pachingo","timestamp":"2026-01-17 16:08:49"}
{"level":"info","message":"USER: User retrieved (Username: nikokomninos)","service":"pachingo","timestamp":"2026-01-17 16:08:49"}
{"level":"info","message":"USER: User retrieved (Username: nikokomninos)","service":"pachingo","timestamp":"2026-01-17 16:08:49"}
{"level":"info","message":"USER: User retrieved (Username: nikokomninos)","service":"pachingo","timestamp":"2026-01-17 16:08:49"}
{"level":"info","message":"USER: User retrieved (Username: nikokomninos)","service":"pachingo","timestamp":"2026-01-17 16:08:49"}
{"level":"info","message":"USER: User retrieved (Username: nikokomninos)","service":"pachingo","timestamp":"2026-01-17 16:08:49"}
{"level":"info","message":"USER: User retrieved (Username: nikokomninos)","service":"pachingo","timestamp":"2026-01-17 16:08:49"}
{"level":"info","message":"USER: User retrieved (Username: nikokomninos)","service":"pachingo","timestamp":"2026-01-17 16:08:49"}
{"level":"info","message":"USER: User retrieved (Username: nikokomninos)","service":"pachingo","timestamp":"2026-01-17 16:08:49"}
{"level":"info","message":"USER: User retrieved (Username: nikokomninos)","service":"pachingo","timestamp":"2026-01-17 16:08:49"}
{"level":"info","message":"USER: User retrieved (Username: nikokomninos)","service":"pachingo","timestamp":"2026-01-17 16:08:49"}
{"level":"info","message":"USER: User retrieved (Username: nikokomninos)","service":"pachingo","timestamp":"2026-01-17 16:08:49"}
{"level":"info","message":"USER: User retrieved (Username: nikokomninos)","service":"pachingo","timestamp":"2026-01-17 16:08:49"}
{"level":"info","message":"USER: User retrieved (Username: nikokomninos)","service":"pachingo","timestamp":"2026-01-17 16:08:49"}
{"level":"info","message":"USER: User retrieved (Username: nikokomninos)","service":"pachingo","timestamp":"2026-01-17 16:08:50"}
{"level":"info","message":"USER: User retrieved (Username: nikokomninos)","service":"pachingo","timestamp":"2026-01-17 16:08:50"}
{"level":"info","message":"USER: User retrieved (Username: nikokomninos)","service":"pachingo","timestamp":"2026-01-17 16:08:50"}
{"level":"info","message":"USER: User retrieved (Username: nikokomninos)","service":"pachingo","timestamp":"2026-01-17 16:08:50"}
{"level":"info","message":"USER: User retrieved (Username: nikokomninos)","service":"pachingo","timestamp":"2026-01-17 16:08:50"}
{"level":"info","message":"USER: User retrieved (Username: nikokomninos)","service":"pachingo","timestamp":"2026-01-17 16:08:50"}
{"level":"info","message":"USER: User retrieved (Username: nikokomninos)","service":"pachingo","timestamp":"2026-01-17 16:08:50"}
{"level":"info","message":"USER: User retrieved (Username: nikokomninos)","service":"pachingo","timestamp":"2026-01-17 16:08:50"}
{"level":"info","message":"USER: User retrieved (Username: nikokomninos)","service":"pachingo","timestamp":"2026-01-17 16:08:50"}
{"level":"info","message":"USER: User retrieved (Username: nikokomninos)","service":"pachingo","timestamp":"2026-01-17 16:08:50"}
{"level":"info","message":"USER: User retrieved (Username: nikokomninos)","service":"pachingo","timestamp":"2026-01-17 16:08:50"}
{"level":"info","message":"USER: User retrieved (Username: nikokomninos)","service":"pachingo","timestamp":"2026-01-17 16:08:50"}
{"level":"info","message":"USER: User retrieved (Username: nikokomninos)","service":"pachingo","timestamp":"2026-01-17 16:08:50"}
{"level":"info","message":"USER: User retrieved (Username: nikokomninos)","service":"pachingo","timestamp":"2026-01-17 16:08:50"}
{"level":"info","message":"USER: User retrieved (Username: nikokomninos)","service":"pachingo","timestamp":"2026-01-17 16:08:50"}
{"level":"info","message":"USER: User retrieved (Username: nikokomninos)","service":"pachingo","timestamp":"2026-01-17 16:08:51"}
{"level":"info","message":"USER: User retrieved (Username: nikokomninos)","service":"pachingo","timestamp":"2026-01-17 16:08:51"}
{"level":"info","message":"USER: User retrieved (Username: nikokomninos)","service":"pachingo","timestamp":"2026-01-17 16:08:51"}
{"level":"info","message":"USER: User retrieved (Username: nikokomninos)","service":"pachingo","timestamp":"2026-01-17 16:08:51"}
{"level":"info","message":"USER: User retrieved (Username: nikokomninos)","service":"pachingo","timestamp":"2026-01-17 16:08:51"}
{"level":"info","message":"USER: User retrieved (Username: nikokomninos)","service":"pachingo","timestamp":"2026-01-17 16:08:51"}
{"level":"info","message":"USER: User retrieved (Username: nikokomninos)","service":"pachingo","timestamp":"2026-01-17 16:08:51"}
{"level":"info","message":"USER: User retrieved (Username: nikokomninos)","service":"pachingo","timestamp":"2026-01-17 16:08:51"}
{"level":"info","message":"USER: User retrieved (Username: nikokomninos)","service":"pachingo","timestamp":"2026-01-17 16:08:51"}
{"level":"info","message":"USER: User retrieved (Username: nikokomninos)","service":"pachingo","timestamp":"2026-01-17 16:08:51"}
{"level":"info","message":"USER: User retrieved (Username: nikokomninos)","service":"pachingo","timestamp":"2026-01-17 16:08:51"}
{"level":"info","message":"USER: User retrieved (Username: nikokomninos)","service":"pachingo","timestamp":"2026-01-17 16:08:51"}
{"level":"info","message":"USER: User retrieved (Username: nikokomninos)","service":"pachingo","timestamp":"2026-01-17 16:08:51"}
{"level":"info","message":"USER: User retrieved (Username: nikokomninos)","service":"pachingo","timestamp":"2026-01-17 16:08:51"}
{"level":"info","message":"USER: User retrieved (Username: nikokomninos)","service":"pachingo","timestamp":"2026-01-17 16:08:51"}
{"level":"info","message":"USER: User retrieved (Username: nikokomninos)","service":"pachingo","timestamp":"2026-01-17 16:08:51"}
{"level":"info","message":"USER: User retrieved (Username: nikokomninos)","service":"pachingo","timestamp":"2026-01-17 16:08:51"}
{"level":"info","message":"USER: User retrieved (Username: nikokomninos)","service":"pachingo","timestamp":"2026-01-17 16:08:52"}
{"level":"info","message":"USER: User retrieved (Username: nikokomninos)","service":"pachingo","timestamp":"2026-01-17 16:08:52"}
{"level":"info","message":"USER: User retrieved (Username: nikokomninos)","service":"pachingo","timestamp":"2026-01-17 16:08:52"}
{"level":"info","message":"USER: User retrieved (Username: nikokomninos)","service":"pachingo","timestamp":"2026-01-17 16:08:52"}
{"level":"info","message":"USER: User retrieved (Username: nikokomninos)","service":"pachingo","timestamp":"2026-01-17 16:08:52"}
{"level":"info","message":"USER: User retrieved (Username: nikokomninos)","service":"pachingo","timestamp":"2026-01-17 16:08:52"}
{"level":"info","message":"USER: User retrieved (Username: nikokomninos)","service":"pachingo","timestamp":"2026-01-17 16:08:52"}
{"level":"info","message":"USER: User retrieved (Username: nikokomninos)","service":"pachingo","timestamp":"2026-01-17 16:08:52"}
{"level":"info","message":"USER: User retrieved (Username: nikokomninos)","service":"pachingo","timestamp":"2026-01-17 16:08:52"}
{"level":"info","message":"USER: User retrieved (Username: nikokomninos)","service":"pachingo","timestamp":"2026-01-17 16:08:52"}
{"level":"info","message":"USER: User retrieved (Username: nikokomninos)","service":"pachingo","timestamp":"2026-01-17 16:08:52"}
{"level":"info","message":"USER: User retrieved (Username: nikokomninos)","service":"pachingo","timestamp":"2026-01-17 16:08:52"}
{"level":"info","message":"USER: User retrieved (Username: nikokomninos)","service":"pachingo","timestamp":"2026-01-17 16:08:52"}
{"level":"info","message":"USER: User retrieved (Username: nikokomninos)","service":"pachingo","timestamp":"2026-01-17 16:08:52"}
{"level":"info","message":"USER: User retrieved (Username: nikokomninos)","service":"pachingo","timestamp":"2026-01-17 16:08:52"}
{"level":"info","message":"USER: User retrieved (Username: nikokomninos)","service":"pachingo","timestamp":"2026-01-17 16:08:52"}
{"level":"info","message":"USER: User retrieved (Username: nikokomninos)","service":"pachingo","timestamp":"2026-01-17 16:08:52"}
{"level":"info","message":"USER: User retrieved (Username: nikokomninos)","service":"pachingo","timestamp":"2026-01-17 16:08:52"}
{"level":"info","message":"USER: User retrieved (Username: nikokomninos)","service":"pachingo","timestamp":"2026-01-17 16:08:53"}
{"level":"info","message":"USER: User retrieved (Username: nikokomninos)","service":"pachingo","timestamp":"2026-01-17 16:08:53"}
{"level":"info","message":"USER: User retrieved (Username: nikokomninos)","service":"pachingo","timestamp":"2026-01-17 16:08:53"}
{"level":"info","message":"USER: User retrieved (Username: nikokomninos)","service":"pachingo","timestamp":"2026-01-17 16:08:53"}
{"level":"info","message":"USER: User retrieved (Username: nikokomninos)","service":"pachingo","timestamp":"2026-01-17 16:08:53"}
{"level":"info","message":"USER: User retrieved (Username: nikokomninos)","service":"pachingo","timestamp":"2026-01-17 16:08:53"}
{"level":"info","message":"USER: User retrieved (Username: nikokomninos)","service":"pachingo","timestamp":"2026-01-17 16:08:53"}
{"level":"info","message":"USER: User retrieved (Username: nikokomninos)","service":"pachingo","timestamp":"2026-01-17 16:08:53"}
{"level":"info","message":"USER: User retrieved (Username: nikokomninos)","service":"pachingo","timestamp":"2026-01-17 16:08:53"}
{"level":"info","message":"USER: User retrieved (Username: nikokomninos)","service":"pachingo","timestamp":"2026-01-17 16:08:53"}
{"level":"info","message":"USER: User retrieved (Username: nikokomninos)","service":"pachingo","timestamp":"2026-01-17 16:08:53"}
{"level":"info","message":"USER: User retrieved (Username: nikokomninos)","service":"pachingo","timestamp":"2026-01-17 16:08:53"}
{"level":"info","message":"USER: User retrieved (Username: nikokomninos)","service":"pachingo","timestamp":"2026-01-17 16:08:53"}
{"level":"info","message":"USER: User retrieved (Username: nikokomninos)","service":"pachingo","timestamp":"2026-01-17 16:08:53"}
{"level":"info","message":"USER: User retrieved (Username: nikokomninos)","service":"pachingo","timestamp":"2026-01-17 16:08:53"}
{"level":"info","message":"USER: User retrieved (Username: nikokomninos)","service":"pachingo","timestamp":"2026-01-17 16:08:53"}
{"level":"info","message":"USER: User retrieved (Username: nikokomninos)","service":"pachingo","timestamp":"2026-01-17 16:08:54"}
{"level":"info","message":"USER: User retrieved (Username: nikokomninos)","service":"pachingo","timestamp":"2026-01-17 16:08:54"}
{"level":"info","message":"USER: User retrieved (Username: nikokomninos)","service":"pachingo","timestamp":"2026-01-17 16:08:54"}
{"level":"info","message":"USER: User retrieved (Username: nikokomninos)","service":"pachingo","timestamp":"2026-01-17 16:08:54"}
{"level":"info","message":"USER: User retrieved (Username: nikokomninos)","service":"pachingo","timestamp":"2026-01-17 16:08:54"}
{"level":"info","message":"USER: User retrieved (Username: nikokomninos)","service":"pachingo","timestamp":"2026-01-17 16:08:54"}
{"level":"info","message":"USER: User retrieved (Username: nikokomninos)","service":"pachingo","timestamp":"2026-01-17 16:08:54"}
{"level":"info","message":"USER: User retrieved (Username: nikokomninos)","service":"pachingo","timestamp":"2026-01-17 16:08:54"}
{"level":"info","message":"USER: User retrieved (Username: nikokomninos)","service":"pachingo","timestamp":"2026-01-17 16:08:54"}
{"level":"info","message":"USER: User retrieved (Username: nikokomninos)","service":"pachingo","timestamp":"2026-01-17 16:08:54"}
{"level":"info","message":"USER: User retrieved (Username: nikokomninos)","service":"pachingo","timestamp":"2026-01-17 16:08:54"}
{"level":"info","message":"USER: User retrieved (Username: nikokomninos)","service":"pachingo","timestamp":"2026-01-17 16:08:54"}
{"level":"info","message":"USER: User retrieved (Username: nikokomninos)","service":"pachingo","timestamp":"2026-01-17 16:08:54"}
{"level":"info","message":"USER: User retrieved (Username: nikokomninos)","service":"pachingo","timestamp":"2026-01-17 16:08:54"}
{"level":"info","message":"USER: User retrieved (Username: nikokomninos)","service":"pachingo","timestamp":"2026-01-17 16:08:54"}
{"level":"info","message":"USER: User retrieved (Username: nikokomninos)","service":"pachingo","timestamp":"2026-01-17 16:08:54"}
{"level":"info","message":"USER: User retrieved (Username: nikokomninos)","service":"pachingo","timestamp":"2026-01-17 16:08:55"}
{"level":"info","message":"USER: User retrieved (Username: nikokomninos)","service":"pachingo","timestamp":"2026-01-17 16:08:55"}
{"level":"info","message":"USER: User retrieved (Username: nikokomninos)","service":"pachingo","timestamp":"2026-01-17 16:08:55"}
{"level":"info","message":"USER: User retrieved (Username: nikokomninos)","service":"pachingo","timestamp":"2026-01-17 16:08:55"}
{"level":"info","message":"USER: User retrieved (Username: nikokomninos)","service":"pachingo","timestamp":"2026-01-17 16:08:55"}
{"level":"info","message":"USER: User retrieved (Username: nikokomninos)","service":"pachingo","timestamp":"2026-01-17 16:08:55"}
{"level":"info","message":"USER: User retrieved (Username: nikokomninos)","service":"pachingo","timestamp":"2026-01-17 16:08:55"}
{"level":"info","message":"USER: User retrieved (Username: nikokomninos)","service":"pachingo","timestamp":"2026-01-17 16:08:55"}
{"level":"info","message":"USER: User retrieved (Username: nikokomninos)","service":"pachingo","timestamp":"2026-01-17 16:08:55"}
{"level":"info","message":"USER: User retrieved (Username: nikokomninos)","service":"pachingo","timestamp":"2026-01-17 16:08:55"}
{"level":"info","message":"USER: User retrieved (Username: nikokomninos)","service":"pachingo","timestamp":"2026-01-17 16:08:55"}
{"level":"info","message":"USER: User retrieved (Username: nikokomninos)","service":"pachingo","timestamp":"2026-01-17 16:08:55"}
{"level":"info","message":"USER: User retrieved (Username: nikokomninos)","service":"pachingo","timestamp":"2026-01-17 16:08:55"}
{"level":"info","message":"USER: User retrieved (Username: nikokomninos)","service":"pachingo","timestamp":"2026-01-17 16:08:55"}
{"level":"info","message":"USER: User retrieved (Username: nikokomninos)","service":"pachingo","timestamp":"2026-01-17 16:08:55"}
{"level":"info","message":"USER: User retrieved (Username: nikokomninos)","service":"pachingo","timestamp":"2026-01-17 16:08:55"}
{"level":"info","message":"USER: User retrieved (Username: nikokomninos)","service":"pachingo","timestamp":"2026-01-17 16:08:55"}
{"level":"info","message":"USER: User retrieved (Username: nikokomninos)","service":"pachingo","timestamp":"2026-01-17 16:08:55"}
{"level":"info","message":"USER: User retrieved (Username: nikokomninos)","service":"pachingo","timestamp":"2026-01-17 16:08:55"}
{"level":"info","message":"USER: User retrieved (Username: nikokomninos)","service":"pachingo","timestamp":"2026-01-17 16:08:56"}
{"level":"info","message":"USER: User retrieved (Username: nikokomninos)","service":"pachingo","timestamp":"2026-01-17 16:08:56"}
{"level":"info","message":"USER: User retrieved (Username: nikokomninos)","service":"pachingo","timestamp":"2026-01-17 16:08:56"}
{"level":"info","message":"USER: User retrieved (Username: nikokomninos)","service":"pachingo","timestamp":"2026-01-17 16:08:56"}
{"level":"info","message":"USER: User retrieved (Username: nikokomninos)","service":"pachingo","timestamp":"2026-01-17 16:08:56"}
{"level":"info","message":"USER: User retrieved (Username: nikokomninos)","service":"pachingo","timestamp":"2026-01-17 16:08:56"}
{"level":"info","message":"USER: User retrieved (Username: nikokomninos)","service":"pachingo","timestamp":"2026-01-17 16:08:56"}
{"level":"info","message":"USER: User retrieved (Username: nikokomninos)","service":"pachingo","timestamp":"2026-01-17 16:08:56"}
{"level":"info","message":"USER: User retrieved (Username: nikokomninos)","service":"pachingo","timestamp":"2026-01-17 16:08:56"}
{"level":"info","message":"USER: User retrieved (Username: nikokomninos)","service":"pachingo","timestamp":"2026-01-17 16:08:56"}
{"level":"info","message":"USER: User retrieved (Username: nikokomninos)","service":"pachingo","timestamp":"2026-01-17 16:08:56"}
{"level":"info","message":"USER: User retrieved (Username: nikokomninos)","service":"pachingo","timestamp":"2026-01-17 16:08:56"}
{"level":"info","message":"USER: User retrieved (Username: nikokomninos)","service":"pachingo","timestamp":"2026-01-17 16:08:56"}
{"level":"info","message":"USER: User retrieved (Username: nikokomninos)","service":"pachingo","timestamp":"2026-01-17 16:08:56"}
{"level":"info","message":"USER: User retrieved (Username: nikokomninos)","service":"pachingo","timestamp":"2026-01-17 16:08:56"}
{"level":"info","message":"USER: User retrieved (Username: nikokomninos)","service":"pachingo","timestamp":"2026-01-17 16:08:56"}
{"level":"info","message":"USER: User retrieved (Username: nikokomninos)","service":"pachingo","timestamp":"2026-01-17 16:08:56"}
{"level":"info","message":"USER: User retrieved (Username: nikokomninos)","service":"pachingo","timestamp":"2026-01-17 16:08:57"}
{"level":"info","message":"USER: User retrieved (Username: nikokomninos)","service":"pachingo","timestamp":"2026-01-17 16:08:57"}
{"level":"info","message":"USER: User retrieved (Username: nikokomninos)","service":"pachingo","timestamp":"2026-01-17 16:08:57"}
{"level":"info","message":"USER: User retrieved (Username: nikokomninos)","service":"pachingo","timestamp":"2026-01-17 16:08:57"}
{"level":"info","message":"USER: User retrieved (Username: nikokomninos)","service":"pachingo","timestamp":"2026-01-17 16:08:57"}
{"level":"info","message":"USER: User retrieved (Username: nikokomninos)","service":"pachingo","timestamp":"2026-01-17 16:08:57"}
{"level":"info","message":"USER: User retrieved (Username: nikokomninos)","service":"pachingo","timestamp":"2026-01-17 16:08:57"}
{"level":"info","message":"USER: User retrieved (Username: nikokomninos)","service":"pachingo","timestamp":"2026-01-17 16:08:57"}
{"level":"info","message":"USER: User retrieved (Username: nikokomninos)","service":"pachingo","timestamp":"2026-01-17 16:08:57"}
{"level":"info","message":"USER: User retrieved (Username: nikokomninos)","service":"pachingo","timestamp":"2026-01-17 16:08:57"}
{"level":"info","message":"USER: User retrieved (Username: nikokomninos)","service":"pachingo","timestamp":"2026-01-17 16:08:57"}
{"level":"info","message":"USER: User retrieved (Username: nikokomninos)","service":"pachingo","timestamp":"2026-01-17 16:08:57"}
{"level":"info","message":"USER: User retrieved (Username: nikokomninos)","service":"pachingo","timestamp":"2026-01-17 16:08:57"}
{"level":"info","message":"USER: User retrieved (Username: nikokomninos)","service":"pachingo","timestamp":"2026-01-17 16:08:57"}
{"level":"info","message":"USER: User retrieved (Username: nikokomninos)","service":"pachingo","timestamp":"2026-01-17 16:08:57"}
{"level":"info","message":"USER: User retrieved (Username: nikokomninos)","service":"pachingo","timestamp":"2026-01-17 16:08:57"}
{"level":"info","message":"USER: User retrieved (Username: nikokomninos)","service":"pachingo","timestamp":"2026-01-17 16:08:57"}
{"level":"info","message":"USER: User retrieved (Username: nikokomninos)","service":"pachingo","timestamp":"2026-01-17 16:08:58"}
{"level":"info","message":"USER: User retrieved (Username: nikokomninos)","service":"pachingo","timestamp":"2026-01-17 16:08:58"}
{"level":"info","message":"USER: User retrieved (Username: nikokomninos)","service":"pachingo","timestamp":"2026-01-17 16:08:58"}
{"level":"info","message":"USER: User retrieved (Username: nikokomninos)","service":"pachingo","timestamp":"2026-01-17 16:08:58"}
{"level":"info","message":"USER: User retrieved (Username: nikokomninos)","service":"pachingo","timestamp":"2026-01-17 16:08:58"}
{"level":"info","message":"USER: User retrieved (Username: nikokomninos)","service":"pachingo","timestamp":"2026-01-17 16:08:58"}
{"level":"info","message":"USER: User retrieved (Username: nikokomninos)","service":"pachingo","timestamp":"2026-01-17 16:08:58"}
{"level":"info","message":"USER: User retrieved (Username: nikokomninos)","service":"pachingo","timestamp":"2026-01-17 16:08:58"}
{"level":"info","message":"USER: User retrieved (Username: nikokomninos)","service":"pachingo","timestamp":"2026-01-17 16:08:58"}
{"level":"info","message":"USER: User retrieved (Username: nikokomninos)","service":"pachingo","timestamp":"2026-01-17 16:08:58"}
{"level":"info","message":"USER: User retrieved (Username: nikokomninos)","service":"pachingo","timestamp":"2026-01-17 16:08:58"}
{"level":"info","message":"USER: User retrieved (Username: nikokomninos)","service":"pachingo","timestamp":"2026-01-17 16:08:58"}
{"level":"info","message":"USER: User retrieved (Username: nikokomninos)","service":"pachingo","timestamp":"2026-01-17 16:08:58"}
{"level":"info","message":"USER: User retrieved (Username: nikokomninos)","service":"pachingo","timestamp":"2026-01-17 16:08:58"}
{"level":"info","message":"USER: User retrieved (Username: nikokomninos)","service":"pachingo","timestamp":"2026-01-17 16:08:58"}
{"level":"info","message":"USER: User retrieved (Username: nikokomninos)","service":"pachingo","timestamp":"2026-01-17 16:08:58"}
{"level":"info","message":"USER: User retrieved (Username: nikokomninos)","service":"pachingo","timestamp":"2026-01-17 16:08:58"}
{"level":"info","message":"USER: User retrieved (Username: nikokomninos)","service":"pachingo","timestamp":"2026-01-17 16:08:58"}
{"level":"info","message":"USER: User retrieved (Username: nikokomninos)","service":"pachingo","timestamp":"2026-01-17 16:08:59"}
{"level":"info","message":"USER: User retrieved (Username: nikokomninos)","service":"pachingo","timestamp":"2026-01-17 16:08:59"}
{"level":"info","message":"USER: User retrieved (Username: nikokomninos)","service":"pachingo","timestamp":"2026-01-17 16:08:59"}
{"level":"info","message":"USER: User retrieved (Username: nikokomninos)","service":"pachingo","timestamp":"2026-01-17 16:08:59"}
{"level":"info","message":"USER: User retrieved (Username: nikokomninos)","service":"pachingo","timestamp":"2026-01-17 16:08:59"}
{"level":"info","message":"USER: User retrieved (Username: nikokomninos)","service":"pachingo","timestamp":"2026-01-17 16:08:59"}
{"level":"info","message":"USER: User retrieved (Username: nikokomninos)","service":"pachingo","timestamp":"2026-01-17 16:08:59"}
{"level":"info","message":"USER: User retrieved (Username: nikokomninos)","service":"pachingo","timestamp":"2026-01-17 16:08:59"}
{"level":"info","message":"USER: User retrieved (Username: nikokomninos)","service":"pachingo","timestamp":"2026-01-17 16:08:59"}
{"level":"info","message":"USER: User retrieved (Username: nikokomninos)","service":"pachingo","timestamp":"2026-01-17 16:08:59"}
{"level":"info","message":"USER: User retrieved (Username: nikokomninos)","service":"pachingo","timestamp":"2026-01-17 16:08:59"}
{"level":"info","message":"USER: User retrieved (Username: nikokomninos)","service":"pachingo","timestamp":"2026-01-17 16:08:59"}
{"level":"info","message":"USER: User retrieved (Username: nikokomninos)","service":"pachingo","timestamp":"2026-01-17 16:08:59"}
{"level":"info","message":"USER: User retrieved (Username: nikokomninos)","service":"pachingo","timestamp":"2026-01-17 16:08:59"}
{"level":"info","message":"USER: User retrieved (Username: nikokomninos)","service":"pachingo","timestamp":"2026-01-17 16:08:59"}
{"level":"info","message":"USER: User retrieved (Username: nikokomninos)","service":"pachingo","timestamp":"2026-01-17 16:08:59"}
{"level":"info","message":"USER: User retrieved (Username: nikokomninos)","service":"pachingo","timestamp":"2026-01-17 16:09:00"}
{"level":"info","message":"USER: User retrieved (Username: nikokomninos)","service":"pachingo","timestamp":"2026-01-17 16:09:00"}
{"level":"info","message":"USER: User retrieved (Username: nikokomninos)","service":"pachingo","timestamp":"2026-01-17 16:09:00"}
{"level":"info","message":"USER: User retrieved (Username: nikokomninos)","service":"pachingo","timestamp":"2026-01-17 16:09:00"}
{"level":"info","message":"USER: User retrieved (Username: nikokomninos)","service":"pachingo","timestamp":"2026-01-17 16:09:00"}
{"level":"info","message":"USER: User retrieved (Username: nikokomninos)","service":"pachingo","timestamp":"2026-01-17 16:09:00"}
{"level":"info","message":"USER: User retrieved (Username: nikokomninos)","service":"pachingo","timestamp":"2026-01-17 16:09:00"}
{"level":"info","message":"USER: User retrieved (Username: nikokomninos)","service":"pachingo","timestamp":"2026-01-17 16:09:00"}
{"level":"info","message":"USER: User retrieved (Username: nikokomninos)","service":"pachingo","timestamp":"2026-01-17 16:09:00"}
{"level":"info","message":"USER: User retrieved (Username: nikokomninos)","service":"pachingo","timestamp":"2026-01-17 16:09:00"}
{"level":"info","message":"USER: User retrieved (Username: nikokomninos)","service":"pachingo","timestamp":"2026-01-17 16:09:00"}
{"level":"info","message":"USER: User retrieved (Username: nikokomninos)","service":"pachingo","timestamp":"2026-01-17 16:09:00"}
{"level":"info","message":"USER: User retrieved (Username: nikokomninos)","service":"pachingo","timestamp":"2026-01-17 16:09:00"}
{"level":"info","message":"USER: User retrieved (Username: nikokomninos)","service":"pachingo","timestamp":"2026-01-17 16:09:00"}
{"level":"info","message":"USER: User retrieved (Username: nikokomninos)","service":"pachingo","timestamp":"2026-01-17 16:09:00"}
{"level":"info","message":"USER: User retrieved (Username: nikokomninos)","service":"pachingo","timestamp":"2026-01-17 16:09:00"}
{"level":"info","message":"USER: User retrieved (Username: nikokomninos)","service":"pachingo","timestamp":"2026-01-17 16:09:00"}
{"level":"info","message":"USER: User retrieved (Username: nikokomninos)","service":"pachingo","timestamp":"2026-01-17 16:09:00"}
{"level":"info","message":"USER: User retrieved (Username: nikokomninos)","service":"pachingo","timestamp":"2026-01-17 16:09:01"}
{"level":"info","message":"USER: User retrieved (Username: nikokomninos)","service":"pachingo","timestamp":"2026-01-17 16:09:01"}
{"level":"info","message":"USER: User retrieved (Username: nikokomninos)","service":"pachingo","timestamp":"2026-01-17 16:09:01"}
{"level":"info","message":"USER: User retrieved (Username: nikokomninos)","service":"pachingo","timestamp":"2026-01-17 16:09:01"}
{"level":"info","message":"USER: User retrieved (Username: nikokomninos)","service":"pachingo","timestamp":"2026-01-17 16:09:01"}
{"level":"info","message":"USER: User retrieved (Username: nikokomninos)","service":"pachingo","timestamp":"2026-01-17 16:09:01"}
{"level":"info","message":"USER: User retrieved (Username: nikokomninos)","service":"pachingo","timestamp":"2026-01-17 16:09:01"}
{"level":"info","message":"USER: User retrieved (Username: nikokomninos)","service":"pachingo","timestamp":"2026-01-17 16:09:01"}
{"level":"info","message":"USER: User retrieved (Username: nikokomninos)","service":"pachingo","timestamp":"2026-01-17 16:09:01"}
{"level":"info","message":"USER: User retrieved (Username: nikokomninos)","service":"pachingo","timestamp":"2026-01-17 16:09:01"}
{"level":"info","message":"USER: User retrieved (Username: nikokomninos)","service":"pachingo","timestamp":"2026-01-17 16:09:01"}
{"level":"info","message":"USER: User retrieved (Username: nikokomninos)","service":"pachingo","timestamp":"2026-01-17 16:09:01"}
{"level":"info","message":"USER: User retrieved (Username: nikokomninos)","service":"pachingo","timestamp":"2026-01-17 16:09:01"}
{"level":"info","message":"USER: User retrieved (Username: nikokomninos)","service":"pachingo","timestamp":"2026-01-17 16:09:01"}
{"level":"info","message":"USER: User retrieved (Username: nikokomninos)","service":"pachingo","timestamp":"2026-01-17 16:09:01"}
{"level":"info","message":"USER: User retrieved (Username: nikokomninos)","service":"pachingo","timestamp":"2026-01-17 16:09:01"}
{"level":"info","message":"USER: User retrieved (Username: nikokomninos)","service":"pachingo","timestamp":"2026-01-17 16:09:01"}
{"level":"info","message":"USER: User retrieved (Username: nikokomninos)","service":"pachingo","timestamp":"2026-01-17 16:09:02"}
{"level":"info","message":"USER: User retrieved (Username: nikokomninos)","service":"pachingo","timestamp":"2026-01-17 16:09:02"}
{"level":"info","message":"USER: User retrieved (Username: nikokomninos)","service":"pachingo","timestamp":"2026-01-17 16:09:02"}
{"level":"info","message":"USER: User retrieved (Username: nikokomninos)","service":"pachingo","timestamp":"2026-01-17 16:09:02"}
{"level":"info","message":"USER: User retrieved (Username: nikokomninos)","service":"pachingo","timestamp":"2026-01-17 16:09:02"}
{"level":"info","message":"USER: User retrieved (Username: nikokomninos)","service":"pachingo","timestamp":"2026-01-17 16:09:02"}
{"level":"info","message":"USER: User retrieved (Username: nikokomninos)","service":"pachingo","timestamp":"2026-01-17 16:09:02"}
{"level":"info","message":"USER: User retrieved (Username: nikokomninos)","service":"pachingo","timestamp":"2026-01-17 16:09:02"}
{"level":"info","message":"USER: User retrieved (Username: nikokomninos)","service":"pachingo","timestamp":"2026-01-17 16:09:02"}
{"level":"info","message":"USER: User retrieved (Username: nikokomninos)","service":"pachingo","timestamp":"2026-01-17 16:09:02"}
{"level":"info","message":"USER: User retrieved (Username: nikokomninos)","service":"pachingo","timestamp":"2026-01-17 16:09:02"}
{"level":"info","message":"USER: User retrieved (Username: nikokomninos)","service":"pachingo","timestamp":"2026-01-17 16:09:02"}
{"level":"info","message":"USER: User retrieved (Username: nikokomninos)","service":"pachingo","timestamp":"2026-01-17 16:09:02"}
{"level":"info","message":"USER: User retrieved (Username: nikokomninos)","service":"pachingo","timestamp":"2026-01-17 16:09:02"}
{"level":"info","message":"USER: User retrieved (Username: nikokomninos)","service":"pachingo","timestamp":"2026-01-17 16:09:02"}
{"level":"info","message":"USER: User retrieved (Username: nikokomninos)","service":"pachingo","timestamp":"2026-01-17 16:09:02"}
{"level":"info","message":"USER: User retrieved (Username: nikokomninos)","service":"pachingo","timestamp":"2026-01-17 16:09:02"}
{"level":"info","message":"USER: User retrieved (Username: nikokomninos)","service":"pachingo","timestamp":"2026-01-17 16:09:02"}
{"level":"info","message":"USER: User retrieved (Username: nikokomninos)","service":"pachingo","timestamp":"2026-01-17 16:09:03"}
{"level":"info","message":"USER: User retrieved (Username: nikokomninos)","service":"pachingo","timestamp":"2026-01-17 16:09:03"}
{"level":"info","message":"USER: User retrieved (Username: nikokomninos)","service":"pachingo","timestamp":"2026-01-17 16:09:03"}
{"level":"info","message":"USER: User retrieved (Username: nikokomninos)","service":"pachingo","timestamp":"2026-01-17 16:09:03"}
{"level":"info","message":"USER: User retrieved (Username: nikokomninos)","service":"pachingo","timestamp":"2026-01-17 16:09:03"}
{"level":"info","message":"USER: User retrieved (Username: nikokomninos)","service":"pachingo","timestamp":"2026-01-17 16:09:03"}
{"level":"info","message":"USER: User retrieved (Username: nikokomninos)","service":"pachingo","timestamp":"2026-01-17 16:09:03"}
{"level":"info","message":"USER: User retrieved (Username: nikokomninos)","service":"pachingo","timestamp":"2026-01-17 16:09:03"}
{"level":"info","message":"USER: User retrieved (Username: nikokomninos)","service":"pachingo","timestamp":"2026-01-17 16:09:03"}
{"level":"info","message":"USER: User retrieved (Username: nikokomninos)","service":"pachingo","timestamp":"2026-01-17 16:09:03"}
{"level":"info","message":"USER: User retrieved (Username: nikokomninos)","service":"pachingo","timestamp":"2026-01-17 16:09:03"}
{"level":"info","message":"USER: User retrieved (Username: nikokomninos)","service":"pachingo","timestamp":"2026-01-17 16:09:03"}
{"level":"info","message":"USER: User retrieved (Username: nikokomninos)","service":"pachingo","timestamp":"2026-01-17 16:09:03"}
{"level":"info","message":"USER: User retrieved (Username: nikokomninos)","service":"pachingo","timestamp":"2026-01-17 16:09:03"}
{"level":"info","message":"USER: User retrieved (Username: nikokomninos)","service":"pachingo","timestamp":"2026-01-17 16:09:03"}
{"level":"info","message":"USER: User retrieved (Username: nikokomninos)","service":"pachingo","timestamp":"2026-01-17 16:09:03"}
{"level":"info","message":"USER: User retrieved (Username: nikokomninos)","service":"pachingo","timestamp":"2026-01-17 16:09:03"}
{"level":"info","message":"USER: User retrieved (Username: nikokomninos)","service":"pachingo","timestamp":"2026-01-17 16:09:03"}
{"level":"info","message":"USER: User retrieved (Username: nikokomninos)","service":"pachingo","timestamp":"2026-01-17 16:09:03"}
{"level":"info","message":"USER: User retrieved (Username: nikokomninos)","service":"pachingo","timestamp":"2026-01-17 16:09:03"}
{"level":"info","message":"USER: User retrieved (Username: nikokomninos)","service":"pachingo","timestamp":"2026-01-17 16:09:04"}
{"level":"info","message":"USER: User retrieved (Username: nikokomninos)","service":"pachingo","timestamp":"2026-01-17 16:09:04"}
{"level":"info","message":"USER: User retrieved (Username: nikokomninos)","service":"pachingo","timestamp":"2026-01-17 16:09:04"}
{"level":"info","message":"USER: User retrieved (Username: nikokomninos)","service":"pachingo","timestamp":"2026-01-17 16:09:04"}
{"level":"info","message":"USER: User retrieved (Username: nikokomninos)","service":"pachingo","timestamp":"2026-01-17 16:09:04"}
{"level":"info","message":"USER: User retrieved (Username: nikokomninos)","service":"pachingo","timestamp":"2026-01-17 16:09:04"}
{"level":"info","message":"USER: User retrieved (Username: nikokomninos)","service":"pachingo","timestamp":"2026-01-17 16:09:04"}
{"level":"info","message":"USER: User retrieved (Username: nikokomninos)","service":"pachingo","timestamp":"2026-01-17 16:09:04"}
{"level":"info","message":"USER: User retrieved (Username: nikokomninos)","service":"pachingo","timestamp":"2026-01-17 16:09:04"}
{"level":"info","message":"USER: User retrieved (Username: nikokomninos)","service":"pachingo","timestamp":"2026-01-17 16:09:04"}
{"level":"info","message":"USER: User retrieved (Username: nikokomninos)","service":"pachingo","timestamp":"2026-01-17 16:09:04"}
{"level":"info","message":"USER: User retrieved (Username: nikokomninos)","service":"pachingo","timestamp":"2026-01-17 16:09:04"}
{"level":"info","message":"USER: User retrieved (Username: nikokomninos)","service":"pachingo","timestamp":"2026-01-17 16:09:04"}
{"level":"info","message":"USER: User retrieved (Username: nikokomninos)","service":"pachingo","timestamp":"2026-01-17 16:09:04"}
{"level":"info","message":"USER: User retrieved (Username: nikokomninos)","service":"pachingo","timestamp":"2026-01-17 16:09:04"}
{"level":"info","message":"USER: User retrieved (Username: nikokomninos)","service":"pachingo","timestamp":"2026-01-17 16:09:04"}
{"level":"info","message":"USER: User retrieved (Username: nikokomninos)","service":"pachingo","timestamp":"2026-01-17 16:09:04"}
{"level":"info","message":"USER: User retrieved (Username: nikokomninos)","service":"pachingo","timestamp":"2026-01-17 16:09:04"}
{"level":"info","message":"USER: User retrieved (Username: nikokomninos)","service":"pachingo","timestamp":"2026-01-17 16:09:05"}
{"level":"info","message":"USER: User retrieved (Username: nikokomninos)","service":"pachingo","timestamp":"2026-01-17 16:09:05"}
{"level":"info","message":"USER: User retrieved (Username: nikokomninos)","service":"pachingo","timestamp":"2026-01-17 16:09:05"}
{"level":"info","message":"USER: User retrieved (Username: nikokomninos)","service":"pachingo","timestamp":"2026-01-17 16:09:05"}
{"level":"info","message":"USER: User retrieved (Username: nikokomninos)","service":"pachingo","timestamp":"2026-01-17 16:09:05"}
{"level":"info","message":"USER: User retrieved (Username: nikokomninos)","service":"pachingo","timestamp":"2026-01-17 16:09:05"}
{"level":"info","message":"USER: User retrieved (Username: nikokomninos)","service":"pachingo","timestamp":"2026-01-17 16:09:05"}
{"level":"info","message":"USER: User retrieved (Username: nikokomninos)","service":"pachingo","timestamp":"2026-01-17 16:09:05"}
{"level":"info","message":"USER: User retrieved (Username: nikokomninos)","service":"pachingo","timestamp":"2026-01-17 16:09:05"}
{"level":"info","message":"USER: User retrieved (Username: nikokomninos)","service":"pachingo","timestamp":"2026-01-17 16:09:05"}
{"level":"info","message":"USER: User retrieved (Username: nikokomninos)","service":"pachingo","timestamp":"2026-01-17 16:09:05"}
{"level":"info","message":"USER: User retrieved (Username: nikokomninos)","service":"pachingo","timestamp":"2026-01-17 16:09:05"}
{"level":"info","message":"USER: User retrieved (Username: nikokomninos)","service":"pachingo","timestamp":"2026-01-17 16:09:05"}
{"level":"info","message":"USER: User retrieved (Username: nikokomninos)","service":"pachingo","timestamp":"2026-01-17 16:09:05"}
{"level":"info","message":"USER: User retrieved (Username: nikokomninos)","service":"pachingo","timestamp":"2026-01-17 16:09:05"}
{"level":"info","message":"USER: User retrieved (Username: nikokomninos)","service":"pachingo","timestamp":"2026-01-17 16:09:05"}
{"level":"info","message":"USER: User retrieved (Username: nikokomninos)","service":"pachingo","timestamp":"2026-01-17 16:09:05"}
{"level":"info","message":"USER: User retrieved (Username: nikokomninos)","service":"pachingo","timestamp":"2026-01-17 16:09:05"}
{"level":"info","message":"USER: User retrieved (Username: nikokomninos)","service":"pachingo","timestamp":"2026-01-17 16:09:06"}
{"level":"info","message":"USER: User retrieved (Username: nikokomninos)","service":"pachingo","timestamp":"2026-01-17 16:09:06"}
{"level":"info","message":"USER: User retrieved (Username: nikokomninos)","service":"pachingo","timestamp":"2026-01-17 16:09:06"}
{"level":"info","message":"USER: User retrieved (Username: nikokomninos)","service":"pachingo","timestamp":"2026-01-17 16:09:06"}
{"level":"info","message":"USER: User retrieved (Username: nikokomninos)","service":"pachingo","timestamp":"2026-01-17 16:09:06"}
{"level":"info","message":"USER: User retrieved (Username: nikokomninos)","service":"pachingo","timestamp":"2026-01-17 16:09:06"}
{"level":"info","message":"USER: User retrieved (Username: nikokomninos)","service":"pachingo","timestamp":"2026-01-17 16:09:06"}
{"level":"info","message":"USER: User retrieved (Username: nikokomninos)","service":"pachingo","timestamp":"2026-01-17 16:09:06"}
{"level":"info","message":"USER: User retrieved (Username: nikokomninos)","service":"pachingo","timestamp":"2026-01-17 16:09:06"}
{"level":"info","message":"USER: User retrieved (Username: nikokomninos)","service":"pachingo","timestamp":"2026-01-17 16:09:06"}
{"level":"info","message":"USER: User retrieved (Username: nikokomninos)","service":"pachingo","timestamp":"2026-01-17 16:09:06"}
{"level":"info","message":"USER: User retrieved (Username: nikokomninos)","service":"pachingo","timestamp":"2026-01-17 16:09:06"}
{"level":"info","message":"USER: User retrieved (Username: nikokomninos)","service":"pachingo","timestamp":"2026-01-17 16:09:06"}
{"level":"info","message":"USER: User retrieved (Username: nikokomninos)","service":"pachingo","timestamp":"2026-01-17 16:09:06"}
{"level":"info","message":"USER: User retrieved (Username: nikokomninos)","service":"pachingo","timestamp":"2026-01-17 16:09:06"}
{"level":"info","message":"USER: User retrieved (Username: nikokomninos)","service":"pachingo","timestamp":"2026-01-17 16:09:06"}
{"level":"info","message":"USER: User retrieved (Username: nikokomninos)","service":"pachingo","timestamp":"2026-01-17 16:09:06"}
{"level":"info","message":"USER: User retrieved (Username: nikokomninos)","service":"pachingo","timestamp":"2026-01-17 16:09:06"}
{"level":"info","message":"USER: User retrieved (Username: nikokomninos)","service":"pachingo","timestamp":"2026-01-17 16:09:06"}
{"level":"info","message":"USER: User retrieved (Username: nikokomninos)","service":"pachingo","timestamp":"2026-01-17 16:09:07"}
{"level":"info","message":"USER: User retrieved (Username: nikokomninos)","service":"pachingo","timestamp":"2026-01-17 16:09:07"}
{"level":"info","message":"USER: User retrieved (Username: nikokomninos)","service":"pachingo","timestamp":"2026-01-17 16:09:07"}
{"level":"info","message":"USER: User retrieved (Username: nikokomninos)","service":"pachingo","timestamp":"2026-01-17 16:09:07"}
{"level":"info","message":"USER: User retrieved (Username: nikokomninos)","service":"pachingo","timestamp":"2026-01-17 16:09:07"}
{"level":"info","message":"USER: User retrieved (Username: nikokomninos)","service":"pachingo","timestamp":"2026-01-17 16:09:07"}
{"level":"info","message":"USER: User retrieved (Username: nikokomninos)","service":"pachingo","timestamp":"2026-01-17 16:09:07"}
{"level":"info","message":"USER: User retrieved (Username: nikokomninos)","service":"pachingo","timestamp":"2026-01-17 16:09:07"}
{"level":"info","message":"USER: User retrieved (Username: nikokomninos)","service":"pachingo","timestamp":"2026-01-17 16:09:07"}
{"level":"info","message":"USER: User retrieved (Username: nikokomninos)","service":"pachingo","timestamp":"2026-01-17 16:09:07"}
{"level":"info","message":"USER: User retrieved (Username: nikokomninos)","service":"pachingo","timestamp":"2026-01-17 16:09:07"}
{"level":"info","message":"USER: User retrieved (Username: nikokomninos)","service":"pachingo","timestamp":"2026-01-17 16:09:07"}
{"level":"info","message":"USER: User retrieved (Username: nikokomninos)","service":"pachingo","timestamp":"2026-01-17 16:09:07"}
{"level":"info","message":"USER: User retrieved (Username: nikokomninos)","service":"pachingo","timestamp":"2026-01-17 16:09:07"}
{"level":"info","message":"USER: User retrieved (Username: nikokomninos)","service":"pachingo","timestamp":"2026-01-17 16:09:07"}
{"level":"info","message":"USER: User retrieved (Username: nikokomninos)","service":"pachingo","timestamp":"2026-01-17 16:09:07"}
{"level":"info","message":"USER: User retrieved (Username: nikokomninos)","service":"pachingo","timestamp":"2026-01-17 16:09:07"}
{"level":"info","message":"USER: User retrieved (Username: nikokomninos)","service":"pachingo","timestamp":"2026-01-17 16:09:08"}
{"level":"info","message":"USER: User retrieved (Username: nikokomninos)","service":"pachingo","timestamp":"2026-01-17 16:09:08"}
{"level":"info","message":"USER: User retrieved (Username: nikokomninos)","service":"pachingo","timestamp":"2026-01-17 16:09:08"}
{"level":"info","message":"USER: User retrieved (Username: nikokomninos)","service":"pachingo","timestamp":"2026-01-17 16:09:08"}
{"level":"info","message":"USER: User retrieved (Username: nikokomninos)","service":"pachingo","timestamp":"2026-01-17 16:09:08"}
{"level":"info","message":"USER: User retrieved (Username: nikokomninos)","service":"pachingo","timestamp":"2026-01-17 16:09:08"}
{"level":"info","message":"USER: User retrieved (Username: nikokomninos)","service":"pachingo","timestamp":"2026-01-17 16:09:08"}
{"level":"info","message":"USER: User retrieved (Username: nikokomninos)","service":"pachingo","timestamp":"2026-01-17 16:09:08"}
{"level":"info","message":"USER: User retrieved (Username: nikokomninos)","service":"pachingo","timestamp":"2026-01-17 16:09:08"}
{"level":"info","message":"USER: User retrieved (Username: nikokomninos)","service":"pachingo","timestamp":"2026-01-17 16:09:08"}
{"level":"info","message":"USER: User retrieved (Username: nikokomninos)","service":"pachingo","timestamp":"2026-01-17 16:09:08"}
{"level":"info","message":"USER: User retrieved (Username: nikokomninos)","service":"pachingo","timestamp":"2026-01-17 16:09:08"}
{"level":"info","message":"USER: User retrieved (Username: nikokomninos)","service":"pachingo","timestamp":"2026-01-17 16:09:08"}
{"level":"info","message":"USER: User retrieved (Username: nikokomninos)","service":"pachingo","timestamp":"2026-01-17 16:09:08"}
{"level":"info","message":"USER: User retrieved (Username: nikokomninos)","service":"pachingo","timestamp":"2026-01-17 16:09:08"}
{"level":"info","message":"USER: User retrieved (Username: nikokomninos)","service":"pachingo","timestamp":"2026-01-17 16:09:08"}
{"level":"info","message":"USER: User retrieved (Username: nikokomninos)","service":"pachingo","timestamp":"2026-01-17 16:09:09"}
{"level":"info","message":"USER: User retrieved (Username: nikokomninos)","service":"pachingo","timestamp":"2026-01-17 16:09:09"}
{"level":"info","message":"USER: User retrieved (Username: nikokomninos)","service":"pachingo","timestamp":"2026-01-17 16:09:09"}
{"level":"info","message":"USER: User retrieved (Username: nikokomninos)","service":"pachingo","timestamp":"2026-01-17 16:09:09"}
{"level":"info","message":"USER: User retrieved (Username: nikokomninos)","service":"pachingo","timestamp":"2026-01-17 16:09:09"}
{"level":"info","message":"USER: User retrieved (Username: nikokomninos)","service":"pachingo","timestamp":"2026-01-17 16:09:09"}
{"level":"info","message":"USER: User retrieved (Username: nikokomninos)","service":"pachingo","timestamp":"2026-01-17 16:09:09"}
{"level":"info","message":"USER: User retrieved (Username: nikokomninos)","service":"pachingo","timestamp":"2026-01-17 16:09:09"}
{"level":"info","message":"USER: User retrieved (Username: nikokomninos)","service":"pachingo","timestamp":"2026-01-17 16:09:09"}
{"level":"info","message":"USER: User retrieved (Username: nikokomninos)","service":"pachingo","timestamp":"2026-01-17 16:09:09"}
{"level":"info","message":"USER: User retrieved (Username: nikokomninos)","service":"pachingo","timestamp":"2026-01-17 16:09:09"}
{"level":"info","message":"USER: User retrieved (Username: nikokomninos)","service":"pachingo","timestamp":"2026-01-17 16:09:09"}
{"level":"info","message":"USER: User retrieved (Username: nikokomninos)","service":"pachingo","timestamp":"2026-01-17 16:09:09"}
{"level":"info","message":"USER: User retrieved (Username: nikokomninos)","service":"pachingo","timestamp":"2026-01-17 16:09:09"}
{"level":"info","message":"USER: User retrieved (Username: nikokomninos)","service":"pachingo","timestamp":"2026-01-17 16:09:09"}
{"level":"info","message":"USER: User retrieved (Username: nikokomninos)","service":"pachingo","timestamp":"2026-01-17 16:09:09"}
{"level":"info","message":"USER: User retrieved (Username: nikokomninos)","service":"pachingo","timestamp":"2026-01-17 16:09:09"}
{"level":"info","message":"USER: User retrieved (Username: nikokomninos)","service":"pachingo","timestamp":"2026-01-17 16:09:10"}
{"level":"info","message":"USER: User retrieved (Username: nikokomninos)","service":"pachingo","timestamp":"2026-01-17 16:09:10"}
{"level":"info","message":"USER: User retrieved (Username: nikokomninos)","service":"pachingo","timestamp":"2026-01-17 16:09:10"}
{"level":"info","message":"USER: User retrieved (Username: nikokomninos)","service":"pachingo","timestamp":"2026-01-17 16:09:10"}
{"level":"info","message":"USER: User retrieved (Username: nikokomninos)","service":"pachingo","timestamp":"2026-01-17 16:09:10"}
{"level":"info","message":"USER: User retrieved (Username: nikokomninos)","service":"pachingo","timestamp":"2026-01-17 16:09:10"}
{"level":"info","message":"USER: User retrieved (Username: nikokomninos)","service":"pachingo","timestamp":"2026-01-17 16:09:10"}
{"level":"info","message":"USER: User retrieved (Username: nikokomninos)","service":"pachingo","timestamp":"2026-01-17 16:09:10"}
{"level":"info","message":"USER: User retrieved (Username: nikokomninos)","service":"pachingo","timestamp":"2026-01-17 16:09:10"}
{"level":"info","message":"USER: User retrieved (Username: nikokomninos)","service":"pachingo","timestamp":"2026-01-17 16:09:10"}
{"level":"info","message":"USER: User retrieved (Username: nikokomninos)","service":"pachingo","timestamp":"2026-01-17 16:09:10"}
{"level":"info","message":"USER: User retrieved (Username: nikokomninos)","service":"pachingo","timestamp":"2026-01-17 16:09:10"}
{"level":"info","message":"USER: User retrieved (Username: nikokomninos)","service":"pachingo","timestamp":"2026-01-17 16:09:10"}
{"level":"info","message":"USER: User retrieved (Username: nikokomninos)","service":"pachingo","timestamp":"2026-01-17 16:09:10"}
{"level":"info","message":"USER: User retrieved (Username: nikokomninos)","service":"pachingo","timestamp":"2026-01-17 16:09:10"}
{"level":"info","message":"USER: User retrieved (Username: nikokomninos)","service":"pachingo","timestamp":"2026-01-17 16:09:11"}
{"level":"info","message":"USER: User retrieved (Username: nikokomninos)","service":"pachingo","timestamp":"2026-01-17 16:09:11"}
{"level":"info","message":"USER: User retrieved (Username: nikokomninos)","service":"pachingo","timestamp":"2026-01-17 16:09:11"}
{"level":"info","message":"USER: User retrieved (Username: nikokomninos)","service":"pachingo","timestamp":"2026-01-17 16:09:11"}
{"level":"info","message":"USER: User retrieved (Username: nikokomninos)","service":"pachingo","timestamp":"2026-01-17 16:09:11"}
{"level":"info","message":"USER: User retrieved (Username: nikokomninos)","service":"pachingo","timestamp":"2026-01-17 16:09:11"}
{"level":"info","message":"USER: User retrieved (Username: nikokomninos)","service":"pachingo","timestamp":"2026-01-17 16:09:11"}
{"level":"info","message":"USER: User retrieved (Username: nikokomninos)","service":"pachingo","timestamp":"2026-01-17 16:09:11"}
{"level":"info","message":"USER: User retrieved (Username: nikokomninos)","service":"pachingo","timestamp":"2026-01-17 16:09:11"}
{"level":"info","message":"USER: User retrieved (Username: nikokomninos)","service":"pachingo","timestamp":"2026-01-17 16:09:11"}
{"level":"info","message":"USER: User retrieved (Username: nikokomninos)","service":"pachingo","timestamp":"2026-01-17 16:09:11"}
{"level":"info","message":"USER: User retrieved (Username: nikokomninos)","service":"pachingo","timestamp":"2026-01-17 16:09:11"}
{"level":"info","message":"USER: User retrieved (Username: nikokomninos)","service":"pachingo","timestamp":"2026-01-17 16:09:11"}
{"level":"info","message":"USER: User retrieved (Username: nikokomninos)","service":"pachingo","timestamp":"2026-01-17 16:09:11"}
{"level":"info","message":"USER: User retrieved (Username: nikokomninos)","service":"pachingo","timestamp":"2026-01-17 16:09:11"}
{"level":"info","message":"USER: User retrieved (Username: nikokomninos)","service":"pachingo","timestamp":"2026-01-17 16:09:11"}
{"level":"info","message":"USER: User retrieved (Username: nikokomninos)","service":"pachingo","timestamp":"2026-01-17 16:09:11"}
{"level":"info","message":"USER: User retrieved (Username: nikokomninos)","service":"pachingo","timestamp":"2026-01-17 16:09:11"}
{"level":"info","message":"USER: User retrieved (Username: nikokomninos)","service":"pachingo","timestamp":"2026-01-17 16:09:11"}
{"level":"info","message":"USER: User retrieved (Username: nikokomninos)","service":"pachingo","timestamp":"2026-01-17 16:09:12"}
{"level":"info","message":"USER: User retrieved (Username: nikokomninos)","service":"pachingo","timestamp":"2026-01-17 16:09:12"}
{"level":"info","message":"USER: User retrieved (Username: nikokomninos)","service":"pachingo","timestamp":"2026-01-17 16:09:12"}
{"level":"info","message":"USER: User retrieved (Username: nikokomninos)","service":"pachingo","timestamp":"2026-01-17 16:09:12"}
{"level":"info","message":"USER: User retrieved (Username: nikokomninos)","service":"pachingo","timestamp":"2026-01-17 16:09:12"}
{"level":"info","message":"USER: User retrieved (Username: nikokomninos)","service":"pachingo","timestamp":"2026-01-17 16:09:12"}
{"level":"info","message":"USER: User retrieved (Username: nikokomninos)","service":"pachingo","timestamp":"2026-01-17 16:09:12"}
{"level":"info","message":"USER: User retrieved (Username: nikokomninos)","service":"pachingo","timestamp":"2026-01-17 16:09:12"}
{"level":"info","message":"USER: User retrieved (Username: nikokomninos)","service":"pachingo","timestamp":"2026-01-17 16:09:12"}
{"level":"info","message":"USER: User retrieved (Username: nikokomninos)","service":"pachingo","timestamp":"2026-01-17 16:09:12"}
{"level":"info","message":"USER: User retrieved (Username: nikokomninos)","service":"pachingo","timestamp":"2026-01-17 16:09:12"}
{"level":"info","message":"USER: User retrieved (Username: nikokomninos)","service":"pachingo","timestamp":"2026-01-17 16:09:12"}
{"level":"info","message":"USER: User retrieved (Username: nikokomninos)","service":"pachingo","timestamp":"2026-01-17 16:09:12"}
{"level":"info","message":"USER: User retrieved (Username: nikokomninos)","service":"pachingo","timestamp":"2026-01-17 16:09:12"}
{"level":"info","message":"USER: User retrieved (Username: nikokomninos)","service":"pachingo","timestamp":"2026-01-17 16:09:12"}
{"level":"info","message":"USER: User retrieved (Username: nikokomninos)","service":"pachingo","timestamp":"2026-01-17 16:09:12"}
{"level":"info","message":"USER: User retrieved (Username: nikokomninos)","service":"pachingo","timestamp":"2026-01-17 16:09:12"}
{"level":"info","message":"USER: User retrieved (Username: nikokomninos)","service":"pachingo","timestamp":"2026-01-17 16:09:12"}
{"level":"info","message":"USER: User retrieved (Username: nikokomninos)","service":"pachingo","timestamp":"2026-01-17 16:09:13"}
{"level":"info","message":"USER: User retrieved (Username: nikokomninos)","service":"pachingo","timestamp":"2026-01-17 16:09:13"}
{"level":"info","message":"USER: User retrieved (Username: nikokomninos)","service":"pachingo","timestamp":"2026-01-17 16:09:13"}
{"level":"info","message":"USER: User retrieved (Username: nikokomninos)","service":"pachingo","timestamp":"2026-01-17 16:09:13"}
{"level":"info","message":"USER: User retrieved (Username: nikokomninos)","service":"pachingo","timestamp":"2026-01-17 16:09:13"}
{"level":"info","message":"USER: User retrieved (Username: nikokomninos)","service":"pachingo","timestamp":"2026-01-17 16:09:13"}
{"level":"info","message":"USER: User retrieved (Username: nikokomninos)","service":"pachingo","timestamp":"2026-01-17 16:09:13"}
{"level":"info","message":"USER: User retrieved (Username: nikokomninos)","service":"pachingo","timestamp":"2026-01-17 16:09:13"}
{"level":"info","message":"USER: User retrieved (Username: nikokomninos)","service":"pachingo","timestamp":"2026-01-17 16:09:13"}
{"level":"info","message":"USER: User retrieved (Username: nikokomninos)","service":"pachingo","timestamp":"2026-01-17 16:09:13"}
{"level":"info","message":"USER: User retrieved (Username: nikokomninos)","service":"pachingo","timestamp":"2026-01-17 16:09:13"}
{"level":"info","message":"USER: User retrieved (Username: nikokomninos)","service":"pachingo","timestamp":"2026-01-17 16:09:13"}
{"level":"info","message":"USER: User retrieved (Username: nikokomninos)","service":"pachingo","timestamp":"2026-01-17 16:09:13"}
{"level":"info","message":"USER: User retrieved (Username: nikokomninos)","service":"pachingo","timestamp":"2026-01-17 16:09:13"}
{"level":"info","message":"USER: User retrieved (Username: nikokomninos)","service":"pachingo","timestamp":"2026-01-17 16:09:13"}
{"level":"info","message":"USER: User retrieved (Username: nikokomninos)","service":"pachingo","timestamp":"2026-01-17 16:09:13"}
{"level":"info","message":"USER: User retrieved (Username: nikokomninos)","service":"pachingo","timestamp":"2026-01-17 16:09:13"}
{"level":"info","message":"USER: User retrieved (Username: nikokomninos)","service":"pachingo","timestamp":"2026-01-17 16:09:13"}
{"level":"info","message":"USER: User retrieved (Username: nikokomninos)","service":"pachingo","timestamp":"2026-01-17 16:09:13"}
{"level":"info","message":"USER: User retrieved (Username: nikokomninos)","service":"pachingo","timestamp":"2026-01-17 16:09:14"}
{"level":"info","message":"USER: User retrieved (Username: nikokomninos)","service":"pachingo","timestamp":"2026-01-17 16:09:14"}
{"level":"info","message":"USER: User retrieved (Username: nikokomninos)","service":"pachingo","timestamp":"2026-01-17 16:09:14"}
{"level":"info","message":"USER: User retrieved (Username: nikokomninos)","service":"pachingo","timestamp":"2026-01-17 16:09:14"}
{"level":"info","message":"USER: User retrieved (Username: nikokomninos)","service":"pachingo","timestamp":"2026-01-17 16:09:14"}
{"level":"info","message":"USER: User retrieved (Username: nikokomninos)","service":"pachingo","timestamp":"2026-01-17 16:09:14"}
{"level":"info","message":"USER: User retrieved (Username: nikokomninos)","service":"pachingo","timestamp":"2026-01-17 16:09:14"}
{"level":"info","message":"USER: User retrieved (Username: nikokomninos)","service":"pachingo","timestamp":"2026-01-17 16:09:14"}
{"level":"info","message":"USER: User retrieved (Username: nikokomninos)","service":"pachingo","timestamp":"2026-01-17 16:09:14"}
{"level":"info","message":"USER: User retrieved (Username: nikokomninos)","service":"pachingo","timestamp":"2026-01-17 16:09:14"}
{"level":"info","message":"USER: User retrieved (Username: nikokomninos)","service":"pachingo","timestamp":"2026-01-17 16:09:14"}
{"level":"info","message":"USER: User retrieved (Username: nikokomninos)","service":"pachingo","timestamp":"2026-01-17 16:09:14"}
{"level":"info","message":"USER: User retrieved (Username: nikokomninos)","service":"pachingo","timestamp":"2026-01-17 16:09:14"}
{"level":"info","message":"USER: User retrieved (Username: nikokomninos)","service":"pachingo","timestamp":"2026-01-17 16:09:14"}
{"level":"info","message":"USER: User retrieved (Username: nikokomninos)","service":"pachingo","timestamp":"2026-01-17 16:09:14"}
{"level":"info","message":"USER: User retrieved (Username: nikokomninos)","service":"pachingo","timestamp":"2026-01-17 16:09:14"}
{"level":"info","message":"USER: User retrieved (Username: nikokomninos)","service":"pachingo","timestamp":"2026-01-17 16:09:14"}
{"level":"info","message":"USER: User retrieved (Username: nikokomninos)","service":"pachingo","timestamp":"2026-01-17 16:09:14"}
{"level":"info","message":"USER: User retrieved (Username: nikokomninos)","service":"pachingo","timestamp":"2026-01-17 16:09:15"}
{"level":"info","message":"USER: User retrieved (Username: nikokomninos)","service":"pachingo","timestamp":"2026-01-17 16:09:15"}
{"level":"info","message":"USER: User retrieved (Username: nikokomninos)","service":"pachingo","timestamp":"2026-01-17 16:09:15"}
{"level":"info","message":"USER: User retrieved (Username: nikokomninos)","service":"pachingo","timestamp":"2026-01-17 16:09:15"}
{"level":"info","message":"USER: User retrieved (Username: nikokomninos)","service":"pachingo","timestamp":"2026-01-17 16:09:15"}
{"level":"info","message":"USER: User retrieved (Username: nikokomninos)","service":"pachingo","timestamp":"2026-01-17 16:09:15"}
{"level":"info","message":"USER: User retrieved (Username: nikokomninos)","service":"pachingo","timestamp":"2026-01-17 16:09:15"}
{"level":"info","message":"USER: User retrieved (Username: nikokomninos)","service":"pachingo","timestamp":"2026-01-17 16:09:15"}
{"level":"info","message":"USER: User retrieved (Username: nikokomninos)","service":"pachingo","timestamp":"2026-01-17 16:09:15"}
{"level":"info","message":"USER: User retrieved (Username: nikokomninos)","service":"pachingo","timestamp":"2026-01-17 16:09:15"}
{"level":"info","message":"USER: User retrieved (Username: nikokomninos)","service":"pachingo","timestamp":"2026-01-17 16:09:15"}
{"level":"info","message":"USER: User retrieved (Username: nikokomninos)","service":"pachingo","timestamp":"2026-01-17 16:09:15"}
{"level":"info","message":"USER: User retrieved (Username: nikokomninos)","service":"pachingo","timestamp":"2026-01-17 16:09:15"}
{"level":"info","message":"USER: User retrieved (Username: nikokomninos)","service":"pachingo","timestamp":"2026-01-17 16:09:15"}
{"level":"info","message":"USER: User retrieved (Username: nikokomninos)","service":"pachingo","timestamp":"2026-01-17 16:09:15"}
{"level":"info","message":"USER: User retrieved (Username: nikokomninos)","service":"pachingo","timestamp":"2026-01-17 16:09:15"}
{"level":"info","message":"USER: User retrieved (Username: nikokomninos)","service":"pachingo","timestamp":"2026-01-17 16:09:15"}
{"level":"info","message":"USER: User retrieved (Username: nikokomninos)","service":"pachingo","timestamp":"2026-01-17 16:09:15"}
{"level":"info","message":"USER: User retrieved (Username: nikokomninos)","service":"pachingo","timestamp":"2026-01-17 16:09:15"}
{"level":"info","message":"USER: User retrieved (Username: nikokomninos)","service":"pachingo","timestamp":"2026-01-17 16:09:16"}
{"level":"info","message":"USER: User retrieved (Username: nikokomninos)","service":"pachingo","timestamp":"2026-01-17 16:09:16"}
{"level":"info","message":"USER: User retrieved (Username: nikokomninos)","service":"pachingo","timestamp":"2026-01-17 16:09:16"}
{"level":"info","message":"USER: User retrieved (Username: nikokomninos)","service":"pachingo","timestamp":"2026-01-17 16:09:16"}
{"level":"info","message":"USER: User retrieved (Username: nikokomninos)","service":"pachingo","timestamp":"2026-01-17 16:09:16"}
{"level":"info","message":"USER: User retrieved (Username: nikokomninos)","service":"pachingo","timestamp":"2026-01-17 16:09:16"}
{"level":"info","message":"USER: User retrieved (Username: nikokomninos)","service":"pachingo","timestamp":"2026-01-17 16:09:16"}
{"level":"info","message":"USER: User retrieved (Username: nikokomninos)","service":"pachingo","timestamp":"2026-01-17 16:09:16"}
{"level":"info","message":"USER: User retrieved (Username: nikokomninos)","service":"pachingo","timestamp":"2026-01-17 16:09:16"}
{"level":"info","message":"USER: User retrieved (Username: nikokomninos)","service":"pachingo","timestamp":"2026-01-17 16:09:16"}
{"level":"info","message":"USER: User retrieved (Username: nikokomninos)","service":"pachingo","timestamp":"2026-01-17 16:09:16"}
{"level":"info","message":"USER: User retrieved (Username: nikokomninos)","service":"pachingo","timestamp":"2026-01-17 16:09:16"}
{"level":"info","message":"USER: User retrieved (Username: nikokomninos)","service":"pachingo","timestamp":"2026-01-17 16:09:16"}
{"level":"info","message":"USER: User retrieved (Username: nikokomninos)","service":"pachingo","timestamp":"2026-01-17 16:09:16"}
{"level":"info","message":"USER: User retrieved (Username: nikokomninos)","service":"pachingo","timestamp":"2026-01-17 16:09:16"}
{"level":"info","message":"USER: User retrieved (Username: nikokomninos)","service":"pachingo","timestamp":"2026-01-17 16:09:16"}
{"level":"info","message":"USER: User retrieved (Username: nikokomninos)","service":"pachingo","timestamp":"2026-01-17 16:09:17"}
{"level":"info","message":"USER: User retrieved (Username: nikokomninos)","service":"pachingo","timestamp":"2026-01-17 16:09:17"}
{"level":"info","message":"USER: User retrieved (Username: nikokomninos)","service":"pachingo","timestamp":"2026-01-17 16:09:17"}
{"level":"info","message":"USER: User retrieved (Username: nikokomninos)","service":"pachingo","timestamp":"2026-01-17 16:09:17"}
{"level":"info","message":"USER: User retrieved (Username: nikokomninos)","service":"pachingo","timestamp":"2026-01-17 16:09:17"}
{"level":"info","message":"USER: User retrieved (Username: nikokomninos)","service":"pachingo","timestamp":"2026-01-17 16:09:17"}
{"level":"info","message":"USER: User retrieved (Username: nikokomninos)","service":"pachingo","timestamp":"2026-01-17 16:09:17"}
{"level":"info","message":"USER: User retrieved (Username: nikokomninos)","service":"pachingo","timestamp":"2026-01-17 16:09:17"}
{"level":"info","message":"USER: User retrieved (Username: nikokomninos)","service":"pachingo","timestamp":"2026-01-17 16:09:17"}
{"level":"info","message":"USER: User retrieved (Username: nikokomninos)","service":"pachingo","timestamp":"2026-01-17 16:09:17"}
{"level":"info","message":"USER: User retrieved (Username: nikokomninos)","service":"pachingo","timestamp":"2026-01-17 16:09:17"}
{"level":"info","message":"USER: User retrieved (Username: nikokomninos)","service":"pachingo","timestamp":"2026-01-17 16:09:17"}
{"level":"info","message":"USER: User retrieved (Username: nikokomninos)","service":"pachingo","timestamp":"2026-01-17 16:09:17"}
{"level":"info","message":"USER: User retrieved (Username: nikokomninos)","service":"pachingo","timestamp":"2026-01-17 16:09:17"}
{"level":"info","message":"USER: User retrieved (Username: nikokomninos)","service":"pachingo","timestamp":"2026-01-17 16:09:17"}
{"level":"info","message":"USER: User retrieved (Username: nikokomninos)","service":"pachingo","timestamp":"2026-01-17 16:09:17"}
{"level":"info","message":"USER: User retrieved (Username: nikokomninos)","service":"pachingo","timestamp":"2026-01-17 16:09:17"}
{"level":"info","message":"USER: User retrieved (Username: nikokomninos)","service":"pachingo","timestamp":"2026-01-17 16:09:17"}
{"level":"info","message":"USER: User retrieved (Username: nikokomninos)","service":"pachingo","timestamp":"2026-01-17 16:09:18"}
{"level":"info","message":"USER: User retrieved (Username: nikokomninos)","service":"pachingo","timestamp":"2026-01-17 16:09:18"}
{"level":"info","message":"USER: User retrieved (Username: nikokomninos)","service":"pachingo","timestamp":"2026-01-17 16:09:18"}
{"level":"info","message":"USER: User retrieved (Username: nikokomninos)","service":"pachingo","timestamp":"2026-01-17 16:09:18"}
{"level":"info","message":"USER: User retrieved (Username: nikokomninos)","service":"pachingo","timestamp":"2026-01-17 16:09:18"}
{"level":"info","message":"USER: User retrieved (Username: nikokomninos)","service":"pachingo","timestamp":"2026-01-17 16:09:18"}
{"level":"info","message":"USER: User retrieved (Username: nikokomninos)","service":"pachingo","timestamp":"2026-01-17 16:09:18"}
{"level":"info","message":"USER: User retrieved (Username: nikokomninos)","service":"pachingo","timestamp":"2026-01-17 16:09:18"}
{"level":"info","message":"USER: User retrieved (Username: nikokomninos)","service":"pachingo","timestamp":"2026-01-17 16:09:18"}
{"level":"info","message":"USER: User retrieved (Username: nikokomninos)","service":"pachingo","timestamp":"2026-01-17 16:09:18"}
{"level":"info","message":"USER: User retrieved (Username: nikokomninos)","service":"pachingo","timestamp":"2026-01-17 16:09:18"}
{"level":"info","message":"USER: User retrieved (Username: nikokomninos)","service":"pachingo","timestamp":"2026-01-17 16:09:18"}
{"level":"info","message":"USER: User retrieved (Username: nikokomninos)","service":"pachingo","timestamp":"2026-01-17 16:09:18"}
{"level":"info","message":"USER: User retrieved (Username: nikokomninos)","service":"pachingo","timestamp":"2026-01-17 16:09:18"}
{"level":"info","message":"USER: User retrieved (Username: nikokomninos)","service":"pachingo","timestamp":"2026-01-17 16:09:18"}
{"level":"info","message":"USER: User retrieved (Username: nikokomninos)","service":"pachingo","timestamp":"2026-01-17 16:09:18"}
{"level":"info","message":"USER: User retrieved (Username: nikokomninos)","service":"pachingo","timestamp":"2026-01-17 16:09:18"}
{"level":"info","message":"USER: User retrieved (Username: nikokomninos)","service":"pachingo","timestamp":"2026-01-17 16:09:18"}
{"level":"info","message":"USER: User retrieved (Username: nikokomninos)","service":"pachingo","timestamp":"2026-01-17 16:09:19"}
{"level":"info","message":"USER: User retrieved (Username: nikokomninos)","service":"pachingo","timestamp":"2026-01-17 16:09:19"}
{"level":"info","message":"USER: User retrieved (Username: nikokomninos)","service":"pachingo","timestamp":"2026-01-17 16:09:19"}
{"level":"info","message":"USER: User retrieved (Username: nikokomninos)","service":"pachingo","timestamp":"2026-01-17 16:09:19"}
{"level":"info","message":"USER: User retrieved (Username: nikokomninos)","service":"pachingo","timestamp":"2026-01-17 16:09:19"}
{"level":"info","message":"USER: User retrieved (Username: nikokomninos)","service":"pachingo","timestamp":"2026-01-17 16:09:19"}
{"level":"info","message":"USER: User retrieved (Username: nikokomninos)","service":"pachingo","timestamp":"2026-01-17 16:09:19"}
{"level":"info","message":"USER: User retrieved (Username: nikokomninos)","service":"pachingo","timestamp":"2026-01-17 16:09:19"}
{"level":"info","message":"USER: User retrieved (Username: nikokomninos)","service":"pachingo","timestamp":"2026-01-17 16:09:19"}
{"level":"info","message":"USER: User retrieved (Username: nikokomninos)","service":"pachingo","timestamp":"2026-01-17 16:09:19"}
{"level":"info","message":"USER: User retrieved (Username: nikokomninos)","service":"pachingo","timestamp":"2026-01-17 16:09:19"}
{"level":"info","message":"USER: User retrieved (Username: nikokomninos)","service":"pachingo","timestamp":"2026-01-17 16:09:19"}
{"level":"info","message":"USER: User retrieved (Username: nikokomninos)","service":"pachingo","timestamp":"2026-01-17 16:09:19"}
{"level":"info","message":"USER: User retrieved (Username: nikokomninos)","service":"pachingo","timestamp":"2026-01-17 16:09:19"}
{"level":"info","message":"USER: User retrieved (Username: nikokomninos)","service":"pachingo","timestamp":"2026-01-17 16:09:19"}
{"level":"info","message":"USER: User retrieved (Username: nikokomninos)","service":"pachingo","timestamp":"2026-01-17 16:09:19"}
{"level":"info","message":"USER: User retrieved (Username: nikokomninos)","service":"pachingo","timestamp":"2026-01-17 16:09:19"}
{"level":"info","message":"USER: User retrieved (Username: nikokomninos)","service":"pachingo","timestamp":"2026-01-17 16:09:20"}
{"level":"info","message":"USER: User retrieved (Username: nikokomninos)","service":"pachingo","timestamp":"2026-01-17 16:09:20"}
{"level":"info","message":"USER: User retrieved (Username: nikokomninos)","service":"pachingo","timestamp":"2026-01-17 16:09:20"}
{"level":"info","message":"USER: User retrieved (Username: nikokomninos)","service":"pachingo","timestamp":"2026-01-17 16:09:20"}
{"level":"info","message":"USER: User retrieved (Username: nikokomninos)","service":"pachingo","timestamp":"2026-01-17 16:09:20"}
{"level":"info","message":"USER: User retrieved (Username: nikokomninos)","service":"pachingo","timestamp":"2026-01-17 16:09:20"}
{"level":"info","message":"USER: User retrieved (Username: nikokomninos)","service":"pachingo","timestamp":"2026-01-17 16:09:20"}
{"level":"info","message":"USER: User retrieved (Username: nikokomninos)","service":"pachingo","timestamp":"2026-01-17 16:09:20"}
{"level":"info","message":"USER: User retrieved (Username: nikokomninos)","service":"pachingo","timestamp":"2026-01-17 16:09:20"}
{"level":"info","message":"USER: User retrieved (Username: nikokomninos)","service":"pachingo","timestamp":"2026-01-17 16:09:20"}
{"level":"info","message":"USER: User retrieved (Username: nikokomninos)","service":"pachingo","timestamp":"2026-01-17 16:09:20"}
{"level":"info","message":"USER: User retrieved (Username: nikokomninos)","service":"pachingo","timestamp":"2026-01-17 16:09:20"}
{"level":"info","message":"USER: User retrieved (Username: nikokomninos)","service":"pachingo","timestamp":"2026-01-17 16:09:20"}
{"level":"info","message":"USER: User retrieved (Username: nikokomninos)","service":"pachingo","timestamp":"2026-01-17 16:09:20"}
{"level":"info","message":"USER: User retrieved (Username: nikokomninos)","service":"pachingo","timestamp":"2026-01-17 16:09:20"}
{"level":"info","message":"USER: User retrieved (Username: nikokomninos)","service":"pachingo","timestamp":"2026-01-17 16:09:20"}
{"level":"info","message":"USER: User retrieved (Username: nikokomninos)","service":"pachingo","timestamp":"2026-01-17 16:09:21"}
{"level":"info","message":"USER: User retrieved (Username: nikokomninos)","service":"pachingo","timestamp":"2026-01-17 16:09:21"}
{"level":"info","message":"USER: User retrieved (Username: nikokomninos)","service":"pachingo","timestamp":"2026-01-17 16:09:21"}
{"level":"info","message":"USER: User retrieved (Username: nikokomninos)","service":"pachingo","timestamp":"2026-01-17 16:09:21"}
{"level":"info","message":"USER: User retrieved (Username: nikokomninos)","service":"pachingo","timestamp":"2026-01-17 16:09:21"}
{"level":"info","message":"USER: User retrieved (Username: nikokomninos)","service":"pachingo","timestamp":"2026-01-17 16:09:21"}
{"level":"info","message":"USER: User retrieved (Username: nikokomninos)","service":"pachingo","timestamp":"2026-01-17 16:09:21"}
{"level":"info","message":"USER: User retrieved (Username: nikokomninos)","service":"pachingo","timestamp":"2026-01-17 16:09:21"}
{"level":"info","message":"USER: User retrieved (Username: nikokomninos)","service":"pachingo","timestamp":"2026-01-17 16:09:21"}
{"level":"info","message":"USER: User retrieved (Username: nikokomninos)","service":"pachingo","timestamp":"2026-01-17 16:09:21"}
{"level":"info","message":"USER: User retrieved (Username: nikokomninos)","service":"pachingo","timestamp":"2026-01-17 16:09:21"}
{"level":"info","message":"USER: User retrieved (Username: nikokomninos)","service":"pachingo","timestamp":"2026-01-17 16:09:21"}
{"level":"info","message":"USER: User retrieved (Username: nikokomninos)","service":"pachingo","timestamp":"2026-01-17 16:09:21"}
{"level":"info","message":"USER: User retrieved (Username: nikokomninos)","service":"pachingo","timestamp":"2026-01-17 16:09:21"}
{"level":"info","message":"USER: User retrieved (Username: nikokomninos)","service":"pachingo","timestamp":"2026-01-17 16:09:21"}
{"level":"info","message":"USER: User retrieved (Username: nikokomninos)","service":"pachingo","timestamp":"2026-01-17 16:09:21"}
{"level":"info","message":"USER: User retrieved (Username: nikokomninos)","service":"pachingo","timestamp":"2026-01-17 16:09:21"}
{"level":"info","message":"USER: User retrieved (Username: nikokomninos)","service":"pachingo","timestamp":"2026-01-17 16:09:21"}
{"level":"info","message":"USER: User retrieved (Username: nikokomninos)","service":"pachingo","timestamp":"2026-01-17 16:09:22"}
{"level":"info","message":"USER: User retrieved (Username: nikokomninos)","service":"pachingo","timestamp":"2026-01-17 16:09:22"}
{"level":"info","message":"USER: User retrieved (Username: nikokomninos)","service":"pachingo","timestamp":"2026-01-17 16:09:22"}
{"level":"info","message":"USER: User retrieved (Username: nikokomninos)","service":"pachingo","timestamp":"2026-01-17 16:09:22"}
{"level":"info","message":"USER: User retrieved (Username: nikokomninos)","service":"pachingo","timestamp":"2026-01-17 16:09:22"}
{"level":"info","message":"USER: User retrieved (Username: nikokomninos)","service":"pachingo","timestamp":"2026-01-17 16:09:22"}
{"level":"info","message":"USER: User retrieved (Username: nikokomninos)","service":"pachingo","timestamp":"2026-01-17 16:09:22"}
{"level":"info","message":"USER: User retrieved (Username: nikokomninos)","service":"pachingo","timestamp":"2026-01-17 16:09:22"}
{"level":"info","message":"USER: User retrieved (Username: nikokomninos)","service":"pachingo","timestamp":"2026-01-17 16:09:22"}
{"level":"info","message":"USER: User retrieved (Username: nikokomninos)","service":"pachingo","timestamp":"2026-01-17 16:09:22"}
{"level":"info","message":"USER: User retrieved (Username: nikokomninos)","service":"pachingo","timestamp":"2026-01-17 16:09:22"}
{"level":"info","message":"USER: User retrieved (Username: nikokomninos)","service":"pachingo","timestamp":"2026-01-17 16:09:22"}
{"level":"info","message":"USER: User retrieved (Username: nikokomninos)","service":"pachingo","timestamp":"2026-01-17 16:09:22"}
{"level":"info","message":"USER: User retrieved (Username: nikokomninos)","service":"pachingo","timestamp":"2026-01-17 16:09:22"}
{"level":"info","message":"USER: User retrieved (Username: nikokomninos)","service":"pachingo","timestamp":"2026-01-17 16:09:22"}
{"level":"info","message":"USER: User retrieved (Username: nikokomninos)","service":"pachingo","timestamp":"2026-01-17 16:09:23"}
{"level":"info","message":"USER: User retrieved (Username: nikokomninos)","service":"pachingo","timestamp":"2026-01-17 16:09:23"}
{"level":"info","message":"USER: User retrieved (Username: nikokomninos)","service":"pachingo","timestamp":"2026-01-17 16:09:23"}
{"level":"info","message":"USER: User retrieved (Username: nikokomninos)","service":"pachingo","timestamp":"2026-01-17 16:09:23"}
{"level":"info","message":"USER: User retrieved (Username: nikokomninos)","service":"pachingo","timestamp":"2026-01-17 16:09:23"}
{"level":"info","message":"USER: User retrieved (Username: nikokomninos)","service":"pachingo","timestamp":"2026-01-17 16:09:23"}
{"level":"info","message":"USER: User retrieved (Username: nikokomninos)","service":"pachingo","timestamp":"2026-01-17 16:09:23"}
{"level":"info","message":"USER: User retrieved (Username: nikokomninos)","service":"pachingo","timestamp":"2026-01-17 16:09:23"}
{"level":"info","message":"USER: User retrieved (Username: nikokomninos)","service":"pachingo","timestamp":"2026-01-17 16:09:23"}
{"level":"info","message":"USER: User retrieved (Username: nikokomninos)","service":"pachingo","timestamp":"2026-01-17 16:09:23"}
{"level":"info","message":"USER: User retrieved (Username: nikokomninos)","service":"pachingo","timestamp":"2026-01-17 16:09:23"}
{"level":"info","message":"USER: User retrieved (Username: nikokomninos)","service":"pachingo","timestamp":"2026-01-17 16:09:23"}
{"level":"info","message":"USER: User retrieved (Username: nikokomninos)","service":"pachingo","timestamp":"2026-01-17 16:09:23"}
{"level":"info","message":"USER: User retrieved (Username: nikokomninos)","service":"pachingo","timestamp":"2026-01-17 16:09:23"}
{"level":"info","message":"USER: User retrieved (Username: nikokomninos)","service":"pachingo","timestamp":"2026-01-17 16:09:23"}
{"level":"info","message":"USER: User retrieved (Username: nikokomninos)","service":"pachingo","timestamp":"2026-01-17 16:09:23"}
{"level":"info","message":"USER: User retrieved (Username: nikokomninos)","service":"pachingo","timestamp":"2026-01-17 16:09:23"}
{"level":"info","message":"USER: User retrieved (Username: nikokomninos)","service":"pachingo","timestamp":"2026-01-17 16:09:23"}
{"level":"info","message":"USER: User retrieved (Username: nikokomninos)","service":"pachingo","timestamp":"2026-01-17 16:09:24"}
{"level":"info","message":"USER: User retrieved (Username: nikokomninos)","service":"pachingo","timestamp":"2026-01-17 16:09:24"}
{"level":"info","message":"USER: User retrieved (Username: nikokomninos)","service":"pachingo","timestamp":"2026-01-17 16:09:24"}
{"level":"info","message":"USER: User retrieved (Username: nikokomninos)","service":"pachingo","timestamp":"2026-01-17 16:09:24"}
{"level":"info","message":"USER: User retrieved (Username: nikokomninos)","service":"pachingo","timestamp":"2026-01-17 16:09:24"}
{"level":"info","message":"USER: User retrieved (Username: nikokomninos)","service":"pachingo","timestamp":"2026-01-17 16:09:24"}
{"level":"info","message":"USER: User retrieved (Username: nikokomninos)","service":"pachingo","timestamp":"2026-01-17 16:09:24"}
{"level":"info","message":"USER: User retrieved (Username: nikokomninos)","service":"pachingo","timestamp":"2026-01-17 16:09:24"}
{"level":"info","message":"USER: User retrieved (Username: nikokomninos)","service":"pachingo","timestamp":"2026-01-17 16:09:24"}
{"level":"info","message":"USER: User retrieved (Username: nikokomninos)","service":"pachingo","timestamp":"2026-01-17 16:09:24"}
{"level":"info","message":"USER: User retrieved (Username: nikokomninos)","service":"pachingo","timestamp":"2026-01-17 16:09:24"}
{"level":"info","message":"USER: User retrieved (Username: nikokomninos)","service":"pachingo","timestamp":"2026-01-17 16:09:24"}
{"level":"info","message":"USER: User retrieved (Username: nikokomninos)","service":"pachingo","timestamp":"2026-01-17 16:09:24"}
{"level":"info","message":"USER: User retrieved (Username: nikokomninos)","service":"pachingo","timestamp":"2026-01-17 16:09:24"}
{"level":"info","message":"USER: User retrieved (Username: nikokomninos)","service":"pachingo","timestamp":"2026-01-17 16:09:24"}
{"level":"info","message":"USER: User retrieved (Username: nikokomninos)","service":"pachingo","timestamp":"2026-01-17 16:09:25"}
{"level":"info","message":"USER: User retrieved (Username: nikokomninos)","service":"pachingo","timestamp":"2026-01-17 16:09:25"}
{"level":"info","message":"USER: User retrieved (Username: nikokomninos)","service":"pachingo","timestamp":"2026-01-17 16:09:25"}
{"level":"info","message":"USER: User retrieved (Username: nikokomninos)","service":"pachingo","timestamp":"2026-01-17 16:09:25"}
{"level":"info","message":"USER: User retrieved (Username: nikokomninos)","service":"pachingo","timestamp":"2026-01-17 16:09:25"}
{"level":"info","message":"USER: User retrieved (Username: nikokomninos)","service":"pachingo","timestamp":"2026-01-17 16:09:25"}
{"level":"info","message":"USER: User retrieved (Username: nikokomninos)","service":"pachingo","timestamp":"2026-01-17 16:09:25"}
{"level":"info","message":"USER: User retrieved (Username: nikokomninos)","service":"pachingo","timestamp":"2026-01-17 16:09:25"}
{"level":"info","message":"USER: User retrieved (Username: nikokomninos)","service":"pachingo","timestamp":"2026-01-17 16:09:25"}
{"level":"info","message":"USER: User retrieved (Username: nikokomninos)","service":"pachingo","timestamp":"2026-01-17 16:09:25"}
{"level":"info","message":"USER: User retrieved (Username: nikokomninos)","service":"pachingo","timestamp":"2026-01-17 16:09:25"}
{"level":"info","message":"USER: User retrieved (Username: nikokomninos)","service":"pachingo","timestamp":"2026-01-17 16:09:25"}
{"level":"info","message":"USER: User retrieved (Username: nikokomninos)","service":"pachingo","timestamp":"2026-01-17 16:09:25"}
{"level":"info","message":"USER: User retrieved (Username: nikokomninos)","service":"pachingo","timestamp":"2026-01-17 16:09:25"}
{"level":"info","message":"USER: User retrieved (Username: nikokomninos)","service":"pachingo","timestamp":"2026-01-17 16:09:25"}
{"level":"info","message":"USER: User retrieved (Username: nikokomninos)","service":"pachingo","timestamp":"2026-01-17 16:09:25"}
{"level":"info","message":"USER: User retrieved (Username: nikokomninos)","service":"pachingo","timestamp":"2026-01-17 16:09:25"}
{"level":"info","message":"USER: User retrieved (Username: nikokomninos)","service":"pachingo","timestamp":"2026-01-17 16:09:25"}
{"level":"info","message":"USER: User retrieved (Username: nikokomninos)","service":"pachingo","timestamp":"2026-01-17 16:09:26"}
{"level":"info","message":"USER: User retrieved (Username: nikokomninos)","service":"pachingo","timestamp":"2026-01-17 16:09:26"}
{"level":"info","message":"USER: User retrieved (Username: nikokomninos)","service":"pachingo","timestamp":"2026-01-17 16:09:26"}
{"level":"info","message":"USER: User retrieved (Username: nikokomninos)","service":"pachingo","timestamp":"2026-01-17 16:09:26"}
{"level":"info","message":"USER: User retrieved (Username: nikokomninos)","service":"pachingo","timestamp":"2026-01-17 16:09:26"}
{"level":"info","message":"USER: User retrieved (Username: nikokomninos)","service":"pachingo","timestamp":"2026-01-17 16:09:26"}
{"level":"info","message":"USER: User retrieved (Username: nikokomninos)","service":"pachingo","timestamp":"2026-01-17 16:09:26"}
{"level":"info","message":"USER: User retrieved (Username: nikokomninos)","service":"pachingo","timestamp":"2026-01-17 16:09:26"}
{"level":"info","message":"USER: User retrieved (Username: nikokomninos)","service":"pachingo","timestamp":"2026-01-17 16:09:26"}
{"level":"info","message":"USER: User retrieved (Username: nikokomninos)","service":"pachingo","timestamp":"2026-01-17 16:09:26"}
{"level":"info","message":"USER: User retrieved (Username: nikokomninos)","service":"pachingo","timestamp":"2026-01-17 16:09:26"}
{"level":"info","message":"USER: User retrieved (Username: nikokomninos)","service":"pachingo","timestamp":"2026-01-17 16:09:26"}
{"level":"info","message":"USER: User retrieved (Username: nikokomninos)","service":"pachingo","timestamp":"2026-01-17 16:09:26"}
{"level":"info","message":"USER: User retrieved (Username: nikokomninos)","service":"pachingo","timestamp":"2026-01-17 16:09:26"}
{"level":"info","message":"USER: User retrieved (Username: nikokomninos)","service":"pachingo","timestamp":"2026-01-17 16:09:26"}
{"level":"info","message":"USER: User retrieved (Username: nikokomninos)","service":"pachingo","timestamp":"2026-01-17 16:09:26"}
{"level":"info","message":"USER: User retrieved (Username: nikokomninos)","service":"pachingo","timestamp":"2026-01-17 16:09:26"}
{"level":"info","message":"USER: User retrieved (Username: nikokomninos)","service":"pachingo","timestamp":"2026-01-17 16:09:27"}
{"level":"info","message":"USER: User retrieved (Username: nikokomninos)","service":"pachingo","timestamp":"2026-01-17 16:09:27"}
{"level":"info","message":"USER: User retrieved (Username: nikokomninos)","service":"pachingo","timestamp":"2026-01-17 16:09:27"}
{"level":"info","message":"USER: User retrieved (Username: nikokomninos)","service":"pachingo","timestamp":"2026-01-17 16:09:27"}
{"level":"info","message":"USER: User retrieved (Username: nikokomninos)","service":"pachingo","timestamp":"2026-01-17 16:09:27"}
{"level":"info","message":"USER: User retrieved (Username: nikokomninos)","service":"pachingo","timestamp":"2026-01-17 16:09:27"}
{"level":"info","message":"USER: User retrieved (Username: nikokomninos)","service":"pachingo","timestamp":"2026-01-17 16:09:27"}
{"level":"info","message":"USER: User retrieved (Username: nikokomninos)","service":"pachingo","timestamp":"2026-01-17 16:09:27"}
{"level":"info","message":"USER: User retrieved (Username: nikokomninos)","service":"pachingo","timestamp":"2026-01-17 16:09:27"}
{"level":"info","message":"USER: User retrieved (Username: nikokomninos)","service":"pachingo","timestamp":"2026-01-17 16:09:27"}
{"level":"info","message":"USER: User retrieved (Username: nikokomninos)","service":"pachingo","timestamp":"2026-01-17 16:09:27"}
{"level":"info","message":"USER: User retrieved (Username: nikokomninos)","service":"pachingo","timestamp":"2026-01-17 16:09:27"}
{"level":"info","message":"USER: User retrieved (Username: nikokomninos)","service":"pachingo","timestamp":"2026-01-17 16:09:27"}
{"level":"info","message":"USER: User retrieved (Username: nikokomninos)","service":"pachingo","timestamp":"2026-01-17 16:09:27"}
{"level":"info","message":"USER: User retrieved (Username: nikokomninos)","service":"pachingo","timestamp":"2026-01-17 16:09:27"}
{"level":"info","message":"USER: User retrieved (Username: nikokomninos)","service":"pachingo","timestamp":"2026-01-17 16:09:27"}
{"level":"info","message":"USER: User retrieved (Username: nikokomninos)","service":"pachingo","timestamp":"2026-01-17 16:09:27"}
{"level":"info","message":"USER: User retrieved (Username: nikokomninos)","service":"pachingo","timestamp":"2026-01-17 16:09:27"}
{"level":"info","message":"USER: User retrieved (Username: nikokomninos)","service":"pachingo","timestamp":"2026-01-17 16:09:28"}
{"level":"info","message":"USER: User retrieved (Username: nikokomninos)","service":"pachingo","timestamp":"2026-01-17 16:09:28"}
{"level":"info","message":"USER: User retrieved (Username: nikokomninos)","service":"pachingo","timestamp":"2026-01-17 16:09:28"}
{"level":"info","message":"USER: User retrieved (Username: nikokomninos)","service":"pachingo","timestamp":"2026-01-17 16:09:28"}
{"level":"info","message":"USER: User retrieved (Username: nikokomninos)","service":"pachingo","timestamp":"2026-01-17 16:09:28"}
{"level":"info","message":"USER: User retrieved (Username: nikokomninos)","service":"pachingo","timestamp":"2026-01-17 16:09:28"}
{"level":"info","message":"USER: User retrieved (Username: nikokomninos)","service":"pachingo","timestamp":"2026-01-17 16:09:28"}
{"level":"info","message":"USER: User retrieved (Username: nikokomninos)","service":"pachingo","timestamp":"2026-01-17 16:09:28"}
{"level":"info","message":"USER: User retrieved (Username: nikokomninos)","service":"pachingo","timestamp":"2026-01-17 16:09:28"}
{"level":"info","message":"USER: User retrieved (Username: nikokomninos)","service":"pachingo","timestamp":"2026-01-17 16:09:28"}
{"level":"info","message":"USER: User retrieved (Username: nikokomninos)","service":"pachingo","timestamp":"2026-01-17 16:09:28"}
{"level":"info","message":"USER: User retrieved (Username: nikokomninos)","service":"pachingo","timestamp":"2026-01-17 16:09:28"}
{"level":"info","message":"USER: User retrieved (Username: nikokomninos)","service":"pachingo","timestamp":"2026-01-17 16:09:28"}
{"level":"info","message":"USER: User retrieved (Username: nikokomninos)","service":"pachingo","timestamp":"2026-01-17 16:09:28"}
{"level":"info","message":"USER: User retrieved (Username: nikokomninos)","service":"pachingo","timestamp":"2026-01-17 16:09:28"}
{"level":"info","message":"USER: User retrieved (Username: nikokomninos)","service":"pachingo","timestamp":"2026-01-17 16:09:28"}
{"level":"info","message":"USER: User retrieved (Username: nikokomninos)","service":"pachingo","timestamp":"2026-01-17 16:09:28"}
{"level":"info","message":"USER: User retrieved (Username: nikokomninos)","service":"pachingo","timestamp":"2026-01-17 16:09:29"}
{"level":"info","message":"USER: User retrieved (Username: nikokomninos)","service":"pachingo","timestamp":"2026-01-17 16:09:29"}
{"level":"info","message":"USER: User retrieved (Username: nikokomninos)","service":"pachingo","timestamp":"2026-01-17 16:09:29"}
{"level":"info","message":"USER: User retrieved (Username: nikokomninos)","service":"pachingo","timestamp":"2026-01-17 16:09:29"}
{"level":"info","message":"USER: User retrieved (Username: nikokomninos)","service":"pachingo","timestamp":"2026-01-17 16:09:29"}
{"level":"info","message":"USER: User retrieved (Username: nikokomninos)","service":"pachingo","timestamp":"2026-01-17 16:09:29"}
{"level":"info","message":"USER: User retrieved (Username: nikokomninos)","service":"pachingo","timestamp":"2026-01-17 16:09:29"}
{"level":"info","message":"USER: User retrieved (Username: nikokomninos)","service":"pachingo","timestamp":"2026-01-17 16:09:29"}
{"level":"info","message":"USER: User retrieved (Username: nikokomninos)","service":"pachingo","timestamp":"2026-01-17 16:09:29"}
{"level":"info","message":"USER: User retrieved (Username: nikokomninos)","service":"pachingo","timestamp":"2026-01-17 16:09:29"}
{"level":"info","message":"USER: User retrieved (Username: nikokomninos)","service":"pachingo","timestamp":"2026-01-17 16:09:29"}
{"level":"info","message":"USER: User retrieved (Username: nikokomninos)","service":"pachingo","timestamp":"2026-01-17 16:09:29"}
{"level":"info","message":"USER: User retrieved (Username: nikokomninos)","service":"pachingo","timestamp":"2026-01-17 16:09:29"}
{"level":"info","message":"USER: User retrieved (Username: nikokomninos)","service":"pachingo","timestamp":"2026-01-17 16:09:29"}
{"level":"info","message":"USER: User retrieved (Username: nikokomninos)","service":"pachingo","timestamp":"2026-01-17 16:09:29"}
{"level":"info","message":"USER: User retrieved (Username: nikokomninos)","service":"pachingo","timestamp":"2026-01-17 16:09:29"}
{"level":"info","message":"USER: User retrieved (Username: nikokomninos)","service":"pachingo","timestamp":"2026-01-17 16:09:29"}
{"level":"info","message":"USER: User retrieved (Username: nikokomninos)","service":"pachingo","timestamp":"2026-01-17 16:09:29"}
{"level":"info","message":"USER: User retrieved (Username: nikokomninos)","service":"pachingo","timestamp":"2026-01-17 16:09:29"}
{"level":"info","message":"USER: User retrieved (Username: nikokomninos)","service":"pachingo","timestamp":"2026-01-17 16:09:30"}
{"level":"info","message":"USER: User retrieved (Username: nikokomninos)","service":"pachingo","timestamp":"2026-01-17 16:09:30"}
{"level":"info","message":"USER: User retrieved (Username: nikokomninos)","service":"pachingo","timestamp":"2026-01-17 16:09:30"}
{"level":"info","message":"USER: User retrieved (Username: nikokomninos)","service":"pachingo","timestamp":"2026-01-17 16:09:30"}
{"level":"info","message":"USER: User retrieved (Username: nikokomninos)","service":"pachingo","timestamp":"2026-01-17 16:09:30"}
{"level":"info","message":"USER: User retrieved (Username: nikokomninos)","service":"pachingo","timestamp":"2026-01-17 16:09:30"}
{"level":"info","message":"USER: User retrieved (Username: nikokomninos)","service":"pachingo","timestamp":"2026-01-17 16:09:30"}
{"level":"info","message":"USER: User retrieved (Username: nikokomninos)","service":"pachingo","timestamp":"2026-01-17 16:09:30"}
{"level":"info","message":"USER: User retrieved (Username: nikokomninos)","service":"pachingo","timestamp":"2026-01-17 16:09:30"}
{"level":"info","message":"USER: User retrieved (Username: nikokomninos)","service":"pachingo","timestamp":"2026-01-17 16:09:30"}
{"level":"info","message":"USER: User retrieved (Username: nikokomninos)","service":"pachingo","timestamp":"2026-01-17 16:09:30"}
{"level":"info","message":"USER: User retrieved (Username: nikokomninos)","service":"pachingo","timestamp":"2026-01-17 16:09:30"}
{"level":"info","message":"USER: User retrieved (Username: nikokomninos)","service":"pachingo","timestamp":"2026-01-17 16:09:30"}
{"level":"info","message":"USER: User retrieved (Username: nikokomninos)","service":"pachingo","timestamp":"2026-01-17 16:09:30"}
{"level":"info","message":"USER: User retrieved (Username: nikokomninos)","service":"pachingo","timestamp":"2026-01-17 16:09:30"}
{"level":"info","message":"USER: User retrieved (Username: nikokomninos)","service":"pachingo","timestamp":"2026-01-17 16:09:31"}
{"level":"info","message":"USER: User retrieved (Username: nikokomninos)","service":"pachingo","timestamp":"2026-01-17 16:09:31"}
{"level":"info","message":"USER: User retrieved (Username: nikokomninos)","service":"pachingo","timestamp":"2026-01-17 16:09:31"}
{"level":"info","message":"USER: User retrieved (Username: nikokomninos)","service":"pachingo","timestamp":"2026-01-17 16:09:31"}
{"level":"info","message":"USER: User retrieved (Username: nikokomninos)","service":"pachingo","timestamp":"2026-01-17 16:09:31"}
{"level":"info","message":"USER: User retrieved (Username: nikokomninos)","service":"pachingo","timestamp":"2026-01-17 16:09:31"}
{"level":"info","message":"USER: User retrieved (Username: nikokomninos)","service":"pachingo","timestamp":"2026-01-17 16:09:31"}
{"level":"info","message":"USER: User retrieved (Username: nikokomninos)","service":"pachingo","timestamp":"2026-01-17 16:09:31"}
{"level":"info","message":"USER: User retrieved (Username: nikokomninos)","service":"pachingo","timestamp":"2026-01-17 16:09:31"}
{"level":"info","message":"USER: User retrieved (Username: nikokomninos)","service":"pachingo","timestamp":"2026-01-17 16:09:31"}
{"level":"info","message":"USER: User retrieved (Username: nikokomninos)","service":"pachingo","timestamp":"2026-01-17 16:09:31"}
{"level":"info","message":"USER: User retrieved (Username: nikokomninos)","service":"pachingo","timestamp":"2026-01-17 16:09:31"}
{"level":"info","message":"USER: User retrieved (Username: nikokomninos)","service":"pachingo","timestamp":"2026-01-17 16:09:31"}
{"level":"info","message":"USER: User retrieved (Username: nikokomninos)","service":"pachingo","timestamp":"2026-01-17 16:09:31"}
{"level":"info","message":"USER: User retrieved (Username: nikokomninos)","service":"pachingo","timestamp":"2026-01-17 16:09:31"}
{"level":"info","message":"USER: User retrieved (Username: nikokomninos)","service":"pachingo","timestamp":"2026-01-17 16:09:31"}
{"level":"info","message":"USER: User retrieved (Username: nikokomninos)","service":"pachingo","timestamp":"2026-01-17 16:09:31"}
{"level":"info","message":"USER: User retrieved (Username: nikokomninos)","service":"pachingo","timestamp":"2026-01-17 16:09:31"}
{"level":"info","message":"USER: User retrieved (Username: nikokomninos)","service":"pachingo","timestamp":"2026-01-17 16:09:32"}
{"level":"info","message":"USER: User retrieved (Username: nikokomninos)","service":"pachingo","timestamp":"2026-01-17 16:09:32"}
{"level":"info","message":"USER: User retrieved (Username: nikokomninos)","service":"pachingo","timestamp":"2026-01-17 16:09:32"}
{"level":"info","message":"USER: User retrieved (Username: nikokomninos)","service":"pachingo","timestamp":"2026-01-17 16:09:32"}
{"level":"info","message":"USER: User retrieved (Username: nikokomninos)","service":"pachingo","timestamp":"2026-01-17 16:09:32"}
{"level":"info","message":"USER: User retrieved (Username: nikokomninos)","service":"pachingo","timestamp":"2026-01-17 16:09:32"}
{"level":"info","message":"USER: User retrieved (Username: nikokomninos)","service":"pachingo","timestamp":"2026-01-17 16:09:32"}
{"level":"info","message":"USER: User retrieved (Username: nikokomninos)","service":"pachingo","timestamp":"2026-01-17 16:09:32"}
{"level":"info","message":"USER: User retrieved (Username: nikokomninos)","service":"pachingo","timestamp":"2026-01-17 16:09:32"}
{"level":"info","message":"USER: User retrieved (Username: nikokomninos)","service":"pachingo","timestamp":"2026-01-17 16:09:32"}
{"level":"info","message":"USER: User retrieved (Username: nikokomninos)","service":"pachingo","timestamp":"2026-01-17 16:09:32"}
{"level":"info","message":"USER: User retrieved (Username: nikokomninos)","service":"pachingo","timestamp":"2026-01-17 16:09:32"}
{"level":"info","message":"USER: User retrieved (Username: nikokomninos)","service":"pachingo","timestamp":"2026-01-17 16:09:32"}
{"level":"info","message":"USER: User retrieved (Username: nikokomninos)","service":"pachingo","timestamp":"2026-01-17 16:09:32"}
{"level":"info","message":"USER: User retrieved (Username: nikokomninos)","service":"pachingo","timestamp":"2026-01-17 16:09:32"}
{"level":"info","message":"USER: User retrieved (Username: nikokomninos)","service":"pachingo","timestamp":"2026-01-17 16:09:33"}
{"level":"info","message":"USER: User retrieved (Username: nikokomninos)","service":"pachingo","timestamp":"2026-01-17 16:09:33"}
{"level":"info","message":"USER: User retrieved (Username: nikokomninos)","service":"pachingo","timestamp":"2026-01-17 16:09:33"}
{"level":"info","message":"USER: User retrieved (Username: nikokomninos)","service":"pachingo","timestamp":"2026-01-17 16:09:33"}
{"level":"info","message":"USER: User retrieved (Username: nikokomninos)","service":"pachingo","timestamp":"2026-01-17 16:09:33"}
{"level":"info","message":"USER: User retrieved (Username: nikokomninos)","service":"pachingo","timestamp":"2026-01-17 16:09:33"}
{"level":"info","message":"USER: User retrieved (Username: nikokomninos)","service":"pachingo","timestamp":"2026-01-17 16:09:33"}
{"level":"info","message":"USER: User retrieved (Username: nikokomninos)","service":"pachingo","timestamp":"2026-01-17 16:09:33"}
{"level":"info","message":"USER: User retrieved (Username: nikokomninos)","service":"pachingo","timestamp":"2026-01-17 16:09:33"}
{"level":"info","message":"USER: User retrieved (Username: nikokomninos)","service":"pachingo","timestamp":"2026-01-17 16:09:33"}
{"level":"info","message":"USER: User retrieved (Username: nikokomninos)","service":"pachingo","timestamp":"2026-01-17 16:09:33"}
{"level":"info","message":"USER: User retrieved (Username: nikokomninos)","service":"pachingo","timestamp":"2026-01-17 16:09:33"}
{"level":"info","message":"USER: User retrieved (Username: nikokomninos)","service":"pachingo","timestamp":"2026-01-17 16:09:33"}
{"level":"info","message":"USER: User retrieved (Username: nikokomninos)","service":"pachingo","timestamp":"2026-01-17 16:09:33"}
{"level":"info","message":"USER: User retrieved (Username: nikokomninos)","service":"pachingo","timestamp":"2026-01-17 16:09:33"}
{"level":"info","message":"USER: User retrieved (Username: nikokomninos)","service":"pachingo","timestamp":"2026-01-17 16:09:33"}
{"level":"info","message":"USER: User retrieved (Username: nikokomninos)","service":"pachingo","timestamp":"2026-01-17 16:09:34"}
{"level":"info","message":"USER: User retrieved (Username: nikokomninos)","service":"pachingo","timestamp":"2026-01-17 16:09:34"}
{"level":"info","message":"USER: User retrieved (Username: nikokomninos)","service":"pachingo","timestamp":"2026-01-17 16:09:34"}
{"level":"info","message":"USER: User retrieved (Username: nikokomninos)","service":"pachingo","timestamp":"2026-01-17 16:09:34"}
{"level":"info","message":"USER: User retrieved (Username: nikokomninos)","service":"pachingo","timestamp":"2026-01-17 16:09:34"}
{"level":"info","message":"USER: User retrieved (Username: nikokomninos)","service":"pachingo","timestamp":"2026-01-17 16:09:34"}
{"level":"info","message":"USER: User retrieved (Username: nikokomninos)","service":"pachingo","timestamp":"2026-01-17 16:09:34"}
{"level":"info","message":"USER: User retrieved (Username: nikokomninos)","service":"pachingo","timestamp":"2026-01-17 16:09:34"}
{"level":"info","message":"USER: User retrieved (Username: nikokomninos)","service":"pachingo","timestamp":"2026-01-17 16:09:34"}
{"level":"info","message":"USER: User retrieved (Username: nikokomninos)","service":"pachingo","timestamp":"2026-01-17 16:09:34"}
{"level":"info","message":"USER: User retrieved (Username: nikokomninos)","service":"pachingo","timestamp":"2026-01-17 16:09:34"}
{"level":"info","message":"USER: User retrieved (Username: nikokomninos)","service":"pachingo","timestamp":"2026-01-17 16:09:34"}
{"level":"info","message":"USER: User retrieved (Username: nikokomninos)","service":"pachingo","timestamp":"2026-01-17 16:09:34"}
{"level":"info","message":"USER: User retrieved (Username: nikokomninos)","service":"pachingo","timestamp":"2026-01-17 16:09:34"}
{"level":"info","message":"USER: User retrieved (Username: nikokomninos)","service":"pachingo","timestamp":"2026-01-17 16:09:34"}
{"level":"info","message":"USER: User retrieved (Username: nikokomninos)","service":"pachingo","timestamp":"2026-01-17 16:09:34"}
{"level":"info","message":"USER: User retrieved (Username: nikokomninos)","service":"pachingo","timestamp":"2026-01-17 16:09:35"}
{"level":"info","message":"USER: User retrieved (Username: nikokomninos)","service":"pachingo","timestamp":"2026-01-17 16:09:35"}
{"level":"info","message":"USER: User retrieved (Username: nikokomninos)","service":"pachingo","timestamp":"2026-01-17 16:09:35"}
{"level":"info","message":"USER: User retrieved (Username: nikokomninos)","service":"pachingo","timestamp":"2026-01-17 16:09:35"}
{"level":"info","message":"USER: User retrieved (Username: nikokomninos)","service":"pachingo","timestamp":"2026-01-17 16:09:35"}
{"level":"info","message":"USER: User retrieved (Username: nikokomninos)","service":"pachingo","timestamp":"2026-01-17 16:09:35"}
{"level":"info","message":"USER: User retrieved (Username: nikokomninos)","service":"pachingo","timestamp":"2026-01-17 16:09:35"}
{"level":"info","message":"USER: User retrieved (Username: nikokomninos)","service":"pachingo","timestamp":"2026-01-17 16:09:35"}
{"level":"info","message":"USER: User retrieved (Username: nikokomninos)","service":"pachingo","timestamp":"2026-01-17 16:09:35"}
{"level":"info","message":"USER: User retrieved (Username: nikokomninos)","service":"pachingo","timestamp":"2026-01-17 16:09:35"}
{"level":"info","message":"USER: User retrieved (Username: nikokomninos)","service":"pachingo","timestamp":"2026-01-17 16:09:35"}
{"level":"info","message":"USER: User retrieved (Username: nikokomninos)","service":"pachingo","timestamp":"2026-01-17 16:09:35"}
{"level":"info","message":"USER: User retrieved (Username: nikokomninos)","service":"pachingo","timestamp":"2026-01-17 16:09:35"}
{"level":"info","message":"USER: User retrieved (Username: nikokomninos)","service":"pachingo","timestamp":"2026-01-17 16:09:35"}
{"level":"info","message":"USER: User retrieved (Username: nikokomninos)","service":"pachingo","timestamp":"2026-01-17 16:09:35"}
{"level":"info","message":"USER: User retrieved (Username: nikokomninos)","service":"pachingo","timestamp":"2026-01-17 16:09:35"}
{"level":"info","message":"USER: User retrieved (Username: nikokomninos)","service":"pachingo","timestamp":"2026-01-17 16:09:35"}
{"level":"info","message":"USER: User retrieved (Username: nikokomninos)","service":"pachingo","timestamp":"2026-01-17 16:09:36"}
{"level":"info","message":"USER: User retrieved (Username: nikokomninos)","service":"pachingo","timestamp":"2026-01-17 16:09:36"}
{"level":"info","message":"USER: User retrieved (Username: nikokomninos)","service":"pachingo","timestamp":"2026-01-17 16:09:36"}
{"level":"info","message":"USER: User retrieved (Username: nikokomninos)","service":"pachingo","timestamp":"2026-01-17 16:09:36"}
{"level":"info","message":"USER: User retrieved (Username: nikokomninos)","service":"pachingo","timestamp":"2026-01-17 16:09:36"}
{"level":"info","message":"USER: User retrieved (Username: nikokomninos)","service":"pachingo","timestamp":"2026-01-17 16:09:36"}
{"level":"info","message":"USER: User retrieved (Username: nikokomninos)","service":"pachingo","timestamp":"2026-01-17 16:09:36"}
{"level":"info","message":"USER: User retrieved (Username: nikokomninos)","service":"pachingo","timestamp":"2026-01-17 16:09:36"}
{"level":"info","message":"USER: User retrieved (Username: nikokomninos)","service":"pachingo","timestamp":"2026-01-17 16:09:36"}
{"level":"info","message":"USER: User retrieved (Username: nikokomninos)","service":"pachingo","timestamp":"2026-01-17 16:09:36"}
{"level":"info","message":"USER: User retrieved (Username: nikokomninos)","service":"pachingo","timestamp":"2026-01-17 16:09:36"}
{"level":"info","message":"USER: User retrieved (Username: nikokomninos)","service":"pachingo","timestamp":"2026-01-17 16:09:36"}
{"level":"info","message":"USER: User retrieved (Username: nikokomninos)","service":"pachingo","timestamp":"2026-01-17 16:09:36"}
{"level":"info","message":"USER: User retrieved (Username: nikokomninos)","service":"pachingo","timestamp":"2026-01-17 16:09:36"}
{"level":"info","message":"USER: User retrieved (Username: nikokomninos)","service":"pachingo","timestamp":"2026-01-17 16:09:36"}
{"level":"info","message":"USER: User retrieved (Username: nikokomninos)","service":"pachingo","timestamp":"2026-01-17 16:09:36"}
{"level":"info","message":"USER: User retrieved (Username: nikokomninos)","service":"pachingo","timestamp":"2026-01-17 16:09:36"}
{"level":"info","message":"USER: User retrieved (Username: nikokomninos)","service":"pachingo","timestamp":"2026-01-17 16:09:36"}
{"level":"info","message":"USER: User retrieved (Username: nikokomninos)","service":"pachingo","timestamp":"2026-01-17 16:09:36"}
{"level":"info","message":"USER: User retrieved (Username: nikokomninos)","service":"pachingo","timestamp":"2026-01-17 16:09:37"}
{"level":"info","message":"USER: User retrieved (Username: nikokomninos)","service":"pachingo","timestamp":"2026-01-17 16:09:37"}
{"level":"info","message":"USER: User retrieved (Username: nikokomninos)","service":"pachingo","timestamp":"2026-01-17 16:09:37"}
{"level":"info","message":"USER: User retrieved (Username: nikokomninos)","service":"pachingo","timestamp":"2026-01-17 16:09:37"}
{"level":"info","message":"USER: User retrieved (Username: nikokomninos)","service":"pachingo","timestamp":"2026-01-17 16:09:37"}
{"level":"info","message":"USER: User retrieved (Username: nikokomninos)","service":"pachingo","timestamp":"2026-01-17 16:09:37"}
{"level":"info","message":"USER: User retrieved (Username: nikokomninos)","service":"pachingo","timestamp":"2026-01-17 16:09:37"}
{"level":"info","message":"USER: User retrieved (Username: nikokomninos)","service":"pachingo","timestamp":"2026-01-17 16:09:37"}
{"level":"info","message":"USER: User retrieved (Username: nikokomninos)","service":"pachingo","timestamp":"2026-01-17 16:09:37"}
{"level":"info","message":"USER: User retrieved (Username: nikokomninos)","service":"pachingo","timestamp":"2026-01-17 16:09:37"}
{"level":"info","message":"USER: User retrieved (Username: nikokomninos)","service":"pachingo","timestamp":"2026-01-17 16:09:37"}
{"level":"info","message":"USER: User retrieved (Username: nikokomninos)","service":"pachingo","timestamp":"2026-01-17 16:09:37"}
{"level":"info","message":"USER: User retrieved (Username: nikokomninos)","service":"pachingo","timestamp":"2026-01-17 16:09:37"}
{"level":"info","message":"USER: User retrieved (Username: nikokomninos)","service":"pachingo","timestamp":"2026-01-17 16:09:37"}
{"level":"info","message":"USER: User retrieved (Username: nikokomninos)","service":"pachingo","timestamp":"2026-01-17 16:09:37"}
{"level":"info","message":"USER: User retrieved (Username: nikokomninos)","service":"pachingo","timestamp":"2026-01-17 16:09:37"}
{"level":"info","message":"USER: User retrieved (Username: nikokomninos)","service":"pachingo","timestamp":"2026-01-17 16:09:37"}
{"level":"info","message":"USER: User retrieved (Username: nikokomninos)","service":"pachingo","timestamp":"2026-01-17 16:09:37"}
{"level":"info","message":"USER: User retrieved (Username: nikokomninos)","service":"pachingo","timestamp":"2026-01-17 16:09:37"}
{"level":"info","message":"USER: User retrieved (Username: nikokomninos)","service":"pachingo","timestamp":"2026-01-17 16:09:38"}
{"level":"info","message":"USER: User retrieved (Username: nikokomninos)","service":"pachingo","timestamp":"2026-01-17 16:09:38"}
{"level":"info","message":"USER: User retrieved (Username: nikokomninos)","service":"pachingo","timestamp":"2026-01-17 16:09:38"}
{"level":"info","message":"USER: User retrieved (Username: nikokomninos)","service":"pachingo","timestamp":"2026-01-17 16:09:38"}
{"level":"info","message":"USER: User retrieved (Username: nikokomninos)","service":"pachingo","timestamp":"2026-01-17 16:09:38"}
{"level":"info","message":"USER: User retrieved (Username: nikokomninos)","service":"pachingo","timestamp":"2026-01-17 16:09:38"}
{"level":"info","message":"USER: User retrieved (Username: nikokomninos)","service":"pachingo","timestamp":"2026-01-17 16:09:38"}
{"level":"info","message":"USER: User retrieved (Username: nikokomninos)","service":"pachingo","timestamp":"2026-01-17 16:09:38"}
{"level":"info","message":"USER: User retrieved (Username: nikokomninos)","service":"pachingo","timestamp":"2026-01-17 16:09:38"}
{"level":"info","message":"USER: User retrieved (Username: nikokomninos)","service":"pachingo","timestamp":"2026-01-17 16:09:38"}
{"level":"info","message":"USER: User retrieved (Username: nikokomninos)","service":"pachingo","timestamp":"2026-01-17 16:09:38"}
{"level":"info","message":"USER: User retrieved (Username: nikokomninos)","service":"pachingo","timestamp":"2026-01-17 16:09:38"}
{"level":"info","message":"USER: User retrieved (Username: nikokomninos)","service":"pachingo","timestamp":"2026-01-17 16:09:38"}
{"level":"info","message":"USER: User retrieved (Username: nikokomninos)","service":"pachingo","timestamp":"2026-01-17 16:09:38"}
{"level":"info","message":"USER: User retrieved (Username: nikokomninos)","service":"pachingo","timestamp":"2026-01-17 16:09:38"}
{"level":"info","message":"USER: User retrieved (Username: nikokomninos)","service":"pachingo","timestamp":"2026-01-17 16:09:38"}
{"level":"info","message":"USER: User retrieved (Username: nikokomninos)","service":"pachingo","timestamp":"2026-01-17 16:09:38"}
{"level":"info","message":"USER: User retrieved (Username: nikokomninos)","service":"pachingo","timestamp":"2026-01-17 16:09:38"}
{"level":"info","message":"USER: User retrieved (Username: nikokomninos)","service":"pachingo","timestamp":"2026-01-17 16:09:39"}
{"level":"info","message":"USER: User retrieved (Username: nikokomninos)","service":"pachingo","timestamp":"2026-01-17 16:09:39"}
{"level":"info","message":"USER: User retrieved (Username: nikokomninos)","service":"pachingo","timestamp":"2026-01-17 16:09:39"}
{"level":"info","message":"USER: User retrieved (Username: nikokomninos)","service":"pachingo","timestamp":"2026-01-17 16:09:39"}
{"level":"info","message":"USER: User retrieved (Username: nikokomninos)","service":"pachingo","timestamp":"2026-01-17 16:09:39"}
{"level":"info","message":"USER: User retrieved (Username: nikokomninos)","service":"pachingo","timestamp":"2026-01-17 16:09:39"}
{"level":"info","message":"USER: User retrieved (Username: nikokomninos)","service":"pachingo","timestamp":"2026-01-17 16:09:39"}
{"level":"info","message":"USER: User retrieved (Username: nikokomninos)","service":"pachingo","timestamp":"2026-01-17 16:09:39"}
{"level":"info","message":"USER: User retrieved (Username: nikokomninos)","service":"pachingo","timestamp":"2026-01-17 16:09:39"}
{"level":"info","message":"USER: User retrieved (Username: nikokomninos)","service":"pachingo","timestamp":"2026-01-17 16:09:39"}
{"level":"info","message":"USER: User retrieved (Username: nikokomninos)","service":"pachingo","timestamp":"2026-01-17 16:09:39"}
{"level":"info","message":"USER: User retrieved (Username: nikokomninos)","service":"pachingo","timestamp":"2026-01-17 16:09:39"}
{"level":"info","message":"USER: User retrieved (Username: nikokomninos)","service":"pachingo","timestamp":"2026-01-17 16:09:39"}
{"level":"info","message":"USER: User retrieved (Username: nikokomninos)","service":"pachingo","timestamp":"2026-01-17 16:09:39"}
{"level":"info","message":"USER: User retrieved (Username: nikokomninos)","service":"pachingo","timestamp":"2026-01-17 16:09:39"}
{"level":"info","message":"USER: User retrieved (Username: nikokomninos)","service":"pachingo","timestamp":"2026-01-17 16:09:39"}
{"level":"info","message":"USER: User retrieved (Username: nikokomninos)","service":"pachingo","timestamp":"2026-01-17 16:09:39"}
{"level":"info","message":"USER: User retrieved (Username: nikokomninos)","service":"pachingo","timestamp":"2026-01-17 16:09:40"}
{"level":"info","message":"USER: User retrieved (Username: nikokomninos)","service":"pachingo","timestamp":"2026-01-17 16:09:40"}
{"level":"info","message":"USER: User retrieved (Username: nikokomninos)","service":"pachingo","timestamp":"2026-01-17 16:09:40"}
{"level":"info","message":"USER: User retrieved (Username: nikokomninos)","service":"pachingo","timestamp":"2026-01-17 16:09:40"}
{"level":"info","message":"USER: User retrieved (Username: nikokomninos)","service":"pachingo","timestamp":"2026-01-17 16:09:40"}
{"level":"info","message":"USER: User retrieved (Username: nikokomninos)","service":"pachingo","timestamp":"2026-01-17 16:09:40"}
{"level":"info","message":"USER: User retrieved (Username: nikokomninos)","service":"pachingo","timestamp":"2026-01-17 16:09:40"}
{"level":"info","message":"USER: User retrieved (Username: nikokomninos)","service":"pachingo","timestamp":"2026-01-17 16:09:40"}
{"level":"info","message":"USER: User retrieved (Username: nikokomninos)","service":"pachingo","timestamp":"2026-01-17 16:09:40"}
{"level":"info","message":"USER: User retrieved (Username: nikokomninos)","service":"pachingo","timestamp":"2026-01-17 16:09:40"}
{"level":"info","message":"USER: User retrieved (Username: nikokomninos)","service":"pachingo","timestamp":"2026-01-17 16:09:40"}
{"level":"info","message":"USER: User retrieved (Username: nikokomninos)","service":"pachingo","timestamp":"2026-01-17 16:09:40"}
{"level":"info","message":"USER: User retrieved (Username: nikokomninos)","service":"pachingo","timestamp":"2026-01-17 16:09:40"}
{"level":"info","message":"USER: User retrieved (Username: nikokomninos)","service":"pachingo","timestamp":"2026-01-17 16:09:40"}
{"level":"info","message":"USER: User retrieved (Username: nikokomninos)","service":"pachingo","timestamp":"2026-01-17 16:09:40"}
{"level":"info","message":"USER: User retrieved (Username: nikokomninos)","service":"pachingo","timestamp":"2026-01-17 16:09:40"}
{"level":"info","message":"USER: User retrieved (Username: nikokomninos)","service":"pachingo","timestamp":"2026-01-17 16:09:40"}
{"level":"info","message":"USER: User retrieved (Username: nikokomninos)","service":"pachingo","timestamp":"2026-01-17 16:09:40"}
{"level":"info","message":"USER: User retrieved (Username: nikokomninos)","service":"pachingo","timestamp":"2026-01-17 16:09:41"}
{"level":"info","message":"USER: User retrieved (Username: nikokomninos)","service":"pachingo","timestamp":"2026-01-17 16:09:41"}
{"level":"info","message":"USER: User retrieved (Username: nikokomninos)","service":"pachingo","timestamp":"2026-01-17 16:09:41"}
{"level":"info","message":"USER: User retrieved (Username: nikokomninos)","service":"pachingo","timestamp":"2026-01-17 16:09:41"}
{"level":"info","message":"USER: User retrieved (Username: nikokomninos)","service":"pachingo","timestamp":"2026-01-17 16:09:41"}
{"level":"info","message":"USER: User retrieved (Username: nikokomninos)","service":"pachingo","timestamp":"2026-01-17 16:09:41"}
{"level":"info","message":"USER: User retrieved (Username: nikokomninos)","service":"pachingo","timestamp":"2026-01-17 16:09:41"}
{"level":"info","message":"USER: User retrieved (Username: nikokomninos)","service":"pachingo","timestamp":"2026-01-17 16:09:41"}
{"level":"info","message":"USER: User retrieved (Username: nikokomninos)","service":"pachingo","timestamp":"2026-01-17 16:09:41"}
{"level":"info","message":"USER: User retrieved (Username: nikokomninos)","service":"pachingo","timestamp":"2026-01-17 16:09:41"}
{"level":"info","message":"USER: User retrieved (Username: nikokomninos)","service":"pachingo","timestamp":"2026-01-17 16:09:41"}
{"level":"info","message":"USER: User retrieved (Username: nikokomninos)","service":"pachingo","timestamp":"2026-01-17 16:09:41"}
{"level":"info","message":"USER: User retrieved (Username: nikokomninos)","service":"pachingo","timestamp":"2026-01-17 16:09:41"}
{"level":"info","message":"USER: User retrieved (Username: nikokomninos)","service":"pachingo","timestamp":"2026-01-17 16:09:41"}
{"level":"info","message":"USER: User retrieved (Username: nikokomninos)","service":"pachingo","timestamp":"2026-01-17 16:09:41"}
{"level":"info","message":"USER: User retrieved (Username: nikokomninos)","service":"pachingo","timestamp":"2026-01-17 16:09:41"}
{"level":"info","message":"USER: User retrieved (Username: nikokomninos)","service":"pachingo","timestamp":"2026-01-17 16:09:41"}
{"level":"info","message":"USER: User retrieved (Username: nikokomninos)","service":"pachingo","timestamp":"2026-01-17 16:09:41"}
{"level":"info","message":"USER: User retrieved (Username: nikokomninos)","service":"pachingo","timestamp":"2026-01-17 16:09:41"}
{"level":"info","message":"USER: User retrieved (Username: nikokomninos)","service":"pachingo","timestamp":"2026-01-17 16:09:41"}
{"level":"info","message":"USER: User retrieved (Username: nikokomninos)","service":"pachingo","timestamp":"2026-01-17 16:09:42"}
{"level":"info","message":"USER: User retrieved (Username: nikokomninos)","service":"pachingo","timestamp":"2026-01-17 16:09:42"}
{"level":"info","message":"USER: User retrieved (Username: nikokomninos)","service":"pachingo","timestamp":"2026-01-17 16:09:42"}
{"level":"info","message":"USER: User retrieved (Username: nikokomninos)","service":"pachingo","timestamp":"2026-01-17 16:09:42"}
{"level":"info","message":"USER: User retrieved (Username: nikokomninos)","service":"pachingo","timestamp":"2026-01-17 16:09:42"}
{"level":"info","message":"USER: User retrieved (Username: nikokomninos)","service":"pachingo","timestamp":"2026-01-17 16:09:42"}
{"level":"info","message":"USER: User retrieved (Username: nikokomninos)","service":"pachingo","timestamp":"2026-01-17 16:09:42"}
{"level":"info","message":"USER: User retrieved (Username: nikokomninos)","service":"pachingo","timestamp":"2026-01-17 16:09:42"}
{"level":"info","message":"USER: User retrieved (Username: nikokomninos)","service":"pachingo","timestamp":"2026-01-17 16:09:42"}
{"level":"info","message":"USER: User retrieved (Username: nikokomninos)","service":"pachingo","timestamp":"2026-01-17 16:09:42"}
{"level":"info","message":"USER: User retrieved (Username: nikokomninos)","service":"pachingo","timestamp":"2026-01-17 16:09:42"}
{"level":"info","message":"USER: User retrieved (Username: nikokomninos)","service":"pachingo","timestamp":"2026-01-17 16:09:42"}
{"level":"info","message":"USER: User retrieved (Username: nikokomninos)","service":"pachingo","timestamp":"2026-01-17 16:09:42"}
{"level":"info","message":"USER: User retrieved (Username: nikokomninos)","service":"pachingo","timestamp":"2026-01-17 16:09:42"}
{"level":"info","message":"USER: User retrieved (Username: nikokomninos)","service":"pachingo","timestamp":"2026-01-17 16:09:42"}
{"level":"info","message":"USER: User retrieved (Username: nikokomninos)","service":"pachingo","timestamp":"2026-01-17 16:09:43"}
{"level":"info","message":"USER: User retrieved (Username: nikokomninos)","service":"pachingo","timestamp":"2026-01-17 16:09:43"}
{"level":"info","message":"USER: User retrieved (Username: nikokomninos)","service":"pachingo","timestamp":"2026-01-17 16:09:43"}
{"level":"info","message":"USER: User retrieved (Username: nikokomninos)","service":"pachingo","timestamp":"2026-01-17 16:09:43"}
{"level":"info","message":"USER: User retrieved (Username: nikokomninos)","service":"pachingo","timestamp":"2026-01-17 16:09:43"}
{"level":"info","message":"USER: User retrieved (Username: nikokomninos)","service":"pachingo","timestamp":"2026-01-17 16:09:43"}
{"level":"info","message":"USER: User retrieved (Username: nikokomninos)","service":"pachingo","timestamp":"2026-01-17 16:09:43"}
{"level":"info","message":"USER: User retrieved (Username: nikokomninos)","service":"pachingo","timestamp":"2026-01-17 16:09:43"}
{"level":"info","message":"USER: User retrieved (Username: nikokomninos)","service":"pachingo","timestamp":"2026-01-17 16:09:43"}
{"level":"info","message":"USER: User retrieved (Username: nikokomninos)","service":"pachingo","timestamp":"2026-01-17 16:09:43"}
{"level":"info","message":"USER: User retrieved (Username: nikokomninos)","service":"pachingo","timestamp":"2026-01-17 16:09:43"}
{"level":"info","message":"USER: User retrieved (Username: nikokomninos)","service":"pachingo","timestamp":"2026-01-17 16:09:43"}
{"level":"info","message":"USER: User retrieved (Username: nikokomninos)","service":"pachingo","timestamp":"2026-01-17 16:09:43"}
{"level":"info","message":"USER: User retrieved (Username: nikokomninos)","service":"pachingo","timestamp":"2026-01-17 16:09:43"}
{"level":"info","message":"USER: User retrieved (Username: nikokomninos)","service":"pachingo","timestamp":"2026-01-17 16:09:43"}
{"level":"info","message":"USER: User retrieved (Username: nikokomninos)","service":"pachingo","timestamp":"2026-01-17 16:09:43"}
{"level":"info","message":"USER: User retrieved (Username: nikokomninos)","service":"pachingo","timestamp":"2026-01-17 16:09:43"}
{"level":"info","message":"USER: User retrieved (Username: nikokomninos)","service":"pachingo","timestamp":"2026-01-17 16:09:43"}
{"level":"info","message":"USER: User retrieved (Username: nikokomninos)","service":"pachingo","timestamp":"2026-01-17 16:09:43"}
{"level":"info","message":"USER: User retrieved (Username: nikokomninos)","service":"pachingo","timestamp":"2026-01-17 16:09:44"}
{"level":"info","message":"USER: User retrieved (Username: nikokomninos)","service":"pachingo","timestamp":"2026-01-17 16:09:44"}
{"level":"info","message":"USER: User retrieved (Username: nikokomninos)","service":"pachingo","timestamp":"2026-01-17 16:09:44"}
{"level":"info","message":"USER: User retrieved (Username: nikokomninos)","service":"pachingo","timestamp":"2026-01-17 16:09:44"}
{"level":"info","message":"USER: User retrieved (Username: nikokomninos)","service":"pachingo","timestamp":"2026-01-17 16:09:44"}
{"level":"info","message":"USER: User retrieved (Username: nikokomninos)","service":"pachingo","timestamp":"2026-01-17 16:09:44"}
{"level":"info","message":"USER: User retrieved (Username: nikokomninos)","service":"pachingo","timestamp":"2026-01-17 16:09:44"}
{"level":"info","message":"USER: User retrieved (Username: nikokomninos)","service":"pachingo","timestamp":"2026-01-17 16:09:44"}
{"level":"info","message":"USER: User retrieved (Username: nikokomninos)","service":"pachingo","timestamp":"2026-01-17 16:09:44"}
{"level":"info","message":"USER: User retrieved (Username: nikokomninos)","service":"pachingo","timestamp":"2026-01-17 16:09:44"}
{"level":"info","message":"USER: User retrieved (Username: nikokomninos)","service":"pachingo","timestamp":"2026-01-17 16:09:44"}
{"level":"info","message":"USER: User retrieved (Username: nikokomninos)","service":"pachingo","timestamp":"2026-01-17 16:09:44"}
{"level":"info","message":"USER: User retrieved (Username: nikokomninos)","service":"pachingo","timestamp":"2026-01-17 16:09:44"}
{"level":"info","message":"USER: User retrieved (Username: nikokomninos)","service":"pachingo","timestamp":"2026-01-17 16:09:44"}
{"level":"info","message":"USER: User retrieved (Username: nikokomninos)","service":"pachingo","timestamp":"2026-01-17 16:09:44"}
{"level":"info","message":"USER: User retrieved (Username: nikokomninos)","service":"pachingo","timestamp":"2026-01-17 16:09:44"}
{"level":"info","message":"USER: User retrieved (Username: nikokomninos)","service":"pachingo","timestamp":"2026-01-17 16:09:44"}
{"level":"info","message":"USER: User retrieved (Username: nikokomninos)","service":"pachingo","timestamp":"2026-01-17 16:09:44"}
{"level":"info","message":"USER: User retrieved (Username: nikokomninos)","service":"pachingo","timestamp":"2026-01-17 16:09:44"}
{"level":"info","message":"USER: User retrieved (Username: nikokomninos)","service":"pachingo","timestamp":"2026-01-17 16:09:45"}
{"level":"info","message":"USER: User retrieved (Username: nikokomninos)","service":"pachingo","timestamp":"2026-01-17 16:09:45"}
{"level":"info","message":"USER: User retrieved (Username: nikokomninos)","service":"pachingo","timestamp":"2026-01-17 16:09:45"}
{"level":"info","message":"USER: User retrieved (Username: nikokomninos)","service":"pachingo","timestamp":"2026-01-17 16:09:45"}
{"level":"info","message":"USER: User retrieved (Username: nikokomninos)","service":"pachingo","timestamp":"2026-01-17 16:09:45"}
{"level":"info","message":"USER: User retrieved (Username: nikokomninos)","service":"pachingo","timestamp":"2026-01-17 16:09:45"}
{"level":"info","message":"USER: User retrieved (Username: nikokomninos)","service":"pachingo","timestamp":"2026-01-17 16:09:45"}
{"level":"info","message":"USER: User retrieved (Username: nikokomninos)","service":"pachingo","timestamp":"2026-01-17 16:09:45"}
{"level":"info","message":"USER: User retrieved (Username: nikokomninos)","service":"pachingo","timestamp":"2026-01-17 16:09:45"}
{"level":"info","message":"USER: User retrieved (Username: nikokomninos)","service":"pachingo","timestamp":"2026-01-17 16:09:45"}
{"level":"info","message":"USER: User retrieved (Username: nikokomninos)","service":"pachingo","timestamp":"2026-01-17 16:09:45"}
{"level":"info","message":"USER: User retrieved (Username: nikokomninos)","service":"pachingo","timestamp":"2026-01-17 16:09:45"}
{"level":"info","message":"USER: User retrieved (Username: nikokomninos)","service":"pachingo","timestamp":"2026-01-17 16:09:45"}
{"level":"info","message":"USER: User retrieved (Username: nikokomninos)","service":"pachingo","timestamp":"2026-01-17 16:09:45"}
{"level":"info","message":"USER: User retrieved (Username: nikokomninos)","service":"pachingo","timestamp":"2026-01-17 16:09:45"}
{"level":"info","message":"USER: User retrieved (Username: nikokomninos)","service":"pachingo","timestamp":"2026-01-17 16:09:45"}
{"level":"info","message":"USER: User retrieved (Username: nikokomninos)","service":"pachingo","timestamp":"2026-01-17 16:09:45"}
{"level":"info","message":"USER: User retrieved (Username: nikokomninos)","service":"pachingo","timestamp":"2026-01-17 16:09:45"}
{"level":"info","message":"USER: User retrieved (Username: nikokomninos)","service":"pachingo","timestamp":"2026-01-17 16:09:46"}
{"level":"info","message":"USER: User retrieved (Username: nikokomninos)","service":"pachingo","timestamp":"2026-01-17 16:09:46"}
{"level":"info","message":"USER: User retrieved (Username: nikokomninos)","service":"pachingo","timestamp":"2026-01-17 16:09:46"}
{"level":"info","message":"USER: User retrieved (Username: nikokomninos)","service":"pachingo","timestamp":"2026-01-17 16:09:46"}
{"level":"info","message":"USER: User retrieved (Username: nikokomninos)","service":"pachingo","timestamp":"2026-01-17 16:09:46"}
{"level":"info","message":"USER: User retrieved (Username: nikokomninos)","service":"pachingo","timestamp":"2026-01-17 16:09:46"}
{"level":"info","message":"USER: User retrieved (Username: nikokomninos)","service":"pachingo","timestamp":"2026-01-17 16:09:46"}
{"level":"info","message":"USER: User retrieved (Username: nikokomninos)","service":"pachingo","timestamp":"2026-01-17 16:09:46"}
{"level":"info","message":"USER: User retrieved (Username: nikokomninos)","service":"pachingo","timestamp":"2026-01-17 16:09:46"}
{"level":"info","message":"USER: User retrieved (Username: nikokomninos)","service":"pachingo","timestamp":"2026-01-17 16:09:46"}
{"level":"info","message":"USER: User retrieved (Username: nikokomninos)","service":"pachingo","timestamp":"2026-01-17 16:09:46"}
{"level":"info","message":"USER: User retrieved (Username: nikokomninos)","service":"pachingo","timestamp":"2026-01-17 16:09:46"}
{"level":"info","message":"USER: User retrieved (Username: nikokomninos)","service":"pachingo","timestamp":"2026-01-17 16:09:46"}
{"level":"info","message":"USER: User retrieved (Username: nikokomninos)","service":"pachingo","timestamp":"2026-01-17 16:09:46"}
{"level":"info","message":"USER: User retrieved (Username: nikokomninos)","service":"pachingo","timestamp":"2026-01-17 16:09:46"}
{"level":"info","message":"USER: User retrieved (Username: nikokomninos)","service":"pachingo","timestamp":"2026-01-17 16:09:46"}
{"level":"info","message":"USER: User retrieved (Username: nikokomninos)","service":"pachingo","timestamp":"2026-01-17 16:09:46"}
{"level":"info","message":"USER: User retrieved (Username: nikokomninos)","service":"pachingo","timestamp":"2026-01-17 16:09:46"}
{"level":"info","message":"USER: User retrieved (Username: nikokomninos)","service":"pachingo","timestamp":"2026-01-17 16:09:46"}
{"level":"info","message":"USER: User retrieved (Username: nikokomninos)","service":"pachingo","timestamp":"2026-01-17 16:09:47"}
{"level":"info","message":"USER: User retrieved (Username: nikokomninos)","service":"pachingo","timestamp":"2026-01-17 16:09:47"}
{"level":"info","message":"USER: User retrieved (Username: nikokomninos)","service":"pachingo","timestamp":"2026-01-17 16:09:47"}
{"level":"info","message":"USER: User retrieved (Username: nikokomninos)","service":"pachingo","timestamp":"2026-01-17 16:09:47"}
{"level":"info","message":"USER: User retrieved (Username: nikokomninos)","service":"pachingo","timestamp":"2026-01-17 16:09:47"}
{"level":"info","message":"USER: User retrieved (Username: nikokomninos)","service":"pachingo","timestamp":"2026-01-17 16:09:47"}
{"level":"info","message":"USER: User retrieved (Username: nikokomninos)","service":"pachingo","timestamp":"2026-01-17 16:09:47"}
{"level":"info","message":"USER: User retrieved (Username: nikokomninos)","service":"pachingo","timestamp":"2026-01-17 16:09:47"}
{"level":"info","message":"USER: User retrieved (Username: nikokomninos)","service":"pachingo","timestamp":"2026-01-17 16:09:47"}
{"level":"info","message":"USER: User retrieved (Username: nikokomninos)","service":"pachingo","timestamp":"2026-01-17 16:09:47"}
{"level":"info","message":"USER: User retrieved (Username: nikokomninos)","service":"pachingo","timestamp":"2026-01-17 16:09:47"}
{"level":"info","message":"USER: User retrieved (Username: nikokomninos)","service":"pachingo","timestamp":"2026-01-17 16:09:47"}
{"level":"info","message":"USER: User retrieved (Username: nikokomninos)","service":"pachingo","timestamp":"2026-01-17 16:09:47"}
{"level":"info","message":"USER: User retrieved (Username: nikokomninos)","service":"pachingo","timestamp":"2026-01-17 16:09:47"}
{"level":"info","message":"USER: User retrieved (Username: nikokomninos)","service":"pachingo","timestamp":"2026-01-17 16:09:47"}
{"level":"info","message":"USER: User retrieved (Username: nikokomninos)","service":"pachingo","timestamp":"2026-01-17 16:09:47"}
{"level":"info","message":"USER: User retrieved (Username: nikokomninos)","service":"pachingo","timestamp":"2026-01-17 16:09:47"}
{"level":"info","message":"USER: User retrieved (Username: nikokomninos)","service":"pachingo","timestamp":"2026-01-17 16:09:47"}
{"level":"info","message":"USER: User retrieved (Username: nikokomninos)","service":"pachingo","timestamp":"2026-01-17 16:09:48"}
{"level":"info","message":"USER: User retrieved (Username: nikokomninos)","service":"pachingo","timestamp":"2026-01-17 16:09:48"}
{"level":"info","message":"USER: User retrieved (Username: nikokomninos)","service":"pachingo","timestamp":"2026-01-17 16:09:48"}
{"level":"info","message":"USER: User retrieved (Username: nikokomninos)","service":"pachingo","timestamp":"2026-01-17 16:09:48"}
{"level":"info","message":"USER: User retrieved (Username: nikokomninos)","service":"pachingo","timestamp":"2026-01-17 16:09:48"}
{"level":"info","message":"USER: User retrieved (Username: nikokomninos)","service":"pachingo","timestamp":"2026-01-17 16:09:48"}
{"level":"info","message":"USER: User retrieved (Username: nikokomninos)","service":"pachingo","timestamp":"2026-01-17 16:09:48"}
{"level":"info","message":"USER: User retrieved (Username: nikokomninos)","service":"pachingo","timestamp":"2026-01-17 16:09:48"}
{"level":"info","message":"USER: User retrieved (Username: nikokomninos)","service":"pachingo","timestamp":"2026-01-17 16:09:48"}
{"level":"info","message":"USER: User retrieved (Username: nikokomninos)","service":"pachingo","timestamp":"2026-01-17 16:09:48"}
{"level":"info","message":"USER: User retrieved (Username: nikokomninos)","service":"pachingo","timestamp":"2026-01-17 16:09:48"}
{"level":"info","message":"USER: User retrieved (Username: nikokomninos)","service":"pachingo","timestamp":"2026-01-17 16:09:48"}
{"level":"info","message":"USER: User retrieved (Username: nikokomninos)","service":"pachingo","timestamp":"2026-01-17 16:09:48"}
{"level":"info","message":"USER: User retrieved (Username: nikokomninos)","service":"pachingo","timestamp":"2026-01-17 16:09:48"}
{"level":"info","message":"USER: User retrieved (Username: nikokomninos)","service":"pachingo","timestamp":"2026-01-17 16:09:48"}
{"level":"info","message":"USER: User retrieved (Username: nikokomninos)","service":"pachingo","timestamp":"2026-01-17 16:09:48"}
{"level":"info","message":"USER: User retrieved (Username: nikokomninos)","service":"pachingo","timestamp":"2026-01-17 16:09:48"}
{"level":"info","message":"USER: User retrieved (Username: nikokomninos)","service":"pachingo","timestamp":"2026-01-17 16:09:49"}
{"level":"info","message":"USER: User retrieved (Username: nikokomninos)","service":"pachingo","timestamp":"2026-01-17 16:09:49"}
{"level":"info","message":"USER: User retrieved (Username: nikokomninos)","service":"pachingo","timestamp":"2026-01-17 16:09:49"}
{"level":"info","message":"USER: User retrieved (Username: nikokomninos)","service":"pachingo","timestamp":"2026-01-17 16:09:49"}
{"level":"info","message":"USER: User retrieved (Username: nikokomninos)","service":"pachingo","timestamp":"2026-01-17 16:09:49"}
{"level":"info","message":"USER: User retrieved (Username: nikokomninos)","service":"pachingo","timestamp":"2026-01-17 16:09:49"}
{"level":"info","message":"USER: User retrieved (Username: nikokomninos)","service":"pachingo","timestamp":"2026-01-17 16:09:49"}
{"level":"info","message":"USER: User retrieved (Username: nikokomninos)","service":"pachingo","timestamp":"2026-01-17 16:09:49"}
{"level":"info","message":"USER: User retrieved (Username: nikokomninos)","service":"pachingo","timestamp":"2026-01-17 16:09:49"}
{"level":"info","message":"USER: User retrieved (Username: nikokomninos)","service":"pachingo","timestamp":"2026-01-17 16:09:49"}
{"level":"info","message":"USER: User retrieved (Username: nikokomninos)","service":"pachingo","timestamp":"2026-01-17 16:09:49"}
{"level":"info","message":"USER: User retrieved (Username: nikokomninos)","service":"pachingo","timestamp":"2026-01-17 16:09:49"}
{"level":"info","message":"USER: User retrieved (Username: nikokomninos)","service":"pachingo","timestamp":"2026-01-17 16:09:49"}
{"level":"info","message":"USER: User retrieved (Username: nikokomninos)","service":"pachingo","timestamp":"2026-01-17 16:09:49"}
{"level":"info","message":"USER: User retrieved (Username: nikokomninos)","service":"pachingo","timestamp":"2026-01-17 16:09:49"}
{"level":"info","message":"USER: User retrieved (Username: nikokomninos)","service":"pachingo","timestamp":"2026-01-17 16:09:49"}
{"level":"info","message":"USER: User retrieved (Username: nikokomninos)","service":"pachingo","timestamp":"2026-01-17 16:09:49"}
{"level":"info","message":"USER: User retrieved (Username: nikokomninos)","service":"pachingo","timestamp":"2026-01-17 16:09:49"}
{"level":"info","message":"USER: User retrieved (Username: nikokomninos)","service":"pachingo","timestamp":"2026-01-17 16:09:50"}
{"level":"info","message":"USER: User retrieved (Username: nikokomninos)","service":"pachingo","timestamp":"2026-01-17 16:09:50"}
{"level":"info","message":"USER: User retrieved (Username: nikokomninos)","service":"pachingo","timestamp":"2026-01-17 16:09:50"}
{"level":"info","message":"USER: User retrieved (Username: nikokomninos)","service":"pachingo","timestamp":"2026-01-17 16:09:50"}
{"level":"info","message":"USER: User retrieved (Username: nikokomninos)","service":"pachingo","timestamp":"2026-01-17 16:09:50"}
{"level":"info","message":"USER: User retrieved (Username: nikokomninos)","service":"pachingo","timestamp":"2026-01-17 16:09:50"}
{"level":"info","message":"USER: User retrieved (Username: nikokomninos)","service":"pachingo","timestamp":"2026-01-17 16:09:50"}
{"level":"info","message":"USER: User retrieved (Username: nikokomninos)","service":"pachingo","timestamp":"2026-01-17 16:09:50"}
{"level":"info","message":"USER: User retrieved (Username: nikokomninos)","service":"pachingo","timestamp":"2026-01-17 16:09:50"}
{"level":"info","message":"USER: User retrieved (Username: nikokomninos)","service":"pachingo","timestamp":"2026-01-17 16:09:50"}
{"level":"info","message":"USER: User retrieved (Username: nikokomninos)","service":"pachingo","timestamp":"2026-01-17 16:09:50"}
{"level":"info","message":"USER: User retrieved (Username: nikokomninos)","service":"pachingo","timestamp":"2026-01-17 16:09:50"}
{"level":"info","message":"USER: User retrieved (Username: nikokomninos)","service":"pachingo","timestamp":"2026-01-17 16:09:50"}
{"level":"info","message":"USER: User retrieved (Username: nikokomninos)","service":"pachingo","timestamp":"2026-01-17 16:09:50"}
{"level":"info","message":"USER: User retrieved (Username: nikokomninos)","service":"pachingo","timestamp":"2026-01-17 16:09:50"}
{"level":"info","message":"USER: User retrieved (Username: nikokomninos)","service":"pachingo","timestamp":"2026-01-17 16:09:50"}
{"level":"info","message":"USER: User retrieved (Username: nikokomninos)","service":"pachingo","timestamp":"2026-01-17 16:09:50"}
{"level":"info","message":"USER: User retrieved (Username: nikokomninos)","service":"pachingo","timestamp":"2026-01-17 16:09:50"}
{"level":"info","message":"USER: User retrieved (Username: nikokomninos)","service":"pachingo","timestamp":"2026-01-17 16:09:50"}
{"level":"info","message":"USER: User retrieved (Username: nikokomninos)","service":"pachingo","timestamp":"2026-01-17 16:09:51"}
{"level":"info","message":"USER: User retrieved (Username: nikokomninos)","service":"pachingo","timestamp":"2026-01-17 16:09:51"}
{"level":"info","message":"USER: User retrieved (Username: nikokomninos)","service":"pachingo","timestamp":"2026-01-17 16:09:51"}
{"level":"info","message":"USER: User retrieved (Username: nikokomninos)","service":"pachingo","timestamp":"2026-01-17 16:09:51"}
{"level":"info","message":"USER: User retrieved (Username: nikokomninos)","service":"pachingo","timestamp":"2026-01-17 16:09:51"}
{"level":"info","message":"USER: User retrieved (Username: nikokomninos)","service":"pachingo","timestamp":"2026-01-17 16:09:51"}
{"level":"info","message":"USER: User retrieved (Username: nikokomninos)","service":"pachingo","timestamp":"2026-01-17 16:09:51"}
{"level":"info","message":"USER: User retrieved (Username: nikokomninos)","service":"pachingo","timestamp":"2026-01-17 16:09:51"}
{"level":"info","message":"USER: User retrieved (Username: nikokomninos)","service":"pachingo","timestamp":"2026-01-17 16:09:51"}
{"level":"info","message":"USER: User retrieved (Username: nikokomninos)","service":"pachingo","timestamp":"2026-01-17 16:09:51"}
{"level":"info","message":"USER: User retrieved (Username: nikokomninos)","service":"pachingo","timestamp":"2026-01-17 16:09:51"}
{"level":"info","message":"USER: User retrieved (Username: nikokomninos)","service":"pachingo","timestamp":"2026-01-17 16:09:51"}
{"level":"info","message":"USER: User retrieved (Username: nikokomninos)","service":"pachingo","timestamp":"2026-01-17 16:09:51"}
{"level":"info","message":"USER: User retrieved (Username: nikokomninos)","service":"pachingo","timestamp":"2026-01-17 16:09:51"}
{"level":"info","message":"USER: User retrieved (Username: nikokomninos)","service":"pachingo","timestamp":"2026-01-17 16:09:51"}
{"level":"info","message":"USER: User retrieved (Username: nikokomninos)","service":"pachingo","timestamp":"2026-01-17 16:09:51"}
{"level":"info","message":"USER: User retrieved (Username: nikokomninos)","service":"pachingo","timestamp":"2026-01-17 16:09:51"}
{"level":"info","message":"USER: User retrieved (Username: nikokomninos)","service":"pachingo","timestamp":"2026-01-17 16:09:52"}
{"level":"info","message":"USER: User retrieved (Username: nikokomninos)","service":"pachingo","timestamp":"2026-01-17 16:09:52"}
{"level":"info","message":"USER: User retrieved (Username: nikokomninos)","service":"pachingo","timestamp":"2026-01-17 16:09:52"}
{"level":"info","message":"USER: User retrieved (Username: nikokomninos)","service":"pachingo","timestamp":"2026-01-17 16:09:52"}
{"level":"info","message":"USER: User retrieved (Username: nikokomninos)","service":"pachingo","timestamp":"2026-01-17 16:09:52"}
{"level":"info","message":"USER: User retrieved (Username: nikokomninos)","service":"pachingo","timestamp":"2026-01-17 16:09:52"}
{"level":"info","message":"USER: User retrieved (Username: nikokomninos)","service":"pachingo","timestamp":"2026-01-17 16:09:52"}
{"level":"info","message":"USER: User retrieved (Username: nikokomninos)","service":"pachingo","timestamp":"2026-01-17 16:09:52"}
{"level":"info","message":"USER: User retrieved (Username: nikokomninos)","service":"pachingo","timestamp":"2026-01-17 16:09:52"}
{"level":"info","message":"USER: User retrieved (Username: nikokomninos)","service":"pachingo","timestamp":"2026-01-17 16:09:52"}
{"level":"info","message":"USER: User retrieved (Username: nikokomninos)","service":"pachingo","timestamp":"2026-01-17 16:09:52"}
{"level":"info","message":"USER: User retrieved (Username: nikokomninos)","service":"pachingo","timestamp":"2026-01-17 16:09:52"}
{"level":"info","message":"USER: User retrieved (Username: nikokomninos)","service":"pachingo","timestamp":"2026-01-17 16:09:52"}
{"level":"info","message":"USER: User retrieved (Username: nikokomninos)","service":"pachingo","timestamp":"2026-01-17 16:09:52"}
{"level":"info","message":"USER: User retrieved (Username: nikokomninos)","service":"pachingo","timestamp":"2026-01-17 16:09:52"}
{"level":"info","message":"USER: User retrieved (Username: nikokomninos)","service":"pachingo","timestamp":"2026-01-17 16:09:52"}
{"level":"info","message":"USER: User retrieved (Username: nikokomninos)","service":"pachingo","timestamp":"2026-01-17 16:09:52"}
{"level":"info","message":"USER: User retrieved (Username: nikokomninos)","service":"pachingo","timestamp":"2026-01-17 16:09:52"}
{"level":"info","message":"USER: User retrieved (Username: nikokomninos)","service":"pachingo","timestamp":"2026-01-17 16:09:52"}
{"level":"info","message":"USER: User retrieved (Username: nikokomninos)","service":"pachingo","timestamp":"2026-01-17 16:09:53"}
{"level":"info","message":"USER: User retrieved (Username: nikokomninos)","service":"pachingo","timestamp":"2026-01-17 16:09:53"}
{"level":"info","message":"USER: User retrieved (Username: nikokomninos)","service":"pachingo","timestamp":"2026-01-17 16:09:53"}
{"level":"info","message":"USER: User retrieved (Username: nikokomninos)","service":"pachingo","timestamp":"2026-01-17 16:09:53"}
{"level":"info","message":"USER: User retrieved (Username: nikokomninos)","service":"pachingo","timestamp":"2026-01-17 16:09:53"}
{"level":"info","message":"USER: User retrieved (Username: nikokomninos)","service":"pachingo","timestamp":"2026-01-17 16:09:53"}
{"level":"info","message":"USER: User retrieved (Username: nikokomninos)","service":"pachingo","timestamp":"2026-01-17 16:09:53"}
{"level":"info","message":"USER: User retrieved (Username: nikokomninos)","service":"pachingo","timestamp":"2026-01-17 16:09:53"}
{"level":"info","message":"USER: User retrieved (Username: nikokomninos)","service":"pachingo","timestamp":"2026-01-17 16:09:53"}
{"level":"info","message":"USER: User retrieved (Username: nikokomninos)","service":"pachingo","timestamp":"2026-01-17 16:09:53"}
{"level":"info","message":"USER: User retrieved (Username: nikokomninos)","service":"pachingo","timestamp":"2026-01-17 16:09:53"}
{"level":"info","message":"USER: User retrieved (Username: nikokomninos)","service":"pachingo","timestamp":"2026-01-17 16:09:53"}
{"level":"info","message":"USER: User retrieved (Username: nikokomninos)","service":"pachingo","timestamp":"2026-01-17 16:09:53"}
{"level":"info","message":"USER: User retrieved (Username: nikokomninos)","service":"pachingo","timestamp":"2026-01-17 16:09:53"}
{"level":"info","message":"USER: User retrieved (Username: nikokomninos)","service":"pachingo","timestamp":"2026-01-17 16:09:53"}
{"level":"info","message":"USER: User retrieved (Username: nikokomninos)","service":"pachingo","timestamp":"2026-01-17 16:09:53"}
{"level":"info","message":"USER: User retrieved (Username: nikokomninos)","service":"pachingo","timestamp":"2026-01-17 16:09:53"}
{"level":"info","message":"USER: User retrieved (Username: nikokomninos)","service":"pachingo","timestamp":"2026-01-17 16:09:53"}
{"level":"info","message":"USER: User retrieved (Username: nikokomninos)","service":"pachingo","timestamp":"2026-01-17 16:09:53"}
{"level":"info","message":"USER: User retrieved (Username: nikokomninos)","service":"pachingo","timestamp":"2026-01-17 16:09:54"}
{"level":"info","message":"USER: User retrieved (Username: nikokomninos)","service":"pachingo","timestamp":"2026-01-17 16:09:54"}
{"level":"info","message":"USER: User retrieved (Username: nikokomninos)","service":"pachingo","timestamp":"2026-01-17 16:09:54"}
{"level":"info","message":"USER: User retrieved (Username: nikokomninos)","service":"pachingo","timestamp":"2026-01-17 16:09:54"}
{"level":"info","message":"USER: User retrieved (Username: nikokomninos)","service":"pachingo","timestamp":"2026-01-17 16:09:54"}
{"level":"info","message":"USER: User retrieved (Username: nikokomninos)","service":"pachingo","timestamp":"2026-01-17 16:09:54"}
{"level":"info","message":"USER: User retrieved (Username: nikokomninos)","service":"pachingo","timestamp":"2026-01-17 16:09:54"}
{"level":"info","message":"USER: User retrieved (Username: nikokomninos)","service":"pachingo","timestamp":"2026-01-17 16:09:54"}
{"level":"info","message":"USER: User retrieved (Username: nikokomninos)","service":"pachingo","timestamp":"2026-01-17 16:09:54"}
{"level":"info","message":"USER: User retrieved (Username: nikokomninos)","service":"pachingo","timestamp":"2026-01-17 16:09:54"}
{"level":"info","message":"USER: User retrieved (Username: nikokomninos)","service":"pachingo","timestamp":"2026-01-17 16:09:54"}
{"level":"info","message":"USER: User retrieved (Username: nikokomninos)","service":"pachingo","timestamp":"2026-01-17 16:09:54"}
{"level":"info","message":"USER: User retrieved (Username: nikokomninos)","service":"pachingo","timestamp":"2026-01-17 16:09:54"}
{"level":"info","message":"USER: User retrieved (Username: nikokomninos)","service":"pachingo","timestamp":"2026-01-17 16:09:54"}
{"level":"info","message":"USER: User retrieved (Username: nikokomninos)","service":"pachingo","timestamp":"2026-01-17 16:09:54"}
{"level":"info","message":"USER: User retrieved (Username: nikokomninos)","service":"pachingo","timestamp":"2026-01-17 16:09:54"}
{"level":"info","message":"USER: User retrieved (Username: nikokomninos)","service":"pachingo","timestamp":"2026-01-17 16:09:55"}
{"level":"info","message":"USER: User retrieved (Username: nikokomninos)","service":"pachingo","timestamp":"2026-01-17 16:09:55"}
{"level":"info","message":"USER: User retrieved (Username: nikokomninos)","service":"pachingo","timestamp":"2026-01-17 16:09:55"}
{"level":"info","message":"USER: User retrieved (Username: nikokomninos)","service":"pachingo","timestamp":"2026-01-17 16:09:55"}
{"level":"info","message":"USER: User retrieved (Username: nikokomninos)","service":"pachingo","timestamp":"2026-01-17 16:09:55"}
{"level":"info","message":"USER: User retrieved (Username: nikokomninos)","service":"pachingo","timestamp":"2026-01-17 16:09:55"}
{"level":"info","message":"USER: User retrieved (Username: nikokomninos)","service":"pachingo","timestamp":"2026-01-17 16:09:55"}
{"level":"info","message":"USER: User retrieved (Username: nikokomninos)","service":"pachingo","timestamp":"2026-01-17 16:09:55"}
{"level":"info","message":"USER: User retrieved (Username: nikokomninos)","service":"pachingo","timestamp":"2026-01-17 16:09:55"}
{"level":"info","message":"USER: User retrieved (Username: nikokomninos)","service":"pachingo","timestamp":"2026-01-17 16:09:55"}
{"level":"info","message":"USER: User retrieved (Username: nikokomninos)","service":"pachingo","timestamp":"2026-01-17 16:09:55"}
{"level":"info","message":"USER: User retrieved (Username: nikokomninos)","service":"pachingo","timestamp":"2026-01-17 16:09:55"}
{"level":"info","message":"USER: User retrieved (Username: nikokomninos)","service":"pachingo","timestamp":"2026-01-17 16:09:55"}
{"level":"info","message":"USER: User retrieved (Username: nikokomninos)","service":"pachingo","timestamp":"2026-01-17 16:09:55"}
{"level":"info","message":"USER: User retrieved (Username: nikokomninos)","service":"pachingo","timestamp":"2026-01-17 16:09:55"}
{"level":"info","message":"USER: User retrieved (Username: nikokomninos)","service":"pachingo","timestamp":"2026-01-17 16:09:55"}
{"level":"info","message":"USER: User retrieved (Username: nikokomninos)","service":"pachingo","timestamp":"2026-01-17 16:09:55"}
{"level":"info","message":"USER: User retrieved (Username: nikokomninos)","service":"pachingo","timestamp":"2026-01-17 16:09:55"}
{"level":"info","message":"USER: User retrieved (Username: nikokomninos)","service":"pachingo","timestamp":"2026-01-17 16:09:55"}
{"level":"info","message":"USER: User retrieved (Username: nikokomninos)","service":"pachingo","timestamp":"2026-01-17 16:09:56"}
{"level":"info","message":"USER: User retrieved (Username: nikokomninos)","service":"pachingo","timestamp":"2026-01-17 16:09:56"}
{"level":"info","message":"USER: User retrieved (Username: nikokomninos)","service":"pachingo","timestamp":"2026-01-17 16:09:56"}
{"level":"info","message":"USER: User retrieved (Username: nikokomninos)","service":"pachingo","timestamp":"2026-01-17 16:09:56"}
{"level":"info","message":"USER: User retrieved (Username: nikokomninos)","service":"pachingo","timestamp":"2026-01-17 16:09:56"}
{"level":"info","message":"USER: User retrieved (Username: nikokomninos)","service":"pachingo","timestamp":"2026-01-17 16:09:56"}
{"level":"info","message":"USER: User retrieved (Username: nikokomninos)","service":"pachingo","timestamp":"2026-01-17 16:09:56"}
{"level":"info","message":"USER: User retrieved (Username: nikokomninos)","service":"pachingo","timestamp":"2026-01-17 16:09:56"}
{"level":"info","message":"USER: User retrieved (Username: nikokomninos)","service":"pachingo","timestamp":"2026-01-17 16:09:56"}
{"level":"info","message":"USER: User retrieved (Username: nikokomninos)","service":"pachingo","timestamp":"2026-01-17 16:09:56"}
{"level":"info","message":"USER: User retrieved (Username: nikokomninos)","service":"pachingo","timestamp":"2026-01-17 16:09:56"}
{"level":"info","message":"USER: User retrieved (Username: nikokomninos)","service":"pachingo","timestamp":"2026-01-17 16:09:56"}
{"level":"info","message":"USER: User retrieved (Username: nikokomninos)","service":"pachingo","timestamp":"2026-01-17 16:09:56"}
{"level":"info","message":"USER: User retrieved (Username: nikokomninos)","service":"pachingo","timestamp":"2026-01-17 16:09:56"}
{"level":"info","message":"USER: User retrieved (Username: nikokomninos)","service":"pachingo","timestamp":"2026-01-17 16:09:56"}
{"level":"info","message":"USER: User retrieved (Username: nikokomninos)","service":"pachingo","timestamp":"2026-01-17 16:09:56"}
{"level":"info","message":"USER: User retrieved (Username: nikokomninos)","service":"pachingo","timestamp":"2026-01-17 16:09:57"}
{"level":"info","message":"USER: User retrieved (Username: nikokomninos)","service":"pachingo","timestamp":"2026-01-17 16:09:57"}
{"level":"info","message":"USER: User retrieved (Username: nikokomninos)","service":"pachingo","timestamp":"2026-01-17 16:09:57"}
{"level":"info","message":"USER: User retrieved (Username: nikokomninos)","service":"pachingo","timestamp":"2026-01-17 16:09:57"}
{"level":"info","message":"USER: User retrieved (Username: nikokomninos)","service":"pachingo","timestamp":"2026-01-17 16:09:57"}
{"level":"info","message":"USER: User retrieved (Username: nikokomninos)","service":"pachingo","timestamp":"2026-01-17 16:09:57"}
{"level":"info","message":"USER: User retrieved (Username: nikokomninos)","service":"pachingo","timestamp":"2026-01-17 16:09:57"}
{"level":"info","message":"USER: User retrieved (Username: nikokomninos)","service":"pachingo","timestamp":"2026-01-17 16:09:57"}
{"level":"info","message":"USER: User retrieved (Username: nikokomninos)","service":"pachingo","timestamp":"2026-01-17 16:09:57"}
{"level":"info","message":"USER: User retrieved (Username: nikokomninos)","service":"pachingo","timestamp":"2026-01-17 16:09:57"}
{"level":"info","message":"USER: User retrieved (Username: nikokomninos)","service":"pachingo","timestamp":"2026-01-17 16:09:57"}
{"level":"info","message":"USER: User retrieved (Username: nikokomninos)","service":"pachingo","timestamp":"2026-01-17 16:09:57"}
{"level":"info","message":"USER: User retrieved (Username: nikokomninos)","service":"pachingo","timestamp":"2026-01-17 16:09:57"}
{"level":"info","message":"USER: User retrieved (Username: nikokomninos)","service":"pachingo","timestamp":"2026-01-17 16:09:57"}
{"level":"info","message":"USER: User retrieved (Username: nikokomninos)","service":"pachingo","timestamp":"2026-01-17 16:09:57"}
{"level":"info","message":"USER: User retrieved (Username: nikokomninos)","service":"pachingo","timestamp":"2026-01-17 16:09:57"}
{"level":"info","message":"USER: User retrieved (Username: nikokomninos)","service":"pachingo","timestamp":"2026-01-17 16:09:58"}
{"level":"info","message":"USER: User retrieved (Username: nikokomninos)","service":"pachingo","timestamp":"2026-01-17 16:09:58"}
{"level":"info","message":"USER: User retrieved (Username: nikokomninos)","service":"pachingo","timestamp":"2026-01-17 16:09:58"}
{"level":"info","message":"USER: User retrieved (Username: nikokomninos)","service":"pachingo","timestamp":"2026-01-17 16:09:58"}
{"level":"info","message":"USER: User retrieved (Username: nikokomninos)","service":"pachingo","timestamp":"2026-01-17 16:09:58"}
{"level":"info","message":"USER: User retrieved (Username: nikokomninos)","service":"pachingo","timestamp":"2026-01-17 16:09:58"}
{"level":"info","message":"USER: User retrieved (Username: nikokomninos)","service":"pachingo","timestamp":"2026-01-17 16:09:58"}
{"level":"info","message":"USER: User retrieved (Username: nikokomninos)","service":"pachingo","timestamp":"2026-01-17 16:09:58"}
{"level":"info","message":"USER: User retrieved (Username: nikokomninos)","service":"pachingo","timestamp":"2026-01-17 16:09:58"}
{"level":"info","message":"USER: User retrieved (Username: nikokomninos)","service":"pachingo","timestamp":"2026-01-17 16:09:58"}
{"level":"info","message":"USER: User retrieved (Username: nikokomninos)","service":"pachingo","timestamp":"2026-01-17 16:09:58"}
{"level":"info","message":"USER: User retrieved (Username: nikokomninos)","service":"pachingo","timestamp":"2026-01-17 16:09:58"}
{"level":"info","message":"USER: User retrieved (Username: nikokomninos)","service":"pachingo","timestamp":"2026-01-17 16:09:58"}
{"level":"info","message":"USER: User retrieved (Username: nikokomninos)","service":"pachingo","timestamp":"2026-01-17 16:09:58"}
{"level":"info","message":"USER: User retrieved (Username: nikokomninos)","service":"pachingo","timestamp":"2026-01-17 16:09:58"}
{"level":"info","message":"USER: User retrieved (Username: nikokomninos)","service":"pachingo","timestamp":"2026-01-17 16:09:58"}
{"level":"info","message":"USER: User retrieved (Username: nikokomninos)","service":"pachingo","timestamp":"2026-01-17 16:09:58"}
{"level":"info","message":"USER: User retrieved (Username: nikokomninos)","service":"pachingo","timestamp":"2026-01-17 16:09:58"}
{"level":"info","message":"USER: User retrieved (Username: nikokomninos)","service":"pachingo","timestamp":"2026-01-17 16:09:59"}
{"level":"info","message":"USER: User retrieved (Username: nikokomninos)","service":"pachingo","timestamp":"2026-01-17 16:09:59"}
{"level":"info","message":"USER: User retrieved (Username: nikokomninos)","service":"pachingo","timestamp":"2026-01-17 16:09:59"}
{"level":"info","message":"USER: User retrieved (Username: nikokomninos)","service":"pachingo","timestamp":"2026-01-17 16:09:59"}
{"level":"info","message":"USER: User retrieved (Username: nikokomninos)","service":"pachingo","timestamp":"2026-01-17 16:09:59"}
{"level":"info","message":"USER: User retrieved (Username: nikokomninos)","service":"pachingo","timestamp":"2026-01-17 16:09:59"}
{"level":"info","message":"USER: User retrieved (Username: nikokomninos)","service":"pachingo","timestamp":"2026-01-17 16:09:59"}
{"level":"info","message":"USER: User retrieved (Username: nikokomninos)","service":"pachingo","timestamp":"2026-01-17 16:09:59"}
{"level":"info","message":"USER: User retrieved (Username: nikokomninos)","service":"pachingo","timestamp":"2026-01-17 16:09:59"}
{"level":"info","message":"USER: User retrieved (Username: nikokomninos)","service":"pachingo","timestamp":"2026-01-17 16:09:59"}
{"level":"info","message":"USER: User retrieved (Username: nikokomninos)","service":"pachingo","timestamp":"2026-01-17 16:09:59"}
{"level":"info","message":"USER: User retrieved (Username: nikokomninos)","service":"pachingo","timestamp":"2026-01-17 16:09:59"}
{"level":"info","message":"USER: User retrieved (Username: nikokomninos)","service":"pachingo","timestamp":"2026-01-17 16:09:59"}
{"level":"info","message":"USER: User retrieved (Username: nikokomninos)","service":"pachingo","timestamp":"2026-01-17 16:09:59"}
{"level":"info","message":"USER: User retrieved (Username: nikokomninos)","service":"pachingo","timestamp":"2026-01-17 16:09:59"}
{"level":"info","message":"USER: User retrieved (Username: nikokomninos)","service":"pachingo","timestamp":"2026-01-17 16:09:59"}
{"level":"info","message":"USER: User retrieved (Username: nikokomninos)","service":"pachingo","timestamp":"2026-01-17 16:09:59"}
{"level":"info","message":"USER: User retrieved (Username: nikokomninos)","service":"pachingo","timestamp":"2026-01-17 16:10:00"}
{"level":"info","message":"USER: User retrieved (Username: nikokomninos)","service":"pachingo","timestamp":"2026-01-17 16:10:00"}
{"level":"info","message":"USER: User retrieved (Username: nikokomninos)","service":"pachingo","timestamp":"2026-01-17 16:10:00"}
{"level":"info","message":"USER: User retrieved (Username: nikokomninos)","service":"pachingo","timestamp":"2026-01-17 16:10:00"}
{"level":"info","message":"USER: User retrieved (Username: nikokomninos)","service":"pachingo","timestamp":"2026-01-17 16:10:00"}
{"level":"info","message":"USER: User retrieved (Username: nikokomninos)","service":"pachingo","timestamp":"2026-01-17 16:10:00"}
{"level":"info","message":"USER: User retrieved (Username: nikokomninos)","service":"pachingo","timestamp":"2026-01-17 16:10:00"}
{"level":"info","message":"USER: User retrieved (Username: nikokomninos)","service":"pachingo","timestamp":"2026-01-17 16:10:00"}
{"level":"info","message":"USER: User retrieved (Username: nikokomninos)","service":"pachingo","timestamp":"2026-01-17 16:10:00"}
{"level":"info","message":"USER: User retrieved (Username: nikokomninos)","service":"pachingo","timestamp":"2026-01-17 16:10:00"}
{"level":"info","message":"USER: User retrieved (Username: nikokomninos)","service":"pachingo","timestamp":"2026-01-17 16:10:00"}
{"level":"info","message":"USER: User retrieved (Username: nikokomninos)","service":"pachingo","timestamp":"2026-01-17 16:10:00"}
{"level":"info","message":"USER: User retrieved (Username: nikokomninos)","service":"pachingo","timestamp":"2026-01-17 16:10:00"}
{"level":"info","message":"USER: User retrieved (Username: nikokomninos)","service":"pachingo","timestamp":"2026-01-17 16:10:00"}
{"level":"info","message":"USER: User retrieved (Username: nikokomninos)","service":"pachingo","timestamp":"2026-01-17 16:10:00"}
{"level":"info","message":"USER: User retrieved (Username: nikokomninos)","service":"pachingo","timestamp":"2026-01-17 16:10:00"}
{"level":"info","message":"USER: User retrieved (Username: nikokomninos)","service":"pachingo","timestamp":"2026-01-17 16:10:00"}
{"level":"info","message":"USER: User retrieved (Username: nikokomninos)","service":"pachingo","timestamp":"2026-01-17 16:10:00"}
{"level":"info","message":"USER: User retrieved (Username: nikokomninos)","service":"pachingo","timestamp":"2026-01-17 16:10:00"}
{"level":"info","message":"USER: User retrieved (Username: nikokomninos)","service":"pachingo","timestamp":"2026-01-17 16:10:01"}
{"level":"info","message":"USER: User retrieved (Username: nikokomninos)","service":"pachingo","timestamp":"2026-01-17 16:10:01"}
{"level":"info","message":"USER: User retrieved (Username: nikokomninos)","service":"pachingo","timestamp":"2026-01-17 16:10:01"}
{"level":"info","message":"USER: User retrieved (Username: nikokomninos)","service":"pachingo","timestamp":"2026-01-17 16:10:01"}
{"level":"info","message":"USER: User retrieved (Username: nikokomninos)","service":"pachingo","timestamp":"2026-01-17 16:10:01"}
{"level":"info","message":"USER: User retrieved (Username: nikokomninos)","service":"pachingo","timestamp":"2026-01-17 16:10:01"}
{"level":"info","message":"USER: User retrieved (Username: nikokomninos)","service":"pachingo","timestamp":"2026-01-17 16:10:01"}
{"level":"info","message":"USER: User retrieved (Username: nikokomninos)","service":"pachingo","timestamp":"2026-01-17 16:10:01"}
{"level":"info","message":"USER: User retrieved (Username: nikokomninos)","service":"pachingo","timestamp":"2026-01-17 16:10:01"}
{"level":"info","message":"USER: User retrieved (Username: nikokomninos)","service":"pachingo","timestamp":"2026-01-17 16:10:01"}
{"level":"info","message":"USER: User retrieved (Username: nikokomninos)","service":"pachingo","timestamp":"2026-01-17 16:10:01"}
{"level":"info","message":"USER: User retrieved (Username: nikokomninos)","service":"pachingo","timestamp":"2026-01-17 16:10:01"}
{"level":"info","message":"USER: User retrieved (Username: nikokomninos)","service":"pachingo","timestamp":"2026-01-17 16:10:01"}
{"level":"info","message":"USER: User retrieved (Username: nikokomninos)","service":"pachingo","timestamp":"2026-01-17 16:10:01"}
{"level":"info","message":"USER: User retrieved (Username: nikokomninos)","service":"pachingo","timestamp":"2026-01-17 16:10:01"}
{"level":"info","message":"USER: User retrieved (Username: nikokomninos)","service":"pachingo","timestamp":"2026-01-17 16:10:01"}
{"level":"info","message":"USER: User retrieved (Username: nikokomninos)","service":"pachingo","timestamp":"2026-01-17 16:10:02"}
{"level":"info","message":"USER: User retrieved (Username: nikokomninos)","service":"pachingo","timestamp":"2026-01-17 16:10:02"}
{"level":"info","message":"USER: User retrieved (Username: nikokomninos)","service":"pachingo","timestamp":"2026-01-17 16:10:02"}
{"level":"info","message":"USER: User retrieved (Username: nikokomninos)","service":"pachingo","timestamp":"2026-01-17 16:10:02"}
{"level":"info","message":"USER: User retrieved (Username: nikokomninos)","service":"pachingo","timestamp":"2026-01-17 16:10:02"}
{"level":"info","message":"USER: User retrieved (Username: nikokomninos)","service":"pachingo","timestamp":"2026-01-17 16:10:02"}
{"level":"info","message":"USER: User retrieved (Username: nikokomninos)","service":"pachingo","timestamp":"2026-01-17 16:10:02"}
{"level":"info","message":"USER: User retrieved (Username: nikokomninos)","service":"pachingo","timestamp":"2026-01-17 16:10:02"}
{"level":"info","message":"USER: User retrieved (Username: nikokomninos)","service":"pachingo","timestamp":"2026-01-17 16:10:02"}
{"level":"info","message":"USER: User retrieved (Username: nikokomninos)","service":"pachingo","timestamp":"2026-01-17 16:10:02"}
{"level":"info","message":"USER: User retrieved (Username: nikokomninos)","service":"pachingo","timestamp":"2026-01-17 16:10:02"}
{"level":"info","message":"USER: User retrieved (Username: nikokomninos)","service":"pachingo","timestamp":"2026-01-17 16:10:02"}
{"level":"info","message":"USER: User retrieved (Username: nikokomninos)","service":"pachingo","timestamp":"2026-01-17 16:10:02"}
{"level":"info","message":"USER: User retrieved (Username: nikokomninos)","service":"pachingo","timestamp":"2026-01-17 16:10:02"}
{"level":"info","message":"USER: User retrieved (Username: nikokomninos)","service":"pachingo","timestamp":"2026-01-17 16:10:02"}
{"level":"info","message":"USER: User retrieved (Username: nikokomninos)","service":"pachingo","timestamp":"2026-01-17 16:10:02"}
{"level":"info","message":"USER: User retrieved (Username: nikokomninos)","service":"pachingo","timestamp":"2026-01-17 16:10:02"}
{"level":"info","message":"USER: User retrieved (Username: nikokomninos)","service":"pachingo","timestamp":"2026-01-17 16:10:02"}
{"level":"info","message":"USER: User retrieved (Username: nikokomninos)","service":"pachingo","timestamp":"2026-01-17 16:10:02"}
{"level":"info","message":"USER: User retrieved (Username: nikokomninos)","service":"pachingo","timestamp":"2026-01-17 16:10:02"}
{"level":"info","message":"USER: User retrieved (Username: nikokomninos)","service":"pachingo","timestamp":"2026-01-17 16:10:02"}
{"level":"info","message":"USER: User retrieved (Username: nikokomninos)","service":"pachingo","timestamp":"2026-01-17 16:10:03"}
{"level":"info","message":"USER: User retrieved (Username: nikokomninos)","service":"pachingo","timestamp":"2026-01-17 16:10:03"}
{"level":"info","message":"USER: User retrieved (Username: nikokomninos)","service":"pachingo","timestamp":"2026-01-17 16:10:03"}
{"level":"info","message":"USER: User retrieved (Username: nikokomninos)","service":"pachingo","timestamp":"2026-01-17 16:10:03"}
{"level":"info","message":"USER: User retrieved (Username: nikokomninos)","service":"pachingo","timestamp":"2026-01-17 16:10:03"}
{"level":"info","message":"USER: User retrieved (Username: nikokomninos)","service":"pachingo","timestamp":"2026-01-17 16:10:03"}
{"level":"info","message":"USER: User retrieved (Username: nikokomninos)","service":"pachingo","timestamp":"2026-01-17 16:10:03"}
{"level":"info","message":"USER: User retrieved (Username: nikokomninos)","service":"pachingo","timestamp":"2026-01-17 16:10:03"}
{"level":"info","message":"USER: User retrieved (Username: nikokomninos)","service":"pachingo","timestamp":"2026-01-17 16:10:03"}
{"level":"info","message":"USER: User retrieved (Username: nikokomninos)","service":"pachingo","timestamp":"2026-01-17 16:10:03"}
{"level":"info","message":"USER: User retrieved (Username: nikokomninos)","service":"pachingo","timestamp":"2026-01-17 16:10:03"}
{"level":"info","message":"USER: User retrieved (Username: nikokomninos)","service":"pachingo","timestamp":"2026-01-17 16:10:03"}
{"level":"info","message":"USER: User retrieved (Username: nikokomninos)","service":"pachingo","timestamp":"2026-01-17 16:10:03"}
{"level":"info","message":"USER: User retrieved (Username: nikokomninos)","service":"pachingo","timestamp":"2026-01-17 16:10:03"}
{"level":"info","message":"USER: User retrieved (Username: nikokomninos)","service":"pachingo","timestamp":"2026-01-17 16:10:03"}
{"level":"info","message":"USER: User retrieved (Username: nikokomninos)","service":"pachingo","timestamp":"2026-01-17 16:10:03"}
{"level":"info","message":"USER: User retrieved (Username: nikokomninos)","service":"pachingo","timestamp":"2026-01-17 16:10:03"}
{"level":"info","message":"USER: User retrieved (Username: nikokomninos)","service":"pachingo","timestamp":"2026-01-17 16:10:04"}
{"level":"info","message":"USER: User retrieved (Username: nikokomninos)","service":"pachingo","timestamp":"2026-01-17 16:10:04"}
{"level":"info","message":"USER: User retrieved (Username: nikokomninos)","service":"pachingo","timestamp":"2026-01-17 16:10:04"}
{"level":"info","message":"USER: User retrieved (Username: nikokomninos)","service":"pachingo","timestamp":"2026-01-17 16:10:04"}
{"level":"info","message":"USER: User retrieved (Username: nikokomninos)","service":"pachingo","timestamp":"2026-01-17 16:10:04"}
{"level":"info","message":"USER: User retrieved (Username: nikokomninos)","service":"pachingo","timestamp":"2026-01-17 16:10:04"}
{"level":"info","message":"USER: User retrieved (Username: nikokomninos)","service":"pachingo","timestamp":"2026-01-17 16:10:04"}
{"level":"info","message":"USER: User retrieved (Username: nikokomninos)","service":"pachingo","timestamp":"2026-01-17 16:10:04"}
{"level":"info","message":"USER: User retrieved (Username: nikokomninos)","service":"pachingo","timestamp":"2026-01-17 16:10:04"}
{"level":"info","message":"USER: User retrieved (Username: nikokomninos)","service":"pachingo","timestamp":"2026-01-17 16:10:04"}
{"level":"info","message":"USER: User retrieved (Username: nikokomninos)","service":"pachingo","timestamp":"2026-01-17 16:10:04"}
{"level":"info","message":"USER: User retrieved (Username: nikokomninos)","service":"pachingo","timestamp":"2026-01-17 16:10:04"}
{"level":"info","message":"USER: User retrieved (Username: nikokomninos)","service":"pachingo","timestamp":"2026-01-17 16:10:04"}
{"level":"info","message":"USER: User retrieved (Username: nikokomninos)","service":"pachingo","timestamp":"2026-01-17 16:10:04"}
{"level":"info","message":"USER: User retrieved (Username: nikokomninos)","service":"pachingo","timestamp":"2026-01-17 16:10:04"}
{"level":"info","message":"USER: User retrieved (Username: nikokomninos)","service":"pachingo","timestamp":"2026-01-17 16:10:04"}
{"level":"info","message":"USER: User retrieved (Username: nikokomninos)","service":"pachingo","timestamp":"2026-01-17 16:10:04"}
{"level":"info","message":"USER: User retrieved (Username: nikokomninos)","service":"pachingo","timestamp":"2026-01-17 16:10:04"}
{"level":"info","message":"USER: User retrieved (Username: nikokomninos)","service":"pachingo","timestamp":"2026-01-17 16:10:04"}
{"level":"info","message":"USER: User retrieved (Username: nikokomninos)","service":"pachingo","timestamp":"2026-01-17 16:10:05"}
{"level":"info","message":"USER: User retrieved (Username: nikokomninos)","service":"pachingo","timestamp":"2026-01-17 16:10:05"}
{"level":"info","message":"USER: User retrieved (Username: nikokomninos)","service":"pachingo","timestamp":"2026-01-17 16:10:05"}
{"level":"info","message":"USER: User retrieved (Username: nikokomninos)","service":"pachingo","timestamp":"2026-01-17 16:10:05"}
{"level":"info","message":"USER: User retrieved (Username: nikokomninos)","service":"pachingo","timestamp":"2026-01-17 16:10:05"}
{"level":"info","message":"USER: User retrieved (Username: nikokomninos)","service":"pachingo","timestamp":"2026-01-17 16:10:05"}
{"level":"info","message":"USER: User retrieved (Username: nikokomninos)","service":"pachingo","timestamp":"2026-01-17 16:10:05"}
{"level":"info","message":"USER: User retrieved (Username: nikokomninos)","service":"pachingo","timestamp":"2026-01-17 16:10:05"}
{"level":"info","message":"USER: User retrieved (Username: nikokomninos)","service":"pachingo","timestamp":"2026-01-17 16:10:05"}
{"level":"info","message":"USER: User retrieved (Username: nikokomninos)","service":"pachingo","timestamp":"2026-01-17 16:10:05"}
{"level":"info","message":"USER: User retrieved (Username: nikokomninos)","service":"pachingo","timestamp":"2026-01-17 16:10:05"}
{"level":"info","message":"USER: User retrieved (Username: nikokomninos)","service":"pachingo","timestamp":"2026-01-17 16:10:05"}
{"level":"info","message":"USER: User retrieved (Username: nikokomninos)","service":"pachingo","timestamp":"2026-01-17 16:10:05"}
{"level":"info","message":"USER: User retrieved (Username: nikokomninos)","service":"pachingo","timestamp":"2026-01-17 16:10:05"}
{"level":"info","message":"USER: User retrieved (Username: nikokomninos)","service":"pachingo","timestamp":"2026-01-17 16:10:06"}
{"level":"info","message":"USER: User retrieved (Username: nikokomninos)","service":"pachingo","timestamp":"2026-01-17 16:10:06"}
{"level":"info","message":"USER: User retrieved (Username: nikokomninos)","service":"pachingo","timestamp":"2026-01-17 16:10:06"}
{"level":"info","message":"USER: User retrieved (Username: nikokomninos)","service":"pachingo","timestamp":"2026-01-17 16:10:06"}
{"level":"info","message":"USER: User retrieved (Username: nikokomninos)","service":"pachingo","timestamp":"2026-01-17 16:10:06"}
{"level":"info","message":"USER: User retrieved (Username: nikokomninos)","service":"pachingo","timestamp":"2026-01-17 16:10:06"}
{"level":"info","message":"USER: User retrieved (Username: nikokomninos)","service":"pachingo","timestamp":"2026-01-17 16:10:06"}
{"level":"info","message":"USER: User retrieved (Username: nikokomninos)","service":"pachingo","timestamp":"2026-01-17 16:10:06"}
{"level":"info","message":"USER: User retrieved (Username: nikokomninos)","service":"pachingo","timestamp":"2026-01-17 16:10:06"}
{"level":"info","message":"USER: User retrieved (Username: nikokomninos)","service":"pachingo","timestamp":"2026-01-17 16:10:06"}
{"level":"info","message":"USER: User retrieved (Username: nikokomninos)","service":"pachingo","timestamp":"2026-01-17 16:10:06"}
{"level":"info","message":"USER: User retrieved (Username: nikokomninos)","service":"pachingo","timestamp":"2026-01-17 16:10:06"}
{"level":"info","message":"USER: User retrieved (Username: nikokomninos)","service":"pachingo","timestamp":"2026-01-17 16:10:06"}
{"level":"info","message":"USER: User retrieved (Username: nikokomninos)","service":"pachingo","timestamp":"2026-01-17 16:10:06"}
{"level":"info","message":"USER: User retrieved (Username: nikokomninos)","service":"pachingo","timestamp":"2026-01-17 16:10:06"}
{"level":"info","message":"USER: User retrieved (Username: nikokomninos)","service":"pachingo","timestamp":"2026-01-17 16:10:06"}
{"level":"info","message":"USER: User retrieved (Username: nikokomninos)","service":"pachingo","timestamp":"2026-01-17 16:10:06"}
{"level":"info","message":"USER: User retrieved (Username: nikokomninos)","service":"pachingo","timestamp":"2026-01-17 16:10:07"}
{"level":"info","message":"USER: User retrieved (Username: nikokomninos)","service":"pachingo","timestamp":"2026-01-17 16:10:07"}
{"level":"info","message":"USER: User retrieved (Username: nikokomninos)","service":"pachingo","timestamp":"2026-01-17 16:10:07"}
{"level":"info","message":"USER: User retrieved (Username: nikokomninos)","service":"pachingo","timestamp":"2026-01-17 16:10:07"}
{"level":"info","message":"USER: User retrieved (Username: nikokomninos)","service":"pachingo","timestamp":"2026-01-17 16:10:07"}
{"level":"info","message":"USER: User retrieved (Username: nikokomninos)","service":"pachingo","timestamp":"2026-01-17 16:10:07"}
{"level":"info","message":"USER: User retrieved (Username: nikokomninos)","service":"pachingo","timestamp":"2026-01-17 16:10:07"}
{"level":"info","message":"USER: User retrieved (Username: nikokomninos)","service":"pachingo","timestamp":"2026-01-17 16:10:07"}
{"level":"info","message":"USER: User retrieved (Username: nikokomninos)","service":"pachingo","timestamp":"2026-01-17 16:10:07"}
{"level":"info","message":"USER: User retrieved (Username: nikokomninos)","service":"pachingo","timestamp":"2026-01-17 16:10:07"}
{"level":"info","message":"USER: User retrieved (Username: nikokomninos)","service":"pachingo","timestamp":"2026-01-17 16:10:07"}
{"level":"info","message":"USER: User retrieved (Username: nikokomninos)","service":"pachingo","timestamp":"2026-01-17 16:10:07"}
{"level":"info","message":"USER: User retrieved (Username: nikokomninos)","service":"pachingo","timestamp":"2026-01-17 16:10:07"}
{"level":"info","message":"USER: User retrieved (Username: nikokomninos)","service":"pachingo","timestamp":"2026-01-17 16:10:07"}
{"level":"info","message":"USER: User retrieved (Username: nikokomninos)","service":"pachingo","timestamp":"2026-01-17 16:10:07"}
{"level":"info","message":"USER: User retrieved (Username: nikokomninos)","service":"pachingo","timestamp":"2026-01-17 16:10:07"}
{"level":"info","message":"USER: User retrieved (Username: nikokomninos)","service":"pachingo","timestamp":"2026-01-17 16:10:08"}
{"level":"info","message":"USER: User retrieved (Username: nikokomninos)","service":"pachingo","timestamp":"2026-01-17 16:10:08"}
{"level":"info","message":"USER: User retrieved (Username: nikokomninos)","service":"pachingo","timestamp":"2026-01-17 16:10:08"}
{"level":"info","message":"USER: User retrieved (Username: nikokomninos)","service":"pachingo","timestamp":"2026-01-17 16:10:08"}
{"level":"info","message":"USER: User retrieved (Username: nikokomninos)","service":"pachingo","timestamp":"2026-01-17 16:10:08"}
{"level":"info","message":"USER: User retrieved (Username: nikokomninos)","service":"pachingo","timestamp":"2026-01-17 16:10:08"}
{"level":"info","message":"USER: User retrieved (Username: nikokomninos)","service":"pachingo","timestamp":"2026-01-17 16:10:08"}
{"level":"info","message":"USER: User retrieved (Username: nikokomninos)","service":"pachingo","timestamp":"2026-01-17 16:10:08"}
{"level":"info","message":"USER: User retrieved (Username: nikokomninos)","service":"pachingo","timestamp":"2026-01-17 16:10:08"}
{"level":"info","message":"USER: User retrieved (Username: nikokomninos)","service":"pachingo","timestamp":"2026-01-17 16:10:08"}
{"level":"info","message":"USER: User retrieved (Username: nikokomninos)","service":"pachingo","timestamp":"2026-01-17 16:10:08"}
{"level":"info","message":"USER: User retrieved (Username: nikokomninos)","service":"pachingo","timestamp":"2026-01-17 16:10:08"}
{"level":"info","message":"USER: User retrieved (Username: nikokomninos)","service":"pachingo","timestamp":"2026-01-17 16:10:08"}
{"level":"info","message":"USER: User retrieved (Username: nikokomninos)","service":"pachingo","timestamp":"2026-01-17 16:10:08"}
{"level":"info","message":"USER: User retrieved (Username: nikokomninos)","service":"pachingo","timestamp":"2026-01-17 16:10:08"}
{"level":"info","message":"USER: User retrieved (Username: nikokomninos)","service":"pachingo","timestamp":"2026-01-17 16:10:08"}
{"level":"info","message":"USER: User retrieved (Username: nikokomninos)","service":"pachingo","timestamp":"2026-01-17 16:10:09"}
{"level":"info","message":"USER: User retrieved (Username: nikokomninos)","service":"pachingo","timestamp":"2026-01-17 16:10:09"}
{"level":"info","message":"USER: User retrieved (Username: nikokomninos)","service":"pachingo","timestamp":"2026-01-17 16:10:09"}
{"level":"info","message":"USER: User retrieved (Username: nikokomninos)","service":"pachingo","timestamp":"2026-01-17 16:10:09"}
{"level":"info","message":"USER: User retrieved (Username: nikokomninos)","service":"pachingo","timestamp":"2026-01-17 16:10:09"}
{"level":"info","message":"USER: User retrieved (Username: nikokomninos)","service":"pachingo","timestamp":"2026-01-17 16:10:09"}
{"level":"info","message":"USER: User retrieved (Username: nikokomninos)","service":"pachingo","timestamp":"2026-01-17 16:10:09"}
{"level":"info","message":"USER: User retrieved (Username: nikokomninos)","service":"pachingo","timestamp":"2026-01-17 16:10:09"}
{"level":"info","message":"USER: User retrieved (Username: nikokomninos)","service":"pachingo","timestamp":"2026-01-17 16:10:09"}
{"level":"info","message":"USER: User retrieved (Username: nikokomninos)","service":"pachingo","timestamp":"2026-01-17 16:10:09"}
{"level":"info","message":"USER: User retrieved (Username: nikokomninos)","service":"pachingo","timestamp":"2026-01-17 16:10:09"}
{"level":"info","message":"USER: User retrieved (Username: nikokomninos)","service":"pachingo","timestamp":"2026-01-17 16:10:09"}
{"level":"info","message":"USER: User retrieved (Username: nikokomninos)","service":"pachingo","timestamp":"2026-01-17 16:10:09"}
{"level":"info","message":"USER: User retrieved (Username: nikokomninos)","service":"pachingo","timestamp":"2026-01-17 16:10:09"}
{"level":"info","message":"USER: User retrieved (Username: nikokomninos)","service":"pachingo","timestamp":"2026-01-17 16:10:09"}
{"level":"info","message":"USER: User retrieved (Username: nikokomninos)","service":"pachingo","timestamp":"2026-01-17 16:10:09"}
{"level":"info","message":"USER: User retrieved (Username: nikokomninos)","service":"pachingo","timestamp":"2026-01-17 16:10:09"}
{"level":"info","message":"USER: User retrieved (Username: nikokomninos)","service":"pachingo","timestamp":"2026-01-17 16:10:09"}
{"level":"info","message":"USER: User retrieved (Username: nikokomninos)","service":"pachingo","timestamp":"2026-01-17 16:10:10"}
{"level":"info","message":"USER: User retrieved (Username: nikokomninos)","service":"pachingo","timestamp":"2026-01-17 16:10:10"}
{"level":"info","message":"USER: User retrieved (Username: nikokomninos)","service":"pachingo","timestamp":"2026-01-17 16:10:10"}
{"level":"info","message":"USER: User retrieved (Username: nikokomninos)","service":"pachingo","timestamp":"2026-01-17 16:10:10"}
{"level":"info","message":"USER: User retrieved (Username: nikokomninos)","service":"pachingo","timestamp":"2026-01-17 16:10:10"}
{"level":"info","message":"USER: User retrieved (Username: nikokomninos)","service":"pachingo","timestamp":"2026-01-17 16:10:10"}
{"level":"info","message":"USER: User retrieved (Username: nikokomninos)","service":"pachingo","timestamp":"2026-01-17 16:10:10"}
{"level":"info","message":"USER: User retrieved (Username: nikokomninos)","service":"pachingo","timestamp":"2026-01-17 16:10:10"}
{"level":"info","message":"USER: User retrieved (Username: nikokomninos)","service":"pachingo","timestamp":"2026-01-17 16:10:10"}
{"level":"info","message":"USER: User retrieved (Username: nikokomninos)","service":"pachingo","timestamp":"2026-01-17 16:10:10"}
{"level":"info","message":"USER: User retrieved (Username: nikokomninos)","service":"pachingo","timestamp":"2026-01-17 16:10:10"}
{"level":"info","message":"USER: User retrieved (Username: nikokomninos)","service":"pachingo","timestamp":"2026-01-17 16:10:10"}
{"level":"info","message":"USER: User retrieved (Username: nikokomninos)","service":"pachingo","timestamp":"2026-01-17 16:10:10"}
{"level":"info","message":"USER: User retrieved (Username: nikokomninos)","service":"pachingo","timestamp":"2026-01-17 16:10:10"}
{"level":"info","message":"USER: User retrieved (Username: nikokomninos)","service":"pachingo","timestamp":"2026-01-17 16:10:10"}
{"level":"info","message":"USER: User retrieved (Username: nikokomninos)","service":"pachingo","timestamp":"2026-01-17 16:10:10"}
{"level":"info","message":"USER: User retrieved (Username: nikokomninos)","service":"pachingo","timestamp":"2026-01-17 16:10:10"}
{"level":"info","message":"USER: User retrieved (Username: nikokomninos)","service":"pachingo","timestamp":"2026-01-17 16:10:10"}
{"level":"info","message":"USER: User retrieved (Username: nikokomninos)","service":"pachingo","timestamp":"2026-01-17 16:10:10"}
{"level":"info","message":"USER: User retrieved (Username: nikokomninos)","service":"pachingo","timestamp":"2026-01-17 16:10:11"}
{"level":"info","message":"USER: User retrieved (Username: nikokomninos)","service":"pachingo","timestamp":"2026-01-17 16:10:11"}
{"level":"info","message":"USER: User retrieved (Username: nikokomninos)","service":"pachingo","timestamp":"2026-01-17 16:10:11"}
{"level":"info","message":"USER: User retrieved (Username: nikokomninos)","service":"pachingo","timestamp":"2026-01-17 16:10:11"}
{"level":"info","message":"USER: User retrieved (Username: nikokomninos)","service":"pachingo","timestamp":"2026-01-17 16:10:11"}
{"level":"info","message":"USER: User retrieved (Username: nikokomninos)","service":"pachingo","timestamp":"2026-01-17 16:10:11"}
{"level":"info","message":"USER: User retrieved (Username: nikokomninos)","service":"pachingo","timestamp":"2026-01-17 16:10:11"}
{"level":"info","message":"USER: User retrieved (Username: nikokomninos)","service":"pachingo","timestamp":"2026-01-17 16:10:11"}
{"level":"info","message":"USER: User retrieved (Username: nikokomninos)","service":"pachingo","timestamp":"2026-01-17 16:10:11"}
{"level":"info","message":"USER: User retrieved (Username: nikokomninos)","service":"pachingo","timestamp":"2026-01-17 16:10:11"}
{"level":"info","message":"USER: User retrieved (Username: nikokomninos)","service":"pachingo","timestamp":"2026-01-17 16:10:11"}
{"level":"info","message":"USER: User retrieved (Username: nikokomninos)","service":"pachingo","timestamp":"2026-01-17 16:10:11"}
{"level":"info","message":"USER: User retrieved (Username: nikokomninos)","service":"pachingo","timestamp":"2026-01-17 16:10:11"}
{"level":"info","message":"USER: User retrieved (Username: nikokomninos)","service":"pachingo","timestamp":"2026-01-17 16:10:11"}
{"level":"info","message":"USER: User retrieved (Username: nikokomninos)","service":"pachingo","timestamp":"2026-01-17 16:10:11"}
{"level":"info","message":"USER: User retrieved (Username: nikokomninos)","service":"pachingo","timestamp":"2026-01-17 16:10:11"}
{"level":"info","message":"USER: User retrieved (Username: nikokomninos)","service":"pachingo","timestamp":"2026-01-17 16:10:12"}
{"level":"info","message":"USER: User retrieved (Username: nikokomninos)","service":"pachingo","timestamp":"2026-01-17 16:10:12"}
{"level":"info","message":"USER: User retrieved (Username: nikokomninos)","service":"pachingo","timestamp":"2026-01-17 16:10:12"}
{"level":"info","message":"USER: User retrieved (Username: nikokomninos)","service":"pachingo","timestamp":"2026-01-17 16:10:12"}
{"level":"info","message":"USER: User retrieved (Username: nikokomninos)","service":"pachingo","timestamp":"2026-01-17 16:10:12"}
{"level":"info","message":"USER: User retrieved (Username: nikokomninos)","service":"pachingo","timestamp":"2026-01-17 16:10:12"}
{"level":"info","message":"USER: User retrieved (Username: nikokomninos)","service":"pachingo","timestamp":"2026-01-17 16:10:12"}
{"level":"info","message":"USER: User retrieved (Username: nikokomninos)","service":"pachingo","timestamp":"2026-01-17 16:10:12"}
{"level":"info","message":"USER: User retrieved (Username: nikokomninos)","service":"pachingo","timestamp":"2026-01-17 16:10:12"}
{"level":"info","message":"USER: User retrieved (Username: nikokomninos)","service":"pachingo","timestamp":"2026-01-17 16:10:12"}
{"level":"info","message":"USER: User retrieved (Username: nikokomninos)","service":"pachingo","timestamp":"2026-01-17 16:10:12"}
{"level":"info","message":"USER: User retrieved (Username: nikokomninos)","service":"pachingo","timestamp":"2026-01-17 16:10:12"}
{"level":"info","message":"USER: User retrieved (Username: nikokomninos)","service":"pachingo","timestamp":"2026-01-17 16:10:12"}
{"level":"info","message":"USER: User retrieved (Username: nikokomninos)","service":"pachingo","timestamp":"2026-01-17 16:10:12"}
{"level":"info","message":"USER: User retrieved (Username: nikokomninos)","service":"pachingo","timestamp":"2026-01-17 16:10:12"}
{"level":"info","message":"USER: User retrieved (Username: nikokomninos)","service":"pachingo","timestamp":"2026-01-17 16:10:12"}
{"level":"info","message":"USER: User retrieved (Username: nikokomninos)","service":"pachingo","timestamp":"2026-01-17 16:10:12"}
{"level":"info","message":"USER: User retrieved (Username: nikokomninos)","service":"pachingo","timestamp":"2026-01-17 16:10:12"}
{"level":"info","message":"USER: User retrieved (Username: nikokomninos)","service":"pachingo","timestamp":"2026-01-17 16:10:13"}
{"level":"info","message":"USER: User retrieved (Username: nikokomninos)","service":"pachingo","timestamp":"2026-01-17 16:10:13"}
{"level":"info","message":"USER: User retrieved (Username: nikokomninos)","service":"pachingo","timestamp":"2026-01-17 16:10:13"}
{"level":"info","message":"USER: User retrieved (Username: nikokomninos)","service":"pachingo","timestamp":"2026-01-17 16:10:13"}
{"level":"info","message":"USER: User retrieved (Username: nikokomninos)","service":"pachingo","timestamp":"2026-01-17 16:10:13"}
{"level":"info","message":"USER: User retrieved (Username: nikokomninos)","service":"pachingo","timestamp":"2026-01-17 16:10:13"}
{"level":"info","message":"USER: User retrieved (Username: nikokomninos)","service":"pachingo","timestamp":"2026-01-17 16:10:13"}
{"level":"info","message":"USER: User retrieved (Username: nikokomninos)","service":"pachingo","timestamp":"2026-01-17 16:10:13"}
{"level":"info","message":"USER: User retrieved (Username: nikokomninos)","service":"pachingo","timestamp":"2026-01-17 16:10:13"}
{"level":"info","message":"USER: User retrieved (Username: nikokomninos)","service":"pachingo","timestamp":"2026-01-17 16:10:13"}
{"level":"info","message":"USER: User retrieved (Username: nikokomninos)","service":"pachingo","timestamp":"2026-01-17 16:10:13"}
{"level":"info","message":"USER: User retrieved (Username: nikokomninos)","service":"pachingo","timestamp":"2026-01-17 16:10:13"}
{"level":"info","message":"USER: User retrieved (Username: nikokomninos)","service":"pachingo","timestamp":"2026-01-17 16:10:13"}
{"level":"info","message":"USER: User retrieved (Username: nikokomninos)","service":"pachingo","timestamp":"2026-01-17 16:10:13"}
{"level":"info","message":"USER: User retrieved (Username: nikokomninos)","service":"pachingo","timestamp":"2026-01-17 16:10:13"}
{"level":"info","message":"USER: User retrieved (Username: nikokomninos)","service":"pachingo","timestamp":"2026-01-17 16:10:13"}
{"level":"info","message":"USER: User retrieved (Username: nikokomninos)","service":"pachingo","timestamp":"2026-01-17 16:10:13"}
{"level":"info","message":"USER: User retrieved (Username: nikokomninos)","service":"pachingo","timestamp":"2026-01-17 16:10:13"}
{"level":"info","message":"USER: User retrieved (Username: nikokomninos)","service":"pachingo","timestamp":"2026-01-17 16:10:14"}
{"level":"info","message":"USER: User retrieved (Username: nikokomninos)","service":"pachingo","timestamp":"2026-01-17 16:10:14"}
{"level":"info","message":"USER: User retrieved (Username: nikokomninos)","service":"pachingo","timestamp":"2026-01-17 16:10:14"}
{"level":"info","message":"USER: User retrieved (Username: nikokomninos)","service":"pachingo","timestamp":"2026-01-17 16:10:14"}
{"level":"info","message":"USER: User retrieved (Username: nikokomninos)","service":"pachingo","timestamp":"2026-01-17 16:10:14"}
{"level":"info","message":"USER: User retrieved (Username: nikokomninos)","service":"pachingo","timestamp":"2026-01-17 16:10:14"}
{"level":"info","message":"USER: User retrieved (Username: nikokomninos)","service":"pachingo","timestamp":"2026-01-17 16:10:14"}
{"level":"info","message":"USER: User retrieved (Username: nikokomninos)","service":"pachingo","timestamp":"2026-01-17 16:10:14"}
{"level":"info","message":"USER: User retrieved (Username: nikokomninos)","service":"pachingo","timestamp":"2026-01-17 16:10:14"}
{"level":"info","message":"USER: User retrieved (Username: nikokomninos)","service":"pachingo","timestamp":"2026-01-17 16:10:14"}
{"level":"info","message":"USER: User retrieved (Username: nikokomninos)","service":"pachingo","timestamp":"2026-01-17 16:10:14"}
{"level":"info","message":"USER: User retrieved (Username: nikokomninos)","service":"pachingo","timestamp":"2026-01-17 16:10:14"}
{"level":"info","message":"USER: User retrieved (Username: nikokomninos)","service":"pachingo","timestamp":"2026-01-17 16:10:14"}
{"level":"info","message":"USER: User retrieved (Username: nikokomninos)","service":"pachingo","timestamp":"2026-01-17 16:10:14"}
{"level":"info","message":"USER: User retrieved (Username: nikokomninos)","service":"pachingo","timestamp":"2026-01-17 16:10:14"}
{"level":"info","message":"USER: User retrieved (Username: nikokomninos)","service":"pachingo","timestamp":"2026-01-17 16:10:14"}
{"level":"info","message":"USER: User retrieved (Username: nikokomninos)","service":"pachingo","timestamp":"2026-01-17 16:10:14"}
{"level":"info","message":"USER: User retrieved (Username: nikokomninos)","service":"pachingo","timestamp":"2026-01-17 16:10:14"}
{"level":"info","message":"USER: User retrieved (Username: nikokomninos)","service":"pachingo","timestamp":"2026-01-17 16:10:14"}
{"level":"info","message":"USER: User retrieved (Username: nikokomninos)","service":"pachingo","timestamp":"2026-01-17 16:10:15"}
{"level":"info","message":"USER: User retrieved (Username: nikokomninos)","service":"pachingo","timestamp":"2026-01-17 16:10:15"}
{"level":"info","message":"USER: User retrieved (Username: nikokomninos)","service":"pachingo","timestamp":"2026-01-17 16:10:15"}
{"level":"info","message":"USER: User retrieved (Username: nikokomninos)","service":"pachingo","timestamp":"2026-01-17 16:10:15"}
{"level":"info","message":"USER: User retrieved (Username: nikokomninos)","service":"pachingo","timestamp":"2026-01-17 16:10:15"}
{"level":"info","message":"USER: User retrieved (Username: nikokomninos)","service":"pachingo","timestamp":"2026-01-17 16:10:15"}
{"level":"info","message":"USER: User retrieved (Username: nikokomninos)","service":"pachingo","timestamp":"2026-01-17 16:10:15"}
{"level":"info","message":"USER: User retrieved (Username: nikokomninos)","service":"pachingo","timestamp":"2026-01-17 16:10:15"}
{"level":"info","message":"USER: User retrieved (Username: nikokomninos)","service":"pachingo","timestamp":"2026-01-17 16:10:15"}
{"level":"info","message":"USER: User retrieved (Username: nikokomninos)","service":"pachingo","timestamp":"2026-01-17 16:10:15"}
{"level":"info","message":"USER: User retrieved (Username: nikokomninos)","service":"pachingo","timestamp":"2026-01-17 16:10:15"}
{"level":"info","message":"USER: User retrieved (Username: nikokomninos)","service":"pachingo","timestamp":"2026-01-17 16:10:15"}
{"level":"info","message":"USER: User retrieved (Username: nikokomninos)","service":"pachingo","timestamp":"2026-01-17 16:10:15"}
{"level":"info","message":"USER: User retrieved (Username: nikokomninos)","service":"pachingo","timestamp":"2026-01-17 16:10:15"}
{"level":"info","message":"USER: User retrieved (Username: nikokomninos)","service":"pachingo","timestamp":"2026-01-17 16:10:15"}
{"level":"info","message":"USER: User retrieved (Username: nikokomninos)","service":"pachingo","timestamp":"2026-01-17 16:10:15"}
{"level":"info","message":"USER: User retrieved (Username: nikokomninos)","service":"pachingo","timestamp":"2026-01-17 16:10:15"}
{"level":"info","message":"USER: User retrieved (Username: nikokomninos)","service":"pachingo","timestamp":"2026-01-17 16:10:16"}
{"level":"info","message":"USER: User retrieved (Username: nikokomninos)","service":"pachingo","timestamp":"2026-01-17 16:10:16"}
{"level":"info","message":"USER: User retrieved (Username: nikokomninos)","service":"pachingo","timestamp":"2026-01-17 16:10:16"}
{"level":"info","message":"USER: User retrieved (Username: nikokomninos)","service":"pachingo","timestamp":"2026-01-17 16:10:16"}
{"level":"info","message":"USER: User retrieved (Username: nikokomninos)","service":"pachingo","timestamp":"2026-01-17 16:10:16"}
{"level":"info","message":"USER: User retrieved (Username: nikokomninos)","service":"pachingo","timestamp":"2026-01-17 16:10:16"}
{"level":"info","message":"USER: User retrieved (Username: nikokomninos)","service":"pachingo","timestamp":"2026-01-17 16:10:16"}
{"level":"info","message":"USER: User retrieved (Username: nikokomninos)","service":"pachingo","timestamp":"2026-01-17 16:10:16"}
{"level":"info","message":"USER: User retrieved (Username: nikokomninos)","service":"pachingo","timestamp":"2026-01-17 16:10:16"}
{"level":"info","message":"USER: User retrieved (Username: nikokomninos)","service":"pachingo","timestamp":"2026-01-17 16:10:16"}
{"level":"info","message":"USER: User retrieved (Username: nikokomninos)","service":"pachingo","timestamp":"2026-01-17 16:10:16"}
{"level":"info","message":"USER: User retrieved (Username: nikokomninos)","service":"pachingo","timestamp":"2026-01-17 16:10:16"}
{"level":"info","message":"USER: User retrieved (Username: nikokomninos)","service":"pachingo","timestamp":"2026-01-17 16:10:16"}
{"level":"info","message":"USER: User retrieved (Username: nikokomninos)","service":"pachingo","timestamp":"2026-01-17 16:10:16"}
{"level":"info","message":"USER: User retrieved (Username: nikokomninos)","service":"pachingo","timestamp":"2026-01-17 16:10:16"}
{"level":"info","message":"USER: User retrieved (Username: nikokomninos)","service":"pachingo","timestamp":"2026-01-17 16:10:16"}
{"level":"info","message":"USER: User retrieved (Username: nikokomninos)","service":"pachingo","timestamp":"2026-01-17 16:10:16"}
{"level":"info","message":"USER: User retrieved (Username: nikokomninos)","service":"pachingo","timestamp":"2026-01-17 16:10:16"}
{"level":"info","message":"USER: User retrieved (Username: nikokomninos)","service":"pachingo","timestamp":"2026-01-17 16:10:17"}
{"level":"info","message":"USER: User retrieved (Username: nikokomninos)","service":"pachingo","timestamp":"2026-01-17 16:10:17"}
{"level":"info","message":"USER: User retrieved (Username: nikokomninos)","service":"pachingo","timestamp":"2026-01-17 16:10:17"}
{"level":"info","message":"USER: User retrieved (Username: nikokomninos)","service":"pachingo","timestamp":"2026-01-17 16:10:17"}
{"level":"info","message":"USER: User retrieved (Username: nikokomninos)","service":"pachingo","timestamp":"2026-01-17 16:10:17"}
{"level":"info","message":"USER: User retrieved (Username: nikokomninos)","service":"pachingo","timestamp":"2026-01-17 16:10:17"}
{"level":"info","message":"USER: User retrieved (Username: nikokomninos)","service":"pachingo","timestamp":"2026-01-17 16:10:17"}
{"level":"info","message":"USER: User retrieved (Username: nikokomninos)","service":"pachingo","timestamp":"2026-01-17 16:10:17"}
{"level":"info","message":"USER: User retrieved (Username: nikokomninos)","service":"pachingo","timestamp":"2026-01-17 16:10:17"}
{"level":"info","message":"USER: User retrieved (Username: nikokomninos)","service":"pachingo","timestamp":"2026-01-17 16:10:17"}
{"level":"info","message":"USER: User retrieved (Username: nikokomninos)","service":"pachingo","timestamp":"2026-01-17 16:10:17"}
{"level":"info","message":"USER: User retrieved (Username: nikokomninos)","service":"pachingo","timestamp":"2026-01-17 16:10:17"}
{"level":"info","message":"USER: User retrieved (Username: nikokomninos)","service":"pachingo","timestamp":"2026-01-17 16:10:17"}
{"level":"info","message":"USER: User retrieved (Username: nikokomninos)","service":"pachingo","timestamp":"2026-01-17 16:10:17"}
{"level":"info","message":"USER: User retrieved (Username: nikokomninos)","service":"pachingo","timestamp":"2026-01-17 16:10:17"}
{"level":"info","message":"USER: User retrieved (Username: nikokomninos)","service":"pachingo","timestamp":"2026-01-17 16:10:17"}
{"level":"info","message":"USER: User retrieved (Username: nikokomninos)","service":"pachingo","timestamp":"2026-01-17 16:10:18"}
{"level":"info","message":"USER: User retrieved (Username: nikokomninos)","service":"pachingo","timestamp":"2026-01-17 16:10:18"}
{"level":"info","message":"USER: User retrieved (Username: nikokomninos)","service":"pachingo","timestamp":"2026-01-17 16:10:18"}
{"level":"info","message":"USER: User retrieved (Username: nikokomninos)","service":"pachingo","timestamp":"2026-01-17 16:10:18"}
{"level":"info","message":"USER: User retrieved (Username: nikokomninos)","service":"pachingo","timestamp":"2026-01-17 16:10:18"}
{"level":"info","message":"USER: User retrieved (Username: nikokomninos)","service":"pachingo","timestamp":"2026-01-17 16:10:18"}
{"level":"info","message":"USER: User retrieved (Username: nikokomninos)","service":"pachingo","timestamp":"2026-01-17 16:10:18"}
{"level":"info","message":"USER: User retrieved (Username: nikokomninos)","service":"pachingo","timestamp":"2026-01-17 16:10:18"}
{"level":"info","message":"USER: User retrieved (Username: nikokomninos)","service":"pachingo","timestamp":"2026-01-17 16:10:18"}
{"level":"info","message":"USER: User retrieved (Username: nikokomninos)","service":"pachingo","timestamp":"2026-01-17 16:10:18"}
{"level":"info","message":"USER: User retrieved (Username: nikokomninos)","service":"pachingo","timestamp":"2026-01-17 16:10:18"}
{"level":"info","message":"USER: User retrieved (Username: nikokomninos)","service":"pachingo","timestamp":"2026-01-17 16:10:18"}
{"level":"info","message":"USER: User retrieved (Username: nikokomninos)","service":"pachingo","timestamp":"2026-01-17 16:10:18"}
{"level":"info","message":"USER: User retrieved (Username: nikokomninos)","service":"pachingo","timestamp":"2026-01-17 16:10:18"}
{"level":"info","message":"USER: User retrieved (Username: nikokomninos)","service":"pachingo","timestamp":"2026-01-17 16:10:18"}
{"level":"info","message":"USER: User retrieved (Username: nikokomninos)","service":"pachingo","timestamp":"2026-01-17 16:10:18"}
{"level":"info","message":"USER: User retrieved (Username: nikokomninos)","service":"pachingo","timestamp":"2026-01-17 16:10:19"}
{"level":"info","message":"USER: User retrieved (Username: nikokomninos)","service":"pachingo","timestamp":"2026-01-17 16:10:19"}
{"level":"info","message":"USER: User retrieved (Username: nikokomninos)","service":"pachingo","timestamp":"2026-01-17 16:10:19"}
{"level":"info","message":"USER: User retrieved (Username: nikokomninos)","service":"pachingo","timestamp":"2026-01-17 16:10:19"}
{"level":"info","message":"USER: User retrieved (Username: nikokomninos)","service":"pachingo","timestamp":"2026-01-17 16:10:19"}
{"level":"info","message":"USER: User retrieved (Username: nikokomninos)","service":"pachingo","timestamp":"2026-01-17 16:10:19"}
{"level":"info","message":"USER: User retrieved (Username: nikokomninos)","service":"pachingo","timestamp":"2026-01-17 16:10:19"}
{"level":"info","message":"USER: User retrieved (Username: nikokomninos)","service":"pachingo","timestamp":"2026-01-17 16:10:19"}
{"level":"info","message":"USER: User retrieved (Username: nikokomninos)","service":"pachingo","timestamp":"2026-01-17 16:10:19"}
{"level":"info","message":"USER: User retrieved (Username: nikokomninos)","service":"pachingo","timestamp":"2026-01-17 16:10:19"}
{"level":"info","message":"USER: User retrieved (Username: nikokomninos)","service":"pachingo","timestamp":"2026-01-17 16:10:19"}
{"level":"info","message":"USER: User retrieved (Username: nikokomninos)","service":"pachingo","timestamp":"2026-01-17 16:10:19"}
{"level":"info","message":"USER: User retrieved (Username: nikokomninos)","service":"pachingo","timestamp":"2026-01-17 16:10:19"}
{"level":"info","message":"USER: User retrieved (Username: nikokomninos)","service":"pachingo","timestamp":"2026-01-17 16:10:19"}
{"level":"info","message":"USER: User retrieved (Username: nikokomninos)","service":"pachingo","timestamp":"2026-01-17 16:10:20"}
{"level":"info","message":"USER: User retrieved (Username: nikokomninos)","service":"pachingo","timestamp":"2026-01-17 16:10:20"}
{"level":"info","message":"USER: User retrieved (Username: nikokomninos)","service":"pachingo","timestamp":"2026-01-17 16:10:20"}
{"level":"info","message":"USER: User retrieved (Username: nikokomninos)","service":"pachingo","timestamp":"2026-01-17 16:10:20"}
{"level":"info","message":"USER: User retrieved (Username: nikokomninos)","service":"pachingo","timestamp":"2026-01-17 16:10:20"}
{"level":"info","message":"USER: User retrieved (Username: nikokomninos)","service":"pachingo","timestamp":"2026-01-17 16:10:20"}
{"level":"info","message":"USER: User retrieved (Username: nikokomninos)","service":"pachingo","timestamp":"2026-01-17 16:10:20"}
{"level":"info","message":"USER: User retrieved (Username: nikokomninos)","service":"pachingo","timestamp":"2026-01-17 16:10:20"}
{"level":"info","message":"USER: User retrieved (Username: nikokomninos)","service":"pachingo","timestamp":"2026-01-17 16:10:20"}
{"level":"info","message":"USER: User retrieved (Username: nikokomninos)","service":"pachingo","timestamp":"2026-01-17 16:10:20"}
{"level":"info","message":"USER: User retrieved (Username: nikokomninos)","service":"pachingo","timestamp":"2026-01-17 16:10:20"}
{"level":"info","message":"USER: User retrieved (Username: nikokomninos)","service":"pachingo","timestamp":"2026-01-17 16:10:20"}
{"level":"info","message":"USER: User retrieved (Username: nikokomninos)","service":"pachingo","timestamp":"2026-01-17 16:10:20"}
{"level":"info","message":"USER: User retrieved (Username: nikokomninos)","service":"pachingo","timestamp":"2026-01-17 16:10:20"}
{"level":"info","message":"USER: User retrieved (Username: nikokomninos)","service":"pachingo","timestamp":"2026-01-17 16:10:20"}
{"level":"info","message":"USER: User retrieved (Username: nikokomninos)","service":"pachingo","timestamp":"2026-01-17 16:10:20"}
{"level":"info","message":"USER: User retrieved (Username: nikokomninos)","service":"pachingo","timestamp":"2026-01-17 16:10:20"}
{"level":"info","message":"USER: User retrieved (Username: nikokomninos)","service":"pachingo","timestamp":"2026-01-17 16:10:20"}
{"level":"info","message":"USER: User retrieved (Username: nikokomninos)","service":"pachingo","timestamp":"2026-01-17 16:10:20"}
{"level":"info","message":"USER: User retrieved (Username: nikokomninos)","service":"pachingo","timestamp":"2026-01-17 16:10:20"}
{"level":"info","message":"USER: User retrieved (Username: nikokomninos)","service":"pachingo","timestamp":"2026-01-17 16:10:21"}
{"level":"info","message":"USER: User retrieved (Username: nikokomninos)","service":"pachingo","timestamp":"2026-01-17 16:10:21"}
{"level":"info","message":"USER: User retrieved (Username: nikokomninos)","service":"pachingo","timestamp":"2026-01-17 16:10:21"}
{"level":"info","message":"USER: User retrieved (Username: nikokomninos)","service":"pachingo","timestamp":"2026-01-17 16:10:21"}
{"level":"info","message":"USER: User retrieved (Username: nikokomninos)","service":"pachingo","timestamp":"2026-01-17 16:10:21"}
{"level":"info","message":"USER: User retrieved (Username: nikokomninos)","service":"pachingo","timestamp":"2026-01-17 16:10:21"}
{"level":"info","message":"USER: User retrieved (Username: nikokomninos)","service":"pachingo","timestamp":"2026-01-17 16:10:21"}
{"level":"info","message":"USER: User retrieved (Username: nikokomninos)","service":"pachingo","timestamp":"2026-01-17 16:10:21"}
{"level":"info","message":"USER: User retrieved (Username: nikokomninos)","service":"pachingo","timestamp":"2026-01-17 16:10:21"}
{"level":"info","message":"USER: User retrieved (Username: nikokomninos)","service":"pachingo","timestamp":"2026-01-17 16:10:21"}
{"level":"info","message":"USER: User retrieved (Username: nikokomninos)","service":"pachingo","timestamp":"2026-01-17 16:10:21"}
{"level":"info","message":"USER: User retrieved (Username: nikokomninos)","service":"pachingo","timestamp":"2026-01-17 16:10:21"}
{"level":"info","message":"USER: User retrieved (Username: nikokomninos)","service":"pachingo","timestamp":"2026-01-17 16:10:21"}
{"level":"info","message":"USER: User retrieved (Username: nikokomninos)","service":"pachingo","timestamp":"2026-01-17 16:10:21"}
{"level":"info","message":"USER: User retrieved (Username: nikokomninos)","service":"pachingo","timestamp":"2026-01-17 16:10:21"}
{"level":"info","message":"USER: User retrieved (Username: nikokomninos)","service":"pachingo","timestamp":"2026-01-17 16:10:21"}
{"level":"info","message":"USER: User retrieved (Username: nikokomninos)","service":"pachingo","timestamp":"2026-01-17 16:10:22"}
{"level":"info","message":"USER: User retrieved (Username: nikokomninos)","service":"pachingo","timestamp":"2026-01-17 16:10:22"}
{"level":"info","message":"USER: User retrieved (Username: nikokomninos)","service":"pachingo","timestamp":"2026-01-17 16:10:22"}
{"level":"info","message":"USER: User retrieved (Username: nikokomninos)","service":"pachingo","timestamp":"2026-01-17 16:10:22"}
{"level":"info","message":"USER: User retrieved (Username: nikokomninos)","service":"pachingo","timestamp":"2026-01-17 16:10:22"}
{"level":"info","message":"USER: User retrieved (Username: nikokomninos)","service":"pachingo","timestamp":"2026-01-17 16:10:22"}
{"level":"info","message":"USER: User retrieved (Username: nikokomninos)","service":"pachingo","timestamp":"2026-01-17 16:10:22"}
{"level":"info","message":"USER: User retrieved (Username: nikokomninos)","service":"pachingo","timestamp":"2026-01-17 16:10:22"}
{"level":"info","message":"USER: User retrieved (Username: nikokomninos)","service":"pachingo","timestamp":"2026-01-17 16:10:22"}
{"level":"info","message":"USER: User retrieved (Username: nikokomninos)","service":"pachingo","timestamp":"2026-01-17 16:10:22"}
{"level":"info","message":"USER: User retrieved (Username: nikokomninos)","service":"pachingo","timestamp":"2026-01-17 16:10:22"}
{"level":"info","message":"USER: User retrieved (Username: nikokomninos)","service":"pachingo","timestamp":"2026-01-17 16:10:22"}
{"level":"info","message":"USER: User retrieved (Username: nikokomninos)","service":"pachingo","timestamp":"2026-01-17 16:10:22"}
{"level":"info","message":"USER: User retrieved (Username: nikokomninos)","service":"pachingo","timestamp":"2026-01-17 16:10:22"}
{"level":"info","message":"USER: User retrieved (Username: nikokomninos)","service":"pachingo","timestamp":"2026-01-17 16:10:22"}
{"level":"info","message":"USER: User retrieved (Username: nikokomninos)","service":"pachingo","timestamp":"2026-01-17 16:10:22"}
{"level":"info","message":"USER: User retrieved (Username: nikokomninos)","service":"pachingo","timestamp":"2026-01-17 16:10:22"}
{"level":"info","message":"USER: User retrieved (Username: nikokomninos)","service":"pachingo","timestamp":"2026-01-17 16:10:22"}
{"level":"info","message":"USER: User retrieved (Username: nikokomninos)","service":"pachingo","timestamp":"2026-01-17 16:10:23"}
{"level":"info","message":"USER: User retrieved (Username: nikokomninos)","service":"pachingo","timestamp":"2026-01-17 16:10:23"}
{"level":"info","message":"USER: User retrieved (Username: nikokomninos)","service":"pachingo","timestamp":"2026-01-17 16:10:23"}
{"level":"info","message":"USER: User retrieved (Username: nikokomninos)","service":"pachingo","timestamp":"2026-01-17 16:10:23"}
{"level":"info","message":"USER: User retrieved (Username: nikokomninos)","service":"pachingo","timestamp":"2026-01-17 16:10:23"}
{"level":"info","message":"USER: User retrieved (Username: nikokomninos)","service":"pachingo","timestamp":"2026-01-17 16:10:23"}
{"level":"info","message":"USER: User retrieved (Username: nikokomninos)","service":"pachingo","timestamp":"2026-01-17 16:10:23"}
{"level":"info","message":"USER: User retrieved (Username: nikokomninos)","service":"pachingo","timestamp":"2026-01-17 16:10:23"}
{"level":"info","message":"USER: User retrieved (Username: nikokomninos)","service":"pachingo","timestamp":"2026-01-17 16:10:23"}
{"level":"info","message":"USER: User retrieved (Username: nikokomninos)","service":"pachingo","timestamp":"2026-01-17 16:10:23"}
{"level":"info","message":"USER: User retrieved (Username: nikokomninos)","service":"pachingo","timestamp":"2026-01-17 16:10:23"}
{"level":"info","message":"USER: User retrieved (Username: nikokomninos)","service":"pachingo","timestamp":"2026-01-17 16:10:23"}
{"level":"info","message":"USER: User retrieved (Username: nikokomninos)","service":"pachingo","timestamp":"2026-01-17 16:10:23"}
{"level":"info","message":"USER: User retrieved (Username: nikokomninos)","service":"pachingo","timestamp":"2026-01-17 16:10:23"}
{"level":"info","message":"USER: User retrieved (Username: nikokomninos)","service":"pachingo","timestamp":"2026-01-17 16:10:23"}
{"level":"info","message":"USER: User retrieved (Username: nikokomninos)","service":"pachingo","timestamp":"2026-01-17 16:10:23"}
{"level":"info","message":"USER: User retrieved (Username: nikokomninos)","service":"pachingo","timestamp":"2026-01-17 16:10:24"}
{"level":"info","message":"USER: User retrieved (Username: nikokomninos)","service":"pachingo","timestamp":"2026-01-17 16:10:24"}
{"level":"info","message":"USER: User retrieved (Username: nikokomninos)","service":"pachingo","timestamp":"2026-01-17 16:10:24"}
{"level":"info","message":"USER: User retrieved (Username: nikokomninos)","service":"pachingo","timestamp":"2026-01-17 16:10:24"}
{"level":"info","message":"USER: User retrieved (Username: nikokomninos)","service":"pachingo","timestamp":"2026-01-17 16:10:24"}
{"level":"info","message":"USER: User retrieved (Username: nikokomninos)","service":"pachingo","timestamp":"2026-01-17 16:10:24"}
{"level":"info","message":"USER: User retrieved (Username: nikokomninos)","service":"pachingo","timestamp":"2026-01-17 16:10:24"}
{"level":"info","message":"USER: User retrieved (Username: nikokomninos)","service":"pachingo","timestamp":"2026-01-17 16:10:24"}
{"level":"info","message":"USER: User retrieved (Username: nikokomninos)","service":"pachingo","timestamp":"2026-01-17 16:10:24"}
{"level":"info","message":"USER: User retrieved (Username: nikokomninos)","service":"pachingo","timestamp":"2026-01-17 16:10:24"}
{"level":"info","message":"USER: User retrieved (Username: nikokomninos)","service":"pachingo","timestamp":"2026-01-17 16:10:24"}
{"level":"info","message":"USER: User retrieved (Username: nikokomninos)","service":"pachingo","timestamp":"2026-01-17 16:10:24"}
{"level":"info","message":"USER: User retrieved (Username: nikokomninos)","service":"pachingo","timestamp":"2026-01-17 16:10:24"}
{"level":"info","message":"USER: User retrieved (Username: nikokomninos)","service":"pachingo","timestamp":"2026-01-17 16:10:24"}
{"level":"info","message":"USER: User retrieved (Username: nikokomninos)","service":"pachingo","timestamp":"2026-01-17 16:10:24"}
{"level":"info","message":"USER: User retrieved (Username: nikokomninos)","service":"pachingo","timestamp":"2026-01-17 16:10:24"}
{"level":"info","message":"USER: User retrieved (Username: nikokomninos)","service":"pachingo","timestamp":"2026-01-17 16:10:24"}
{"level":"info","message":"USER: User retrieved (Username: nikokomninos)","service":"pachingo","timestamp":"2026-01-17 16:10:24"}
{"level":"info","message":"USER: User retrieved (Username: nikokomninos)","service":"pachingo","timestamp":"2026-01-17 16:10:25"}
{"level":"info","message":"USER: User retrieved (Username: nikokomninos)","service":"pachingo","timestamp":"2026-01-17 16:10:25"}
{"level":"info","message":"USER: User retrieved (Username: nikokomninos)","service":"pachingo","timestamp":"2026-01-17 16:10:25"}
{"level":"info","message":"USER: User retrieved (Username: nikokomninos)","service":"pachingo","timestamp":"2026-01-17 16:10:25"}
{"level":"info","message":"USER: User retrieved (Username: nikokomninos)","service":"pachingo","timestamp":"2026-01-17 16:10:25"}
{"level":"info","message":"USER: User retrieved (Username: nikokomninos)","service":"pachingo","timestamp":"2026-01-17 16:10:25"}
{"level":"info","message":"USER: User retrieved (Username: nikokomninos)","service":"pachingo","timestamp":"2026-01-17 16:10:25"}
{"level":"info","message":"USER: User retrieved (Username: nikokomninos)","service":"pachingo","timestamp":"2026-01-17 16:10:25"}
{"level":"info","message":"USER: User retrieved (Username: nikokomninos)","service":"pachingo","timestamp":"2026-01-17 16:10:25"}
{"level":"info","message":"USER: User retrieved (Username: nikokomninos)","service":"pachingo","timestamp":"2026-01-17 16:10:25"}
{"level":"info","message":"USER: User retrieved (Username: nikokomninos)","service":"pachingo","timestamp":"2026-01-17 16:10:25"}
{"level":"info","message":"USER: User retrieved (Username: nikokomninos)","service":"pachingo","timestamp":"2026-01-17 16:10:25"}
{"level":"info","message":"USER: User retrieved (Username: nikokomninos)","service":"pachingo","timestamp":"2026-01-17 16:10:25"}
{"level":"info","message":"USER: User retrieved (Username: nikokomninos)","service":"pachingo","timestamp":"2026-01-17 16:10:25"}
{"level":"info","message":"USER: User retrieved (Username: nikokomninos)","service":"pachingo","timestamp":"2026-01-17 16:10:25"}
{"level":"info","message":"USER: User retrieved (Username: nikokomninos)","service":"pachingo","timestamp":"2026-01-17 16:10:25"}
{"level":"info","message":"USER: User retrieved (Username: nikokomninos)","service":"pachingo","timestamp":"2026-01-17 16:10:26"}
{"level":"info","message":"USER: User retrieved (Username: nikokomninos)","service":"pachingo","timestamp":"2026-01-17 16:10:26"}
{"level":"info","message":"USER: User retrieved (Username: nikokomninos)","service":"pachingo","timestamp":"2026-01-17 16:10:26"}
{"level":"info","message":"USER: User retrieved (Username: nikokomninos)","service":"pachingo","timestamp":"2026-01-17 16:10:26"}
{"level":"info","message":"USER: User retrieved (Username: nikokomninos)","service":"pachingo","timestamp":"2026-01-17 16:10:26"}
{"level":"info","message":"USER: User retrieved (Username: nikokomninos)","service":"pachingo","timestamp":"2026-01-17 16:10:26"}
{"level":"info","message":"USER: User retrieved (Username: nikokomninos)","service":"pachingo","timestamp":"2026-01-17 16:10:26"}
{"level":"info","message":"USER: User retrieved (Username: nikokomninos)","service":"pachingo","timestamp":"2026-01-17 16:10:26"}
{"level":"info","message":"USER: User retrieved (Username: nikokomninos)","service":"pachingo","timestamp":"2026-01-17 16:10:26"}
{"level":"info","message":"USER: User retrieved (Username: nikokomninos)","service":"pachingo","timestamp":"2026-01-17 16:10:26"}
{"level":"info","message":"USER: User retrieved (Username: nikokomninos)","service":"pachingo","timestamp":"2026-01-17 16:10:26"}
{"level":"info","message":"USER: User retrieved (Username: nikokomninos)","service":"pachingo","timestamp":"2026-01-17 16:10:26"}
{"level":"info","message":"USER: User retrieved (Username: nikokomninos)","service":"pachingo","timestamp":"2026-01-17 16:10:26"}
{"level":"info","message":"USER: User retrieved (Username: nikokomninos)","service":"pachingo","timestamp":"2026-01-17 16:10:26"}
{"level":"info","message":"USER: User retrieved (Username: nikokomninos)","service":"pachingo","timestamp":"2026-01-17 16:10:26"}
{"level":"info","message":"USER: User retrieved (Username: nikokomninos)","service":"pachingo","timestamp":"2026-01-17 16:10:26"}
{"level":"info","message":"USER: User retrieved (Username: nikokomninos)","service":"pachingo","timestamp":"2026-01-17 16:10:26"}
{"level":"info","message":"USER: User retrieved (Username: nikokomninos)","service":"pachingo","timestamp":"2026-01-17 16:10:26"}
{"level":"info","message":"USER: User retrieved (Username: nikokomninos)","service":"pachingo","timestamp":"2026-01-17 16:10:26"}
{"level":"info","message":"USER: User retrieved (Username: nikokomninos)","service":"pachingo","timestamp":"2026-01-17 16:10:26"}
{"level":"info","message":"USER: User retrieved (Username: nikokomninos)","service":"pachingo","timestamp":"2026-01-17 16:10:27"}
{"level":"info","message":"USER: User retrieved (Username: nikokomninos)","service":"pachingo","timestamp":"2026-01-17 16:10:27"}
{"level":"info","message":"USER: User retrieved (Username: nikokomninos)","service":"pachingo","timestamp":"2026-01-17 16:10:27"}
{"level":"info","message":"USER: User retrieved (Username: nikokomninos)","service":"pachingo","timestamp":"2026-01-17 16:10:27"}
{"level":"info","message":"USER: User retrieved (Username: nikokomninos)","service":"pachingo","timestamp":"2026-01-17 16:10:27"}
{"level":"info","message":"USER: User retrieved (Username: nikokomninos)","service":"pachingo","timestamp":"2026-01-17 16:10:27"}
{"level":"info","message":"USER: User retrieved (Username: nikokomninos)","service":"pachingo","timestamp":"2026-01-17 16:10:27"}
{"level":"info","message":"USER: User retrieved (Username: nikokomninos)","service":"pachingo","timestamp":"2026-01-17 16:10:27"}
{"level":"info","message":"USER: User retrieved (Username: nikokomninos)","service":"pachingo","timestamp":"2026-01-17 16:10:27"}
{"level":"info","message":"USER: User retrieved (Username: nikokomninos)","service":"pachingo","timestamp":"2026-01-17 16:10:27"}
{"level":"info","message":"USER: User retrieved (Username: nikokomninos)","service":"pachingo","timestamp":"2026-01-17 16:10:27"}
{"level":"info","message":"USER: User retrieved (Username: nikokomninos)","service":"pachingo","timestamp":"2026-01-17 16:10:27"}
{"level":"info","message":"USER: User retrieved (Username: nikokomninos)","service":"pachingo","timestamp":"2026-01-17 16:10:27"}
{"level":"info","message":"USER: User retrieved (Username: nikokomninos)","service":"pachingo","timestamp":"2026-01-17 16:10:27"}
{"level":"info","message":"USER: User retrieved (Username: nikokomninos)","service":"pachingo","timestamp":"2026-01-17 16:10:27"}
{"level":"info","message":"USER: User retrieved (Username: nikokomninos)","service":"pachingo","timestamp":"2026-01-17 16:10:27"}
{"level":"info","message":"USER: User retrieved (Username: nikokomninos)","service":"pachingo","timestamp":"2026-01-17 16:10:27"}
{"level":"info","message":"USER: User retrieved (Username: nikokomninos)","service":"pachingo","timestamp":"2026-01-17 16:10:27"}
{"level":"info","message":"USER: User retrieved (Username: nikokomninos)","service":"pachingo","timestamp":"2026-01-17 16:10:27"}
{"level":"info","message":"USER: User retrieved (Username: nikokomninos)","service":"pachingo","timestamp":"2026-01-17 16:10:28"}
{"level":"info","message":"USER: User retrieved (Username: nikokomninos)","service":"pachingo","timestamp":"2026-01-17 16:10:28"}
{"level":"info","message":"USER: User retrieved (Username: nikokomninos)","service":"pachingo","timestamp":"2026-01-17 16:10:28"}
{"level":"info","message":"USER: User retrieved (Username: nikokomninos)","service":"pachingo","timestamp":"2026-01-17 16:10:28"}
{"level":"info","message":"USER: User retrieved (Username: nikokomninos)","service":"pachingo","timestamp":"2026-01-17 16:10:28"}
{"level":"info","message":"USER: User retrieved (Username: nikokomninos)","service":"pachingo","timestamp":"2026-01-17 16:10:28"}
{"level":"info","message":"USER: User retrieved (Username: nikokomninos)","service":"pachingo","timestamp":"2026-01-17 16:10:28"}
{"level":"info","message":"USER: User retrieved (Username: nikokomninos)","service":"pachingo","timestamp":"2026-01-17 16:10:28"}
{"level":"info","message":"USER: User retrieved (Username: nikokomninos)","service":"pachingo","timestamp":"2026-01-17 16:10:28"}
{"level":"info","message":"USER: User retrieved (Username: nikokomninos)","service":"pachingo","timestamp":"2026-01-17 16:10:28"}
{"level":"info","message":"USER: User retrieved (Username: nikokomninos)","service":"pachingo","timestamp":"2026-01-17 16:10:28"}
{"level":"info","message":"USER: User retrieved (Username: nikokomninos)","service":"pachingo","timestamp":"2026-01-17 16:10:28"}
{"level":"info","message":"USER: User retrieved (Username: nikokomninos)","service":"pachingo","timestamp":"2026-01-17 16:10:28"}
{"level":"info","message":"USER: User retrieved (Username: nikokomninos)","service":"pachingo","timestamp":"2026-01-17 16:10:28"}
{"level":"info","message":"USER: User retrieved (Username: nikokomninos)","service":"pachingo","timestamp":"2026-01-17 16:10:28"}
{"level":"info","message":"USER: User retrieved (Username: nikokomninos)","service":"pachingo","timestamp":"2026-01-17 16:10:28"}
{"level":"info","message":"USER: User retrieved (Username: nikokomninos)","service":"pachingo","timestamp":"2026-01-17 16:10:28"}
{"level":"info","message":"USER: User retrieved (Username: nikokomninos)","service":"pachingo","timestamp":"2026-01-17 16:10:28"}
{"level":"info","message":"USER: User retrieved (Username: nikokomninos)","service":"pachingo","timestamp":"2026-01-17 16:10:28"}
{"level":"info","message":"USER: User retrieved (Username: nikokomninos)","service":"pachingo","timestamp":"2026-01-17 16:10:29"}
{"level":"info","message":"USER: User retrieved (Username: nikokomninos)","service":"pachingo","timestamp":"2026-01-17 16:10:29"}
{"level":"info","message":"USER: User retrieved (Username: nikokomninos)","service":"pachingo","timestamp":"2026-01-17 16:10:29"}
{"level":"info","message":"USER: User retrieved (Username: nikokomninos)","service":"pachingo","timestamp":"2026-01-17 16:10:29"}
{"level":"info","message":"USER: User retrieved (Username: nikokomninos)","service":"pachingo","timestamp":"2026-01-17 16:10:29"}
{"level":"info","message":"USER: User retrieved (Username: nikokomninos)","service":"pachingo","timestamp":"2026-01-17 16:10:29"}
{"level":"info","message":"USER: User retrieved (Username: nikokomninos)","service":"pachingo","timestamp":"2026-01-17 16:10:29"}
{"level":"info","message":"USER: User retrieved (Username: nikokomninos)","service":"pachingo","timestamp":"2026-01-17 16:10:29"}
{"level":"info","message":"USER: User retrieved (Username: nikokomninos)","service":"pachingo","timestamp":"2026-01-17 16:10:29"}
{"level":"info","message":"USER: User retrieved (Username: nikokomninos)","service":"pachingo","timestamp":"2026-01-17 16:10:29"}
{"level":"info","message":"USER: User retrieved (Username: nikokomninos)","service":"pachingo","timestamp":"2026-01-17 16:10:29"}
{"level":"info","message":"USER: User retrieved (Username: nikokomninos)","service":"pachingo","timestamp":"2026-01-17 16:10:29"}
{"level":"info","message":"USER: User retrieved (Username: nikokomninos)","service":"pachingo","timestamp":"2026-01-17 16:10:29"}
{"level":"info","message":"USER: User retrieved (Username: nikokomninos)","service":"pachingo","timestamp":"2026-01-17 16:10:29"}
{"level":"info","message":"USER: User retrieved (Username: nikokomninos)","service":"pachingo","timestamp":"2026-01-17 16:10:29"}
{"level":"info","message":"USER: User retrieved (Username: nikokomninos)","service":"pachingo","timestamp":"2026-01-17 16:10:29"}
{"level":"info","message":"USER: User retrieved (Username: nikokomninos)","service":"pachingo","timestamp":"2026-01-17 16:10:29"}
{"level":"info","message":"USER: User retrieved (Username: nikokomninos)","service":"pachingo","timestamp":"2026-01-17 16:10:30"}
{"level":"info","message":"USER: User retrieved (Username: nikokomninos)","service":"pachingo","timestamp":"2026-01-17 16:10:30"}
{"level":"info","message":"USER: User retrieved (Username: nikokomninos)","service":"pachingo","timestamp":"2026-01-17 16:10:30"}
{"level":"info","message":"USER: User retrieved (Username: nikokomninos)","service":"pachingo","timestamp":"2026-01-17 16:10:30"}
{"level":"info","message":"USER: User retrieved (Username: nikokomninos)","service":"pachingo","timestamp":"2026-01-17 16:10:30"}
{"level":"info","message":"USER: User retrieved (Username: nikokomninos)","service":"pachingo","timestamp":"2026-01-17 16:10:30"}
{"level":"info","message":"USER: User retrieved (Username: nikokomninos)","service":"pachingo","timestamp":"2026-01-17 16:10:30"}
{"level":"info","message":"USER: User retrieved (Username: nikokomninos)","service":"pachingo","timestamp":"2026-01-17 16:10:30"}
{"level":"info","message":"USER: User retrieved (Username: nikokomninos)","service":"pachingo","timestamp":"2026-01-17 16:10:30"}
{"level":"info","message":"USER: User retrieved (Username: nikokomninos)","service":"pachingo","timestamp":"2026-01-17 16:10:30"}
{"level":"info","message":"USER: User retrieved (Username: nikokomninos)","service":"pachingo","timestamp":"2026-01-17 16:10:30"}
{"level":"info","message":"USER: User retrieved (Username: nikokomninos)","service":"pachingo","timestamp":"2026-01-17 16:10:30"}
{"level":"info","message":"USER: User retrieved (Username: nikokomninos)","service":"pachingo","timestamp":"2026-01-17 16:10:30"}
{"level":"info","message":"USER: User retrieved (Username: nikokomninos)","service":"pachingo","timestamp":"2026-01-17 16:10:30"}
{"level":"info","message":"USER: User retrieved (Username: nikokomninos)","service":"pachingo","timestamp":"2026-01-17 16:10:30"}
{"level":"info","message":"USER: User retrieved (Username: nikokomninos)","service":"pachingo","timestamp":"2026-01-17 16:10:30"}
{"level":"info","message":"USER: User retrieved (Username: nikokomninos)","service":"pachingo","timestamp":"2026-01-17 16:10:30"}
{"level":"info","message":"USER: User retrieved (Username: nikokomninos)","service":"pachingo","timestamp":"2026-01-17 16:10:30"}
{"level":"info","message":"USER: User retrieved (Username: nikokomninos)","service":"pachingo","timestamp":"2026-01-17 16:10:31"}
{"level":"info","message":"USER: User retrieved (Username: nikokomninos)","service":"pachingo","timestamp":"2026-01-17 16:10:31"}
{"level":"info","message":"USER: User retrieved (Username: nikokomninos)","service":"pachingo","timestamp":"2026-01-17 16:10:31"}
{"level":"info","message":"USER: User retrieved (Username: nikokomninos)","service":"pachingo","timestamp":"2026-01-17 16:10:31"}
{"level":"info","message":"USER: User retrieved (Username: nikokomninos)","service":"pachingo","timestamp":"2026-01-17 16:10:31"}
{"level":"info","message":"USER: User retrieved (Username: nikokomninos)","service":"pachingo","timestamp":"2026-01-17 16:10:31"}
{"level":"info","message":"USER: User retrieved (Username: nikokomninos)","service":"pachingo","timestamp":"2026-01-17 16:10:31"}
{"level":"info","message":"USER: User retrieved (Username: nikokomninos)","service":"pachingo","timestamp":"2026-01-17 16:10:31"}
{"level":"info","message":"USER: User retrieved (Username: nikokomninos)","service":"pachingo","timestamp":"2026-01-17 16:10:31"}
{"level":"info","message":"USER: User retrieved (Username: nikokomninos)","service":"pachingo","timestamp":"2026-01-17 16:10:31"}
{"level":"info","message":"USER: User retrieved (Username: nikokomninos)","service":"pachingo","timestamp":"2026-01-17 16:10:31"}
{"level":"info","message":"USER: User retrieved (Username: nikokomninos)","service":"pachingo","timestamp":"2026-01-17 16:10:31"}
{"level":"info","message":"USER: User retrieved (Username: nikokomninos)","service":"pachingo","timestamp":"2026-01-17 16:10:31"}
{"level":"info","message":"USER: User retrieved (Username: nikokomninos)","service":"pachingo","timestamp":"2026-01-17 16:10:31"}
{"level":"info","message":"USER: User retrieved (Username: nikokomninos)","service":"pachingo","timestamp":"2026-01-17 16:10:31"}
{"level":"info","message":"USER: User retrieved (Username: nikokomninos)","service":"pachingo","timestamp":"2026-01-17 16:10:31"}
{"level":"info","message":"USER: User retrieved (Username: nikokomninos)","service":"pachingo","timestamp":"2026-01-17 16:10:31"}
{"level":"info","message":"USER: User retrieved (Username: nikokomninos)","service":"pachingo","timestamp":"2026-01-17 16:10:31"}
{"level":"info","message":"USER: User retrieved (Username: nikokomninos)","service":"pachingo","timestamp":"2026-01-17 16:10:31"}
{"level":"info","message":"USER: User retrieved (Username: nikokomninos)","service":"pachingo","timestamp":"2026-01-17 16:10:31"}
{"level":"info","message":"USER: User retrieved (Username: nikokomninos)","service":"pachingo","timestamp":"2026-01-17 16:10:32"}
{"level":"info","message":"USER: User retrieved (Username: nikokomninos)","service":"pachingo","timestamp":"2026-01-17 16:10:32"}
{"level":"info","message":"USER: User retrieved (Username: nikokomninos)","service":"pachingo","timestamp":"2026-01-17 16:10:32"}
{"level":"info","message":"USER: User retrieved (Username: nikokomninos)","service":"pachingo","timestamp":"2026-01-17 16:10:32"}
{"level":"info","message":"USER: User retrieved (Username: nikokomninos)","service":"pachingo","timestamp":"2026-01-17 16:10:32"}
{"level":"info","message":"USER: User retrieved (Username: nikokomninos)","service":"pachingo","timestamp":"2026-01-17 16:10:32"}
{"level":"info","message":"USER: User retrieved (Username: nikokomninos)","service":"pachingo","timestamp":"2026-01-17 16:10:32"}
{"level":"info","message":"USER: User retrieved (Username: nikokomninos)","service":"pachingo","timestamp":"2026-01-17 16:10:32"}
{"level":"info","message":"USER: User retrieved (Username: nikokomninos)","service":"pachingo","timestamp":"2026-01-17 16:10:32"}
{"level":"info","message":"USER: User retrieved (Username: nikokomninos)","service":"pachingo","timestamp":"2026-01-17 16:10:32"}
{"level":"info","message":"USER: User retrieved (Username: nikokomninos)","service":"pachingo","timestamp":"2026-01-17 16:10:32"}
{"level":"info","message":"USER: User retrieved (Username: nikokomninos)","service":"pachingo","timestamp":"2026-01-17 16:10:32"}
{"level":"info","message":"USER: User retrieved (Username: nikokomninos)","service":"pachingo","timestamp":"2026-01-17 16:10:32"}
{"level":"info","message":"USER: User retrieved (Username: nikokomninos)","service":"pachingo","timestamp":"2026-01-17 16:10:32"}
{"level":"info","message":"USER: User retrieved (Username: nikokomninos)","service":"pachingo","timestamp":"2026-01-17 16:10:32"}
{"level":"info","message":"USER: User retrieved (Username: nikokomninos)","service":"pachingo","timestamp":"2026-01-17 16:10:32"}
{"level":"info","message":"USER: User retrieved (Username: nikokomninos)","service":"pachingo","timestamp":"2026-01-17 16:10:32"}
{"level":"info","message":"USER: User retrieved (Username: nikokomninos)","service":"pachingo","timestamp":"2026-01-17 16:10:32"}
{"level":"info","message":"USER: User retrieved (Username: nikokomninos)","service":"pachingo","timestamp":"2026-01-17 16:10:33"}
{"level":"info","message":"USER: User retrieved (Username: nikokomninos)","service":"pachingo","timestamp":"2026-01-17 16:10:33"}
{"level":"info","message":"USER: User retrieved (Username: nikokomninos)","service":"pachingo","timestamp":"2026-01-17 16:10:33"}
{"level":"info","message":"USER: User retrieved (Username: nikokomninos)","service":"pachingo","timestamp":"2026-01-17 16:10:33"}
{"level":"info","message":"USER: User retrieved (Username: nikokomninos)","service":"pachingo","timestamp":"2026-01-17 16:10:33"}
{"level":"info","message":"USER: User retrieved (Username: nikokomninos)","service":"pachingo","timestamp":"2026-01-17 16:10:33"}
{"level":"info","message":"USER: User retrieved (Username: nikokomninos)","service":"pachingo","timestamp":"2026-01-17 16:10:33"}
{"level":"info","message":"USER: User retrieved (Username: nikokomninos)","service":"pachingo","timestamp":"2026-01-17 16:10:33"}
{"level":"info","message":"USER: User retrieved (Username: nikokomninos)","service":"pachingo","timestamp":"2026-01-17 16:10:33"}
{"level":"info","message":"USER: User retrieved (Username: nikokomninos)","service":"pachingo","timestamp":"2026-01-17 16:10:33"}
{"level":"info","message":"USER: User retrieved (Username: nikokomninos)","service":"pachingo","timestamp":"2026-01-17 16:10:33"}
{"level":"info","message":"USER: User retrieved (Username: nikokomninos)","service":"pachingo","timestamp":"2026-01-17 16:10:33"}
{"level":"info","message":"USER: User retrieved (Username: nikokomninos)","service":"pachingo","timestamp":"2026-01-17 16:10:33"}
{"level":"info","message":"USER: User retrieved (Username: nikokomninos)","service":"pachingo","timestamp":"2026-01-17 16:10:33"}
{"level":"info","message":"USER: User retrieved (Username: nikokomninos)","service":"pachingo","timestamp":"2026-01-17 16:10:33"}
{"level":"info","message":"USER: User retrieved (Username: nikokomninos)","service":"pachingo","timestamp":"2026-01-17 16:10:33"}
{"level":"info","message":"USER: User retrieved (Username: nikokomninos)","service":"pachingo","timestamp":"2026-01-17 16:10:33"}
{"level":"info","message":"USER: User retrieved (Username: nikokomninos)","service":"pachingo","timestamp":"2026-01-17 16:10:33"}
{"level":"info","message":"USER: User retrieved (Username: nikokomninos)","service":"pachingo","timestamp":"2026-01-17 16:10:34"}
{"level":"info","message":"USER: User retrieved (Username: nikokomninos)","service":"pachingo","timestamp":"2026-01-17 16:10:34"}
{"level":"info","message":"USER: User retrieved (Username: nikokomninos)","service":"pachingo","timestamp":"2026-01-17 16:10:34"}
{"level":"info","message":"USER: User retrieved (Username: nikokomninos)","service":"pachingo","timestamp":"2026-01-17 16:10:34"}
{"level":"info","message":"USER: User retrieved (Username: nikokomninos)","service":"pachingo","timestamp":"2026-01-17 16:10:34"}
{"level":"info","message":"USER: User retrieved (Username: nikokomninos)","service":"pachingo","timestamp":"2026-01-17 16:10:34"}
{"level":"info","message":"USER: User retrieved (Username: nikokomninos)","service":"pachingo","timestamp":"2026-01-17 16:10:34"}
{"level":"info","message":"USER: User retrieved (Username: nikokomninos)","service":"pachingo","timestamp":"2026-01-17 16:10:34"}
{"level":"info","message":"USER: User retrieved (Username: nikokomninos)","service":"pachingo","timestamp":"2026-01-17 16:10:34"}
{"level":"info","message":"USER: User retrieved (Username: nikokomninos)","service":"pachingo","timestamp":"2026-01-17 16:10:34"}
{"level":"info","message":"USER: User retrieved (Username: nikokomninos)","service":"pachingo","timestamp":"2026-01-17 16:10:34"}
{"level":"info","message":"USER: User retrieved (Username: nikokomninos)","service":"pachingo","timestamp":"2026-01-17 16:10:34"}
{"level":"info","message":"USER: User retrieved (Username: nikokomninos)","service":"pachingo","timestamp":"2026-01-17 16:10:34"}
{"level":"info","message":"USER: User retrieved (Username: nikokomninos)","service":"pachingo","timestamp":"2026-01-17 16:10:34"}
{"level":"info","message":"USER: User retrieved (Username: nikokomninos)","service":"pachingo","timestamp":"2026-01-17 16:10:34"}
{"level":"info","message":"USER: User retrieved (Username: nikokomninos)","service":"pachingo","timestamp":"2026-01-17 16:10:34"}
{"level":"info","message":"USER: User retrieved (Username: nikokomninos)","service":"pachingo","timestamp":"2026-01-17 16:10:34"}
{"level":"info","message":"USER: User retrieved (Username: nikokomninos)","service":"pachingo","timestamp":"2026-01-17 16:10:34"}
{"level":"info","message":"USER: User retrieved (Username: nikokomninos)","service":"pachingo","timestamp":"2026-01-17 16:10:34"}
{"level":"info","message":"USER: User retrieved (Username: nikokomninos)","service":"pachingo","timestamp":"2026-01-17 16:10:34"}
{"level":"info","message":"USER: User retrieved (Username: nikokomninos)","service":"pachingo","timestamp":"2026-01-17 16:10:34"}
{"level":"info","message":"USER: User retrieved (Username: nikokomninos)","service":"pachingo","timestamp":"2026-01-17 16:10:35"}
{"level":"info","message":"USER: User retrieved (Username: nikokomninos)","service":"pachingo","timestamp":"2026-01-17 16:10:35"}
{"level":"info","message":"USER: User retrieved (Username: nikokomninos)","service":"pachingo","timestamp":"2026-01-17 16:10:35"}
{"level":"info","message":"USER: User retrieved (Username: nikokomninos)","service":"pachingo","timestamp":"2026-01-17 16:10:35"}
{"level":"info","message":"USER: User retrieved (Username: nikokomninos)","service":"pachingo","timestamp":"2026-01-17 16:10:35"}
{"level":"info","message":"USER: User retrieved (Username: nikokomninos)","service":"pachingo","timestamp":"2026-01-17 16:10:35"}
{"level":"info","message":"USER: User retrieved (Username: nikokomninos)","service":"pachingo","timestamp":"2026-01-17 16:10:35"}
{"level":"info","message":"USER: User retrieved (Username: nikokomninos)","service":"pachingo","timestamp":"2026-01-17 16:10:35"}
{"level":"info","message":"USER: User retrieved (Username: nikokomninos)","service":"pachingo","timestamp":"2026-01-17 16:10:35"}
{"level":"info","message":"USER: User retrieved (Username: nikokomninos)","service":"pachingo","timestamp":"2026-01-17 16:10:35"}
{"level":"info","message":"USER: User retrieved (Username: nikokomninos)","service":"pachingo","timestamp":"2026-01-17 16:10:35"}
{"level":"info","message":"USER: User retrieved (Username: nikokomninos)","service":"pachingo","timestamp":"2026-01-17 16:10:35"}
{"level":"info","message":"USER: User retrieved (Username: nikokomninos)","service":"pachingo","timestamp":"2026-01-17 16:10:35"}
{"level":"info","message":"USER: User retrieved (Username: nikokomninos)","service":"pachingo","timestamp":"2026-01-17 16:10:35"}
{"level":"info","message":"USER: User retrieved (Username: nikokomninos)","service":"pachingo","timestamp":"2026-01-17 16:10:35"}
{"level":"info","message":"USER: User retrieved (Username: nikokomninos)","service":"pachingo","timestamp":"2026-01-17 16:10:35"}
{"level":"info","message":"USER: User retrieved (Username: nikokomninos)","service":"pachingo","timestamp":"2026-01-17 16:10:35"}
{"level":"info","message":"USER: User retrieved (Username: nikokomninos)","service":"pachingo","timestamp":"2026-01-17 16:10:36"}
{"level":"info","message":"USER: User retrieved (Username: nikokomninos)","service":"pachingo","timestamp":"2026-01-17 16:10:36"}
{"level":"info","message":"USER: User retrieved (Username: nikokomninos)","service":"pachingo","timestamp":"2026-01-17 16:10:36"}
{"level":"info","message":"USER: User retrieved (Username: nikokomninos)","service":"pachingo","timestamp":"2026-01-17 16:10:36"}
{"level":"info","message":"USER: User retrieved (Username: nikokomninos)","service":"pachingo","timestamp":"2026-01-17 16:10:36"}
{"level":"info","message":"USER: User retrieved (Username: nikokomninos)","service":"pachingo","timestamp":"2026-01-17 16:10:36"}
{"level":"info","message":"USER: User retrieved (Username: nikokomninos)","service":"pachingo","timestamp":"2026-01-17 16:10:36"}
{"level":"info","message":"USER: User retrieved (Username: nikokomninos)","service":"pachingo","timestamp":"2026-01-17 16:10:36"}
{"level":"info","message":"USER: User retrieved (Username: nikokomninos)","service":"pachingo","timestamp":"2026-01-17 16:10:36"}
{"level":"info","message":"USER: User retrieved (Username: nikokomninos)","service":"pachingo","timestamp":"2026-01-17 16:10:36"}
{"level":"info","message":"USER: User retrieved (Username: nikokomninos)","service":"pachingo","timestamp":"2026-01-17 16:10:36"}
{"level":"info","message":"USER: User retrieved (Username: nikokomninos)","service":"pachingo","timestamp":"2026-01-17 16:10:36"}
{"level":"info","message":"USER: User retrieved (Username: nikokomninos)","service":"pachingo","timestamp":"2026-01-17 16:10:36"}
{"level":"info","message":"USER: User retrieved (Username: nikokomninos)","service":"pachingo","timestamp":"2026-01-17 16:10:36"}
{"level":"info","message":"USER: User retrieved (Username: nikokomninos)","service":"pachingo","timestamp":"2026-01-17 16:10:36"}
{"level":"info","message":"USER: User retrieved (Username: nikokomninos)","service":"pachingo","timestamp":"2026-01-17 16:10:36"}
{"level":"info","message":"USER: User retrieved (Username: nikokomninos)","service":"pachingo","timestamp":"2026-01-17 16:10:36"}
{"level":"info","message":"USER: User retrieved (Username: nikokomninos)","service":"pachingo","timestamp":"2026-01-17 16:10:36"}
{"level":"info","message":"USER: User retrieved (Username: nikokomninos)","service":"pachingo","timestamp":"2026-01-17 16:10:37"}
{"level":"info","message":"USER: User retrieved (Username: nikokomninos)","service":"pachingo","timestamp":"2026-01-17 16:10:37"}
{"level":"info","message":"USER: User retrieved (Username: nikokomninos)","service":"pachingo","timestamp":"2026-01-17 16:10:37"}
{"level":"info","message":"USER: User retrieved (Username: nikokomninos)","service":"pachingo","timestamp":"2026-01-17 16:10:37"}
{"level":"info","message":"USER: User retrieved (Username: nikokomninos)","service":"pachingo","timestamp":"2026-01-17 16:10:37"}
{"level":"info","message":"USER: User retrieved (Username: nikokomninos)","service":"pachingo","timestamp":"2026-01-17 16:10:37"}
{"level":"info","message":"USER: User retrieved (Username: nikokomninos)","service":"pachingo","timestamp":"2026-01-17 16:10:37"}
{"level":"info","message":"USER: User retrieved (Username: nikokomninos)","service":"pachingo","timestamp":"2026-01-17 16:10:37"}
{"level":"info","message":"USER: User retrieved (Username: nikokomninos)","service":"pachingo","timestamp":"2026-01-17 16:10:37"}
{"level":"info","message":"USER: User retrieved (Username: nikokomninos)","service":"pachingo","timestamp":"2026-01-17 16:10:37"}
{"level":"info","message":"USER: User retrieved (Username: nikokomninos)","service":"pachingo","timestamp":"2026-01-17 16:10:37"}
{"level":"info","message":"USER: User retrieved (Username: nikokomninos)","service":"pachingo","timestamp":"2026-01-17 16:10:37"}
{"level":"info","message":"USER: User retrieved (Username: nikokomninos)","service":"pachingo","timestamp":"2026-01-17 16:10:37"}
{"level":"info","message":"USER: User retrieved (Username: nikokomninos)","service":"pachingo","timestamp":"2026-01-17 16:10:37"}
{"level":"info","message":"USER: User retrieved (Username: nikokomninos)","service":"pachingo","timestamp":"2026-01-17 16:10:37"}
{"level":"info","message":"USER: User retrieved (Username: nikokomninos)","service":"pachingo","timestamp":"2026-01-17 16:10:37"}
{"level":"info","message":"USER: User retrieved (Username: nikokomninos)","service":"pachingo","timestamp":"2026-01-17 16:10:38"}
{"level":"info","message":"USER: User retrieved (Username: nikokomninos)","service":"pachingo","timestamp":"2026-01-17 16:10:38"}
{"level":"info","message":"USER: User retrieved (Username: nikokomninos)","service":"pachingo","timestamp":"2026-01-17 16:10:38"}
{"level":"info","message":"USER: User retrieved (Username: nikokomninos)","service":"pachingo","timestamp":"2026-01-17 16:10:38"}
{"level":"info","message":"USER: User retrieved (Username: nikokomninos)","service":"pachingo","timestamp":"2026-01-17 16:10:38"}
{"level":"info","message":"USER: User retrieved (Username: nikokomninos)","service":"pachingo","timestamp":"2026-01-17 16:10:38"}
{"level":"info","message":"USER: User retrieved (Username: nikokomninos)","service":"pachingo","timestamp":"2026-01-17 16:10:38"}
{"level":"info","message":"USER: User retrieved (Username: nikokomninos)","service":"pachingo","timestamp":"2026-01-17 16:10:38"}
{"level":"info","message":"USER: User retrieved (Username: nikokomninos)","service":"pachingo","timestamp":"2026-01-17 16:10:38"}
{"level":"info","message":"USER: User retrieved (Username: nikokomninos)","service":"pachingo","timestamp":"2026-01-17 16:10:38"}
{"level":"info","message":"USER: User retrieved (Username: nikokomninos)","service":"pachingo","timestamp":"2026-01-17 16:10:38"}
{"level":"info","message":"USER: User retrieved (Username: nikokomninos)","service":"pachingo","timestamp":"2026-01-17 16:10:38"}
{"level":"info","message":"USER: User retrieved (Username: nikokomninos)","service":"pachingo","timestamp":"2026-01-17 16:10:38"}
{"level":"info","message":"USER: User retrieved (Username: nikokomninos)","service":"pachingo","timestamp":"2026-01-17 16:10:38"}
{"level":"info","message":"USER: User retrieved (Username: nikokomninos)","service":"pachingo","timestamp":"2026-01-17 16:10:38"}
{"level":"info","message":"USER: User retrieved (Username: nikokomninos)","service":"pachingo","timestamp":"2026-01-17 16:10:39"}
{"level":"info","message":"USER: User retrieved (Username: nikokomninos)","service":"pachingo","timestamp":"2026-01-17 16:10:39"}
{"level":"info","message":"USER: User retrieved (Username: nikokomninos)","service":"pachingo","timestamp":"2026-01-17 16:10:39"}
{"level":"info","message":"USER: User retrieved (Username: nikokomninos)","service":"pachingo","timestamp":"2026-01-17 16:10:39"}
{"level":"info","message":"USER: User retrieved (Username: nikokomninos)","service":"pachingo","timestamp":"2026-01-17 16:10:39"}
{"level":"info","message":"USER: User retrieved (Username: nikokomninos)","service":"pachingo","timestamp":"2026-01-17 16:10:39"}
{"level":"info","message":"USER: User retrieved (Username: nikokomninos)","service":"pachingo","timestamp":"2026-01-17 16:10:39"}
{"level":"info","message":"USER: User retrieved (Username: nikokomninos)","service":"pachingo","timestamp":"2026-01-17 16:10:39"}
{"level":"info","message":"USER: User retrieved (Username: nikokomninos)","service":"pachingo","timestamp":"2026-01-17 16:10:39"}
{"level":"info","message":"USER: User retrieved (Username: nikokomninos)","service":"pachingo","timestamp":"2026-01-17 16:10:39"}
{"level":"info","message":"USER: User retrieved (Username: nikokomninos)","service":"pachingo","timestamp":"2026-01-17 16:10:39"}
{"level":"info","message":"USER: User retrieved (Username: nikokomninos)","service":"pachingo","timestamp":"2026-01-17 16:10:39"}
{"level":"info","message":"USER: User retrieved (Username: nikokomninos)","service":"pachingo","timestamp":"2026-01-17 16:10:39"}
{"level":"info","message":"USER: User retrieved (Username: nikokomninos)","service":"pachingo","timestamp":"2026-01-17 16:10:39"}
{"level":"info","message":"USER: User retrieved (Username: nikokomninos)","service":"pachingo","timestamp":"2026-01-17 16:10:39"}
{"level":"info","message":"USER: User retrieved (Username: nikokomninos)","service":"pachingo","timestamp":"2026-01-17 16:10:39"}
{"level":"info","message":"USER: User retrieved (Username: nikokomninos)","service":"pachingo","timestamp":"2026-01-17 16:10:39"}
{"level":"info","message":"USER: User retrieved (Username: nikokomninos)","service":"pachingo","timestamp":"2026-01-17 16:10:39"}
{"level":"info","message":"USER: User retrieved (Username: nikokomninos)","service":"pachingo","timestamp":"2026-01-17 16:10:40"}
{"level":"info","message":"USER: User retrieved (Username: nikokomninos)","service":"pachingo","timestamp":"2026-01-17 16:10:40"}
{"level":"info","message":"USER: User retrieved (Username: nikokomninos)","service":"pachingo","timestamp":"2026-01-17 16:10:40"}
{"level":"info","message":"USER: User retrieved (Username: nikokomninos)","service":"pachingo","timestamp":"2026-01-17 16:10:40"}
{"level":"info","message":"USER: User retrieved (Username: nikokomninos)","service":"pachingo","timestamp":"2026-01-17 16:10:40"}
{"level":"info","message":"USER: User retrieved (Username: nikokomninos)","service":"pachingo","timestamp":"2026-01-17 16:10:40"}
{"level":"info","message":"USER: User retrieved (Username: nikokomninos)","service":"pachingo","timestamp":"2026-01-17 16:10:40"}
{"level":"info","message":"USER: User retrieved (Username: nikokomninos)","service":"pachingo","timestamp":"2026-01-17 16:10:40"}
{"level":"info","message":"USER: User retrieved (Username: nikokomninos)","service":"pachingo","timestamp":"2026-01-17 16:10:40"}
{"level":"info","message":"USER: User retrieved (Username: nikokomninos)","service":"pachingo","timestamp":"2026-01-17 16:10:40"}
{"level":"info","message":"USER: User retrieved (Username: nikokomninos)","service":"pachingo","timestamp":"2026-01-17 16:10:40"}
{"level":"info","message":"USER: User retrieved (Username: nikokomninos)","service":"pachingo","timestamp":"2026-01-17 16:10:40"}
{"level":"info","message":"USER: User retrieved (Username: nikokomninos)","service":"pachingo","timestamp":"2026-01-17 16:10:40"}
{"level":"info","message":"USER: User retrieved (Username: nikokomninos)","service":"pachingo","timestamp":"2026-01-17 16:10:40"}
{"level":"info","message":"USER: User retrieved (Username: nikokomninos)","service":"pachingo","timestamp":"2026-01-17 16:10:40"}
{"level":"info","message":"USER: User retrieved (Username: nikokomninos)","service":"pachingo","timestamp":"2026-01-17 16:10:40"}
{"level":"info","message":"USER: User retrieved (Username: nikokomninos)","service":"pachingo","timestamp":"2026-01-17 16:10:40"}
{"level":"info","message":"USER: User retrieved (Username: nikokomninos)","service":"pachingo","timestamp":"2026-01-17 16:10:41"}
{"level":"info","message":"USER: User retrieved (Username: nikokomninos)","service":"pachingo","timestamp":"2026-01-17 16:10:41"}
{"level":"info","message":"USER: User retrieved (Username: nikokomninos)","service":"pachingo","timestamp":"2026-01-17 16:10:41"}
{"level":"info","message":"USER: User retrieved (Username: nikokomninos)","service":"pachingo","timestamp":"2026-01-17 16:10:41"}
{"level":"info","message":"USER: User retrieved (Username: nikokomninos)","service":"pachingo","timestamp":"2026-01-17 16:10:41"}
{"level":"info","message":"USER: User retrieved (Username: nikokomninos)","service":"pachingo","timestamp":"2026-01-17 16:10:41"}
{"level":"info","message":"USER: User retrieved (Username: nikokomninos)","service":"pachingo","timestamp":"2026-01-17 16:10:41"}
{"level":"info","message":"USER: User retrieved (Username: nikokomninos)","service":"pachingo","timestamp":"2026-01-17 16:10:41"}
{"level":"info","message":"USER: User retrieved (Username: nikokomninos)","service":"pachingo","timestamp":"2026-01-17 16:10:41"}
{"level":"info","message":"USER: User retrieved (Username: nikokomninos)","service":"pachingo","timestamp":"2026-01-17 16:10:41"}
{"level":"info","message":"USER: User retrieved (Username: nikokomninos)","service":"pachingo","timestamp":"2026-01-17 16:10:41"}
{"level":"info","message":"USER: User retrieved (Username: nikokomninos)","service":"pachingo","timestamp":"2026-01-17 16:10:41"}
{"level":"info","message":"USER: User retrieved (Username: nikokomninos)","service":"pachingo","timestamp":"2026-01-17 16:10:41"}
{"level":"info","message":"USER: User retrieved (Username: nikokomninos)","service":"pachingo","timestamp":"2026-01-17 16:10:41"}
{"level":"info","message":"USER: User retrieved (Username: nikokomninos)","service":"pachingo","timestamp":"2026-01-17 16:10:41"}
{"level":"info","message":"USER: User retrieved (Username: nikokomninos)","service":"pachingo","timestamp":"2026-01-17 16:10:41"}
{"level":"info","message":"USER: User retrieved (Username: nikokomninos)","service":"pachingo","timestamp":"2026-01-17 16:10:41"}
{"level":"info","message":"USER: User retrieved (Username: nikokomninos)","service":"pachingo","timestamp":"2026-01-17 16:10:41"}
{"level":"info","message":"USER: User retrieved (Username: nikokomninos)","service":"pachingo","timestamp":"2026-01-17 16:10:41"}
{"level":"info","message":"USER: User retrieved (Username: nikokomninos)","service":"pachingo","timestamp":"2026-01-17 16:10:42"}
{"level":"info","message":"USER: User retrieved (Username: nikokomninos)","service":"pachingo","timestamp":"2026-01-17 16:10:42"}
{"level":"info","message":"USER: User retrieved (Username: nikokomninos)","service":"pachingo","timestamp":"2026-01-17 16:10:42"}
{"level":"info","message":"USER: User retrieved (Username: nikokomninos)","service":"pachingo","timestamp":"2026-01-17 16:10:42"}
{"level":"info","message":"USER: User retrieved (Username: nikokomninos)","service":"pachingo","timestamp":"2026-01-17 16:10:42"}
{"level":"info","message":"USER: User retrieved (Username: nikokomninos)","service":"pachingo","timestamp":"2026-01-17 16:10:42"}
{"level":"info","message":"USER: User retrieved (Username: nikokomninos)","service":"pachingo","timestamp":"2026-01-17 16:10:42"}
{"level":"info","message":"USER: User retrieved (Username: nikokomninos)","service":"pachingo","timestamp":"2026-01-17 16:10:42"}
{"level":"info","message":"USER: User retrieved (Username: nikokomninos)","service":"pachingo","timestamp":"2026-01-17 16:10:42"}
{"level":"info","message":"USER: User retrieved (Username: nikokomninos)","service":"pachingo","timestamp":"2026-01-17 16:10:42"}
{"level":"info","message":"USER: User retrieved (Username: nikokomninos)","service":"pachingo","timestamp":"2026-01-17 16:10:42"}
{"level":"info","message":"USER: User retrieved (Username: nikokomninos)","service":"pachingo","timestamp":"2026-01-17 16:10:42"}
{"level":"info","message":"USER: User retrieved (Username: nikokomninos)","service":"pachingo","timestamp":"2026-01-17 16:10:42"}
{"level":"info","message":"USER: User retrieved (Username: nikokomninos)","service":"pachingo","timestamp":"2026-01-17 16:10:42"}
{"level":"info","message":"USER: User retrieved (Username: nikokomninos)","service":"pachingo","timestamp":"2026-01-17 16:10:42"}
{"level":"info","message":"USER: User retrieved (Username: nikokomninos)","service":"pachingo","timestamp":"2026-01-17 16:10:42"}
{"level":"info","message":"USER: User retrieved (Username: nikokomninos)","service":"pachingo","timestamp":"2026-01-17 16:10:42"}
{"level":"info","message":"USER: User retrieved (Username: nikokomninos)","service":"pachingo","timestamp":"2026-01-17 16:10:42"}
{"level":"info","message":"USER: User retrieved (Username: nikokomninos)","service":"pachingo","timestamp":"2026-01-17 16:10:42"}
{"level":"info","message":"USER: User retrieved (Username: nikokomninos)","service":"pachingo","timestamp":"2026-01-17 16:10:43"}
{"level":"info","message":"USER: User retrieved (Username: nikokomninos)","service":"pachingo","timestamp":"2026-01-17 16:10:43"}
{"level":"info","message":"USER: User retrieved (Username: nikokomninos)","service":"pachingo","timestamp":"2026-01-17 16:10:43"}
{"level":"info","message":"USER: User retrieved (Username: nikokomninos)","service":"pachingo","timestamp":"2026-01-17 16:10:43"}
{"level":"info","message":"USER: User retrieved (Username: nikokomninos)","service":"pachingo","timestamp":"2026-01-17 16:10:43"}
{"level":"info","message":"USER: User retrieved (Username: nikokomninos)","service":"pachingo","timestamp":"2026-01-17 16:10:43"}
{"level":"info","message":"USER: User retrieved (Username: nikokomninos)","service":"pachingo","timestamp":"2026-01-17 16:10:43"}
{"level":"info","message":"USER: User retrieved (Username: nikokomninos)","service":"pachingo","timestamp":"2026-01-17 16:10:43"}
{"level":"info","message":"USER: User retrieved (Username: nikokomninos)","service":"pachingo","timestamp":"2026-01-17 16:10:43"}
{"level":"info","message":"USER: User retrieved (Username: nikokomninos)","service":"pachingo","timestamp":"2026-01-17 16:10:43"}
{"level":"info","message":"USER: User retrieved (Username: nikokomninos)","service":"pachingo","timestamp":"2026-01-17 16:10:43"}
{"level":"info","message":"USER: User retrieved (Username: nikokomninos)","service":"pachingo","timestamp":"2026-01-17 16:10:43"}
{"level":"info","message":"USER: User retrieved (Username: nikokomninos)","service":"pachingo","timestamp":"2026-01-17 16:10:43"}
{"level":"info","message":"USER: User retrieved (Username: nikokomninos)","service":"pachingo","timestamp":"2026-01-17 16:10:43"}
{"level":"info","message":"USER: User retrieved (Username: nikokomninos)","service":"pachingo","timestamp":"2026-01-17 16:10:43"}
{"level":"info","message":"USER: User retrieved (Username: nikokomninos)","service":"pachingo","timestamp":"2026-01-17 16:10:43"}
{"level":"info","message":"USER: User retrieved (Username: nikokomninos)","service":"pachingo","timestamp":"2026-01-17 16:10:43"}
{"level":"info","message":"USER: User retrieved (Username: nikokomninos)","service":"pachingo","timestamp":"2026-01-17 16:10:44"}
{"level":"info","message":"USER: User retrieved (Username: nikokomninos)","service":"pachingo","timestamp":"2026-01-17 16:10:44"}
{"level":"info","message":"USER: User retrieved (Username: nikokomninos)","service":"pachingo","timestamp":"2026-01-17 16:10:44"}
{"level":"info","message":"USER: User retrieved (Username: nikokomninos)","service":"pachingo","timestamp":"2026-01-17 16:10:44"}
{"level":"info","message":"USER: User retrieved (Username: nikokomninos)","service":"pachingo","timestamp":"2026-01-17 16:10:44"}
{"level":"info","message":"USER: User retrieved (Username: nikokomninos)","service":"pachingo","timestamp":"2026-01-17 16:10:44"}
{"level":"info","message":"USER: User retrieved (Username: nikokomninos)","service":"pachingo","timestamp":"2026-01-17 16:10:44"}
{"level":"info","message":"USER: User retrieved (Username: nikokomninos)","service":"pachingo","timestamp":"2026-01-17 16:10:44"}
{"level":"info","message":"USER: User retrieved (Username: nikokomninos)","service":"pachingo","timestamp":"2026-01-17 16:10:44"}
{"level":"info","message":"USER: User retrieved (Username: nikokomninos)","service":"pachingo","timestamp":"2026-01-17 16:10:44"}
{"level":"info","message":"USER: User retrieved (Username: nikokomninos)","service":"pachingo","timestamp":"2026-01-17 16:10:44"}
{"level":"info","message":"USER: User retrieved (Username: nikokomninos)","service":"pachingo","timestamp":"2026-01-17 16:10:44"}
{"level":"info","message":"USER: User retrieved (Username: nikokomninos)","service":"pachingo","timestamp":"2026-01-17 16:10:44"}
{"level":"info","message":"USER: User retrieved (Username: nikokomninos)","service":"pachingo","timestamp":"2026-01-17 16:10:44"}
{"level":"info","message":"USER: User retrieved (Username: nikokomninos)","service":"pachingo","timestamp":"2026-01-17 16:10:44"}
{"level":"info","message":"USER: User retrieved (Username: nikokomninos)","service":"pachingo","timestamp":"2026-01-17 16:10:44"}
{"level":"info","message":"USER: User retrieved (Username: nikokomninos)","service":"pachingo","timestamp":"2026-01-17 16:10:44"}
{"level":"info","message":"USER: User retrieved (Username: nikokomninos)","service":"pachingo","timestamp":"2026-01-17 16:10:44"}
{"level":"info","message":"USER: User retrieved (Username: nikokomninos)","service":"pachingo","timestamp":"2026-01-17 16:10:44"}
{"level":"info","message":"USER: User retrieved (Username: nikokomninos)","service":"pachingo","timestamp":"2026-01-17 16:10:45"}
{"level":"info","message":"USER: User retrieved (Username: nikokomninos)","service":"pachingo","timestamp":"2026-01-17 16:10:45"}
{"level":"info","message":"USER: User retrieved (Username: nikokomninos)","service":"pachingo","timestamp":"2026-01-17 16:10:45"}
{"level":"info","message":"USER: User retrieved (Username: nikokomninos)","service":"pachingo","timestamp":"2026-01-17 16:10:45"}
{"level":"info","message":"USER: User retrieved (Username: nikokomninos)","service":"pachingo","timestamp":"2026-01-17 16:10:45"}
{"level":"info","message":"USER: User retrieved (Username: nikokomninos)","service":"pachingo","timestamp":"2026-01-17 16:10:45"}
{"level":"info","message":"USER: User retrieved (Username: nikokomninos)","service":"pachingo","timestamp":"2026-01-17 16:10:45"}
{"level":"info","message":"USER: User retrieved (Username: nikokomninos)","service":"pachingo","timestamp":"2026-01-17 16:10:45"}
{"level":"info","message":"USER: User retrieved (Username: nikokomninos)","service":"pachingo","timestamp":"2026-01-17 16:10:45"}
{"level":"info","message":"USER: User retrieved (Username: nikokomninos)","service":"pachingo","timestamp":"2026-01-17 16:10:45"}
{"level":"info","message":"USER: User retrieved (Username: nikokomninos)","service":"pachingo","timestamp":"2026-01-17 16:10:45"}
{"level":"info","message":"USER: User retrieved (Username: nikokomninos)","service":"pachingo","timestamp":"2026-01-17 16:10:45"}
{"level":"info","message":"USER: User retrieved (Username: nikokomninos)","service":"pachingo","timestamp":"2026-01-17 16:10:45"}
{"level":"info","message":"USER: User retrieved (Username: nikokomninos)","service":"pachingo","timestamp":"2026-01-17 16:10:45"}
{"level":"info","message":"USER: User retrieved (Username: nikokomninos)","service":"pachingo","timestamp":"2026-01-17 16:10:45"}
{"level":"info","message":"USER: User retrieved (Username: nikokomninos)","service":"pachingo","timestamp":"2026-01-17 16:10:45"}
{"level":"info","message":"USER: User retrieved (Username: nikokomninos)","service":"pachingo","timestamp":"2026-01-17 16:10:45"}
{"level":"info","message":"USER: User retrieved (Username: nikokomninos)","service":"pachingo","timestamp":"2026-01-17 16:10:45"}
{"level":"info","message":"USER: User retrieved (Username: nikokomninos)","service":"pachingo","timestamp":"2026-01-17 16:10:46"}
{"level":"info","message":"USER: User retrieved (Username: nikokomninos)","service":"pachingo","timestamp":"2026-01-17 16:10:46"}
{"level":"info","message":"USER: User retrieved (Username: nikokomninos)","service":"pachingo","timestamp":"2026-01-17 16:10:46"}
{"level":"info","message":"USER: User retrieved (Username: nikokomninos)","service":"pachingo","timestamp":"2026-01-17 16:10:46"}
{"level":"info","message":"USER: User retrieved (Username: nikokomninos)","service":"pachingo","timestamp":"2026-01-17 16:10:46"}
{"level":"info","message":"USER: User retrieved (Username: nikokomninos)","service":"pachingo","timestamp":"2026-01-17 16:10:46"}
{"level":"info","message":"USER: User retrieved (Username: nikokomninos)","service":"pachingo","timestamp":"2026-01-17 16:10:46"}
{"level":"info","message":"USER: User retrieved (Username: nikokomninos)","service":"pachingo","timestamp":"2026-01-17 16:10:46"}
{"level":"info","message":"USER: User retrieved (Username: nikokomninos)","service":"pachingo","timestamp":"2026-01-17 16:10:46"}
{"level":"info","message":"USER: User retrieved (Username: nikokomninos)","service":"pachingo","timestamp":"2026-01-17 16:10:46"}
{"level":"info","message":"USER: User retrieved (Username: nikokomninos)","service":"pachingo","timestamp":"2026-01-17 16:10:46"}
{"level":"info","message":"USER: User retrieved (Username: nikokomninos)","service":"pachingo","timestamp":"2026-01-17 16:10:46"}
{"level":"info","message":"USER: User retrieved (Username: nikokomninos)","service":"pachingo","timestamp":"2026-01-17 16:10:46"}
{"level":"info","message":"USER: User retrieved (Username: nikokomninos)","service":"pachingo","timestamp":"2026-01-17 16:10:46"}
{"level":"info","message":"USER: User retrieved (Username: nikokomninos)","service":"pachingo","timestamp":"2026-01-17 16:10:46"}
{"level":"info","message":"USER: User retrieved (Username: nikokomninos)","service":"pachingo","timestamp":"2026-01-17 16:10:46"}
{"level":"info","message":"USER: User retrieved (Username: nikokomninos)","service":"pachingo","timestamp":"2026-01-17 16:10:46"}
{"level":"info","message":"USER: User retrieved (Username: nikokomninos)","service":"pachingo","timestamp":"2026-01-17 16:10:47"}
{"level":"info","message":"USER: User retrieved (Username: nikokomninos)","service":"pachingo","timestamp":"2026-01-17 16:10:47"}
{"level":"info","message":"USER: User retrieved (Username: nikokomninos)","service":"pachingo","timestamp":"2026-01-17 16:10:47"}
{"level":"info","message":"USER: User retrieved (Username: nikokomninos)","service":"pachingo","timestamp":"2026-01-17 16:10:47"}
{"level":"info","message":"USER: User retrieved (Username: nikokomninos)","service":"pachingo","timestamp":"2026-01-17 16:10:47"}
{"level":"info","message":"USER: User retrieved (Username: nikokomninos)","service":"pachingo","timestamp":"2026-01-17 16:10:47"}
{"level":"info","message":"USER: User retrieved (Username: nikokomninos)","service":"pachingo","timestamp":"2026-01-17 16:10:47"}
{"level":"info","message":"USER: User retrieved (Username: nikokomninos)","service":"pachingo","timestamp":"2026-01-17 16:10:47"}
{"level":"info","message":"USER: User retrieved (Username: nikokomninos)","service":"pachingo","timestamp":"2026-01-17 16:10:47"}
{"level":"info","message":"USER: User retrieved (Username: nikokomninos)","service":"pachingo","timestamp":"2026-01-17 16:10:47"}
{"level":"info","message":"USER: User retrieved (Username: nikokomninos)","service":"pachingo","timestamp":"2026-01-17 16:10:47"}
{"level":"info","message":"USER: User retrieved (Username: nikokomninos)","service":"pachingo","timestamp":"2026-01-17 16:10:47"}
{"level":"info","message":"USER: User retrieved (Username: nikokomninos)","service":"pachingo","timestamp":"2026-01-17 16:10:47"}
{"level":"info","message":"USER: User retrieved (Username: nikokomninos)","service":"pachingo","timestamp":"2026-01-17 16:10:47"}
{"level":"info","message":"USER: User retrieved (Username: nikokomninos)","service":"pachingo","timestamp":"2026-01-17 16:10:47"}
{"level":"info","message":"USER: User retrieved (Username: nikokomninos)","service":"pachingo","timestamp":"2026-01-17 16:10:47"}
{"level":"info","message":"USER: User retrieved (Username: nikokomninos)","service":"pachingo","timestamp":"2026-01-17 16:10:48"}
{"level":"info","message":"USER: User retrieved (Username: nikokomninos)","service":"pachingo","timestamp":"2026-01-17 16:10:48"}
{"level":"info","message":"USER: User retrieved (Username: nikokomninos)","service":"pachingo","timestamp":"2026-01-17 16:10:48"}
{"level":"info","message":"USER: User retrieved (Username: nikokomninos)","service":"pachingo","timestamp":"2026-01-17 16:10:48"}
{"level":"info","message":"USER: User retrieved (Username: nikokomninos)","service":"pachingo","timestamp":"2026-01-17 16:10:48"}
{"level":"info","message":"USER: User retrieved (Username: nikokomninos)","service":"pachingo","timestamp":"2026-01-17 16:10:48"}
{"level":"info","message":"USER: User retrieved (Username: nikokomninos)","service":"pachingo","timestamp":"2026-01-17 16:10:48"}
{"level":"info","message":"USER: User retrieved (Username: nikokomninos)","service":"pachingo","timestamp":"2026-01-17 16:10:48"}
{"level":"info","message":"USER: User retrieved (Username: nikokomninos)","service":"pachingo","timestamp":"2026-01-17 16:10:48"}
{"level":"info","message":"USER: User retrieved (Username: nikokomninos)","service":"pachingo","timestamp":"2026-01-17 16:10:48"}
{"level":"info","message":"USER: User retrieved (Username: nikokomninos)","service":"pachingo","timestamp":"2026-01-17 16:10:48"}
{"level":"info","message":"USER: User retrieved (Username: nikokomninos)","service":"pachingo","timestamp":"2026-01-17 16:10:48"}
{"level":"info","message":"USER: User retrieved (Username: nikokomninos)","service":"pachingo","timestamp":"2026-01-17 16:10:48"}
{"level":"info","message":"USER: User retrieved (Username: nikokomninos)","service":"pachingo","timestamp":"2026-01-17 16:10:48"}
{"level":"info","message":"USER: User retrieved (Username: nikokomninos)","service":"pachingo","timestamp":"2026-01-17 16:10:48"}
{"level":"info","message":"USER: User retrieved (Username: nikokomninos)","service":"pachingo","timestamp":"2026-01-17 16:10:48"}
{"level":"info","message":"USER: User retrieved (Username: nikokomninos)","service":"pachingo","timestamp":"2026-01-17 16:10:48"}
{"level":"info","message":"USER: User retrieved (Username: nikokomninos)","service":"pachingo","timestamp":"2026-01-17 16:10:49"}
{"level":"info","message":"USER: User retrieved (Username: nikokomninos)","service":"pachingo","timestamp":"2026-01-17 16:10:49"}
{"level":"info","message":"USER: User retrieved (Username: nikokomninos)","service":"pachingo","timestamp":"2026-01-17 16:10:49"}
{"level":"info","message":"USER: User retrieved (Username: nikokomninos)","service":"pachingo","timestamp":"2026-01-17 16:10:49"}
{"level":"info","message":"USER: User retrieved (Username: nikokomninos)","service":"pachingo","timestamp":"2026-01-17 16:10:49"}
{"level":"info","message":"USER: User retrieved (Username: nikokomninos)","service":"pachingo","timestamp":"2026-01-17 16:10:49"}
{"level":"info","message":"USER: User retrieved (Username: nikokomninos)","service":"pachingo","timestamp":"2026-01-17 16:10:49"}
{"level":"info","message":"USER: User retrieved (Username: nikokomninos)","service":"pachingo","timestamp":"2026-01-17 16:10:49"}
{"level":"info","message":"USER: User retrieved (Username: nikokomninos)","service":"pachingo","timestamp":"2026-01-17 16:10:49"}
{"level":"info","message":"USER: User retrieved (Username: nikokomninos)","service":"pachingo","timestamp":"2026-01-17 16:10:49"}
{"level":"info","message":"USER: User retrieved (Username: nikokomninos)","service":"pachingo","timestamp":"2026-01-17 16:10:49"}
{"level":"info","message":"USER: User retrieved (Username: nikokomninos)","service":"pachingo","timestamp":"2026-01-17 16:10:49"}
{"level":"info","message":"USER: User retrieved (Username: nikokomninos)","service":"pachingo","timestamp":"2026-01-17 16:10:49"}
{"level":"info","message":"USER: User retrieved (Username: nikokomninos)","service":"pachingo","timestamp":"2026-01-17 16:10:49"}
{"level":"info","message":"USER: User retrieved (Username: nikokomninos)","service":"pachingo","timestamp":"2026-01-17 16:10:49"}
{"level":"info","message":"USER: User retrieved (Username: nikokomninos)","service":"pachingo","timestamp":"2026-01-17 16:10:49"}
{"level":"info","message":"USER: User retrieved (Username: nikokomninos)","service":"pachingo","timestamp":"2026-01-17 16:10:49"}
{"level":"info","message":"USER: User retrieved (Username: nikokomninos)","service":"pachingo","timestamp":"2026-01-17 16:10:49"}
{"level":"info","message":"USER: User retrieved (Username: nikokomninos)","service":"pachingo","timestamp":"2026-01-17 16:10:50"}
{"level":"info","message":"USER: User retrieved (Username: nikokomninos)","service":"pachingo","timestamp":"2026-01-17 16:10:50"}
{"level":"info","message":"USER: User retrieved (Username: nikokomninos)","service":"pachingo","timestamp":"2026-01-17 16:10:50"}
{"level":"info","message":"USER: User retrieved (Username: nikokomninos)","service":"pachingo","timestamp":"2026-01-17 16:10:50"}
{"level":"info","message":"USER: User retrieved (Username: nikokomninos)","service":"pachingo","timestamp":"2026-01-17 16:10:50"}
{"level":"info","message":"USER: User retrieved (Username: nikokomninos)","service":"pachingo","timestamp":"2026-01-17 16:10:50"}
{"level":"info","message":"USER: User retrieved (Username: nikokomninos)","service":"pachingo","timestamp":"2026-01-17 16:10:50"}
{"level":"info","message":"USER: User retrieved (Username: nikokomninos)","service":"pachingo","timestamp":"2026-01-17 16:10:50"}
{"level":"info","message":"USER: User retrieved (Username: nikokomninos)","service":"pachingo","timestamp":"2026-01-17 16:10:50"}
{"level":"info","message":"USER: User retrieved (Username: nikokomninos)","service":"pachingo","timestamp":"2026-01-17 16:10:50"}
{"level":"info","message":"USER: User retrieved (Username: nikokomninos)","service":"pachingo","timestamp":"2026-01-17 16:10:50"}
{"level":"info","message":"USER: User retrieved (Username: nikokomninos)","service":"pachingo","timestamp":"2026-01-17 16:10:50"}
{"level":"info","message":"USER: User retrieved (Username: nikokomninos)","service":"pachingo","timestamp":"2026-01-17 16:10:50"}
{"level":"info","message":"USER: User retrieved (Username: nikokomninos)","service":"pachingo","timestamp":"2026-01-17 16:10:50"}
{"level":"info","message":"USER: User retrieved (Username: nikokomninos)","service":"pachingo","timestamp":"2026-01-17 16:10:50"}
{"level":"info","message":"USER: User retrieved (Username: nikokomninos)","service":"pachingo","timestamp":"2026-01-17 16:10:50"}
{"level":"info","message":"USER: User retrieved (Username: nikokomninos)","service":"pachingo","timestamp":"2026-01-17 16:10:50"}
{"level":"info","message":"USER: User retrieved (Username: nikokomninos)","service":"pachingo","timestamp":"2026-01-17 16:10:50"}
{"level":"info","message":"USER: User retrieved (Username: nikokomninos)","service":"pachingo","timestamp":"2026-01-17 16:10:51"}
{"level":"info","message":"USER: User retrieved (Username: nikokomninos)","service":"pachingo","timestamp":"2026-01-17 16:10:51"}
{"level":"info","message":"USER: User retrieved (Username: nikokomninos)","service":"pachingo","timestamp":"2026-01-17 16:10:51"}
{"level":"info","message":"USER: User retrieved (Username: nikokomninos)","service":"pachingo","timestamp":"2026-01-17 16:10:51"}
{"level":"info","message":"USER: User retrieved (Username: nikokomninos)","service":"pachingo","timestamp":"2026-01-17 16:10:51"}
{"level":"info","message":"USER: User retrieved (Username: nikokomninos)","service":"pachingo","timestamp":"2026-01-17 16:10:51"}
{"level":"info","message":"USER: User retrieved (Username: nikokomninos)","service":"pachingo","timestamp":"2026-01-17 16:10:51"}
{"level":"info","message":"USER: User retrieved (Username: nikokomninos)","service":"pachingo","timestamp":"2026-01-17 16:10:51"}
{"level":"info","message":"USER: User retrieved (Username: nikokomninos)","service":"pachingo","timestamp":"2026-01-17 16:10:51"}
{"level":"info","message":"USER: User retrieved (Username: nikokomninos)","service":"pachingo","timestamp":"2026-01-17 16:10:51"}
{"level":"info","message":"USER: User retrieved (Username: nikokomninos)","service":"pachingo","timestamp":"2026-01-17 16:10:51"}
{"level":"info","message":"USER: User retrieved (Username: nikokomninos)","service":"pachingo","timestamp":"2026-01-17 16:10:51"}
{"level":"info","message":"USER: User retrieved (Username: nikokomninos)","service":"pachingo","timestamp":"2026-01-17 16:10:51"}
{"level":"info","message":"USER: User retrieved (Username: nikokomninos)","service":"pachingo","timestamp":"2026-01-17 16:10:51"}
{"level":"info","message":"USER: User retrieved (Username: nikokomninos)","service":"pachingo","timestamp":"2026-01-17 16:10:51"}
{"level":"info","message":"USER: User retrieved (Username: nikokomninos)","service":"pachingo","timestamp":"2026-01-17 16:10:51"}
{"level":"info","message":"USER: User retrieved (Username: nikokomninos)","service":"pachingo","timestamp":"2026-01-17 16:10:51"}
{"level":"info","message":"USER: User retrieved (Username: nikokomninos)","service":"pachingo","timestamp":"2026-01-17 16:10:51"}
{"level":"info","message":"USER: User retrieved (Username: nikokomninos)","service":"pachingo","timestamp":"2026-01-17 16:10:51"}
{"level":"info","message":"USER: User retrieved (Username: nikokomninos)","service":"pachingo","timestamp":"2026-01-17 16:10:51"}
{"level":"info","message":"USER: User retrieved (Username: nikokomninos)","service":"pachingo","timestamp":"2026-01-17 16:10:52"}
{"level":"info","message":"USER: User retrieved (Username: nikokomninos)","service":"pachingo","timestamp":"2026-01-17 16:10:52"}
{"level":"info","message":"USER: User retrieved (Username: nikokomninos)","service":"pachingo","timestamp":"2026-01-17 16:10:52"}
{"level":"info","message":"USER: User retrieved (Username: nikokomninos)","service":"pachingo","timestamp":"2026-01-17 16:10:52"}
{"level":"info","message":"USER: User retrieved (Username: nikokomninos)","service":"pachingo","timestamp":"2026-01-17 16:10:52"}
{"level":"info","message":"USER: User retrieved (Username: nikokomninos)","service":"pachingo","timestamp":"2026-01-17 16:10:52"}
{"level":"info","message":"USER: User retrieved (Username: nikokomninos)","service":"pachingo","timestamp":"2026-01-17 16:10:52"}
{"level":"info","message":"USER: User retrieved (Username: nikokomninos)","service":"pachingo","timestamp":"2026-01-17 16:10:52"}
{"level":"info","message":"USER: User retrieved (Username: nikokomninos)","service":"pachingo","timestamp":"2026-01-17 16:10:52"}
{"level":"info","message":"USER: User retrieved (Username: nikokomninos)","service":"pachingo","timestamp":"2026-01-17 16:10:52"}
{"level":"info","message":"USER: User retrieved (Username: nikokomninos)","service":"pachingo","timestamp":"2026-01-17 16:10:52"}
{"level":"info","message":"USER: User retrieved (Username: nikokomninos)","service":"pachingo","timestamp":"2026-01-17 16:10:52"}
{"level":"info","message":"USER: User retrieved (Username: nikokomninos)","service":"pachingo","timestamp":"2026-01-17 16:10:52"}
{"level":"info","message":"USER: User retrieved (Username: nikokomninos)","service":"pachingo","timestamp":"2026-01-17 16:10:52"}
{"level":"info","message":"USER: User retrieved (Username: nikokomninos)","service":"pachingo","timestamp":"2026-01-17 16:10:52"}
{"level":"info","message":"USER: User retrieved (Username: nikokomninos)","service":"pachingo","timestamp":"2026-01-17 16:10:52"}
{"level":"info","message":"USER: User retrieved (Username: nikokomninos)","service":"pachingo","timestamp":"2026-01-17 16:10:52"}
{"level":"info","message":"USER: User retrieved (Username: nikokomninos)","service":"pachingo","timestamp":"2026-01-17 16:10:52"}
{"level":"info","message":"USER: User retrieved (Username: nikokomninos)","service":"pachingo","timestamp":"2026-01-17 16:10:53"}
{"level":"info","message":"USER: User retrieved (Username: nikokomninos)","service":"pachingo","timestamp":"2026-01-17 16:10:53"}
{"level":"info","message":"USER: User retrieved (Username: nikokomninos)","service":"pachingo","timestamp":"2026-01-17 16:10:53"}
{"level":"info","message":"USER: User retrieved (Username: nikokomninos)","service":"pachingo","timestamp":"2026-01-17 16:10:53"}
{"level":"info","message":"USER: User retrieved (Username: nikokomninos)","service":"pachingo","timestamp":"2026-01-17 16:10:53"}
{"level":"info","message":"USER: User retrieved (Username: nikokomninos)","service":"pachingo","timestamp":"2026-01-17 16:10:53"}
{"level":"info","message":"USER: User retrieved (Username: nikokomninos)","service":"pachingo","timestamp":"2026-01-17 16:10:53"}
{"level":"info","message":"USER: User retrieved (Username: nikokomninos)","service":"pachingo","timestamp":"2026-01-17 16:10:53"}
{"level":"info","message":"USER: User retrieved (Username: nikokomninos)","service":"pachingo","timestamp":"2026-01-17 16:10:53"}
{"level":"info","message":"USER: User retrieved (Username: nikokomninos)","service":"pachingo","timestamp":"2026-01-17 16:10:53"}
{"level":"info","message":"USER: User retrieved (Username: nikokomninos)","service":"pachingo","timestamp":"2026-01-17 16:10:53"}
{"level":"info","message":"USER: User retrieved (Username: nikokomninos)","service":"pachingo","timestamp":"2026-01-17 16:10:53"}
{"level":"info","message":"USER: User retrieved (Username: nikokomninos)","service":"pachingo","timestamp":"2026-01-17 16:10:53"}
{"level":"info","message":"USER: User retrieved (Username: nikokomninos)","service":"pachingo","timestamp":"2026-01-17 16:10:53"}
{"level":"info","message":"USER: User retrieved (Username: nikokomninos)","service":"pachingo","timestamp":"2026-01-17 16:10:54"}
{"level":"info","message":"USER: User retrieved (Username: nikokomninos)","service":"pachingo","timestamp":"2026-01-17 16:10:54"}
{"level":"info","message":"USER: User retrieved (Username: nikokomninos)","service":"pachingo","timestamp":"2026-01-17 16:10:54"}
{"level":"info","message":"USER: User retrieved (Username: nikokomninos)","service":"pachingo","timestamp":"2026-01-17 16:10:54"}
{"level":"info","message":"USER: User retrieved (Username: nikokomninos)","service":"pachingo","timestamp":"2026-01-17 16:10:54"}
{"level":"info","message":"USER: User retrieved (Username: nikokomninos)","service":"pachingo","timestamp":"2026-01-17 16:10:54"}
{"level":"info","message":"USER: User retrieved (Username: nikokomninos)","service":"pachingo","timestamp":"2026-01-17 16:10:54"}
{"level":"info","message":"USER: User retrieved (Username: nikokomninos)","service":"pachingo","timestamp":"2026-01-17 16:10:54"}
{"level":"info","message":"USER: User retrieved (Username: nikokomninos)","service":"pachingo","timestamp":"2026-01-17 16:10:54"}
{"level":"info","message":"USER: User retrieved (Username: nikokomninos)","service":"pachingo","timestamp":"2026-01-17 16:10:54"}
{"level":"info","message":"USER: User retrieved (Username: nikokomninos)","service":"pachingo","timestamp":"2026-01-17 16:10:54"}
{"level":"info","message":"USER: User retrieved (Username: nikokomninos)","service":"pachingo","timestamp":"2026-01-17 16:10:54"}
{"level":"info","message":"USER: User retrieved (Username: nikokomninos)","service":"pachingo","timestamp":"2026-01-17 16:10:54"}
{"level":"info","message":"USER: User retrieved (Username: nikokomninos)","service":"pachingo","timestamp":"2026-01-17 16:10:54"}
{"level":"info","message":"USER: User retrieved (Username: nikokomninos)","service":"pachingo","timestamp":"2026-01-17 16:10:54"}
{"level":"info","message":"USER: User retrieved (Username: nikokomninos)","service":"pachingo","timestamp":"2026-01-17 16:10:54"}
{"level":"info","message":"USER: User retrieved (Username: nikokomninos)","service":"pachingo","timestamp":"2026-01-17 16:10:55"}
{"level":"info","message":"USER: User retrieved (Username: nikokomninos)","service":"pachingo","timestamp":"2026-01-17 16:10:55"}
{"level":"info","message":"USER: User retrieved (Username: nikokomninos)","service":"pachingo","timestamp":"2026-01-17 16:10:55"}
{"level":"info","message":"USER: User retrieved (Username: nikokomninos)","service":"pachingo","timestamp":"2026-01-17 16:10:55"}
{"level":"info","message":"USER: User retrieved (Username: nikokomninos)","service":"pachingo","timestamp":"2026-01-17 16:10:55"}
{"level":"info","message":"USER: User retrieved (Username: nikokomninos)","service":"pachingo","timestamp":"2026-01-17 16:10:55"}
{"level":"info","message":"USER: User retrieved (Username: nikokomninos)","service":"pachingo","timestamp":"2026-01-17 16:10:55"}
{"level":"info","message":"USER: User retrieved (Username: nikokomninos)","service":"pachingo","timestamp":"2026-01-17 16:10:55"}
{"level":"info","message":"USER: User retrieved (Username: nikokomninos)","service":"pachingo","timestamp":"2026-01-17 16:10:55"}
{"level":"info","message":"USER: User retrieved (Username: nikokomninos)","service":"pachingo","timestamp":"2026-01-17 16:10:55"}
{"level":"info","message":"USER: User retrieved (Username: nikokomninos)","service":"pachingo","timestamp":"2026-01-17 16:10:55"}
{"level":"info","message":"USER: User retrieved (Username: nikokomninos)","service":"pachingo","timestamp":"2026-01-17 16:10:55"}
{"level":"info","message":"USER: User retrieved (Username: nikokomninos)","service":"pachingo","timestamp":"2026-01-17 16:10:55"}
{"level":"info","message":"USER: User retrieved (Username: nikokomninos)","service":"pachingo","timestamp":"2026-01-17 16:10:55"}
{"level":"info","message":"USER: User retrieved (Username: nikokomninos)","service":"pachingo","timestamp":"2026-01-17 16:10:55"}
{"level":"info","message":"USER: User retrieved (Username: nikokomninos)","service":"pachingo","timestamp":"2026-01-17 16:10:55"}
{"level":"info","message":"USER: User retrieved (Username: nikokomninos)","service":"pachingo","timestamp":"2026-01-17 16:10:55"}
{"level":"info","message":"USER: User retrieved (Username: nikokomninos)","service":"pachingo","timestamp":"2026-01-17 16:10:55"}
{"level":"info","message":"USER: User retrieved (Username: nikokomninos)","service":"pachingo","timestamp":"2026-01-17 16:10:55"}
{"level":"info","message":"USER: User retrieved (Username: nikokomninos)","service":"pachingo","timestamp":"2026-01-17 16:10:56"}
{"level":"info","message":"USER: User retrieved (Username: nikokomninos)","service":"pachingo","timestamp":"2026-01-17 16:10:56"}
{"level":"info","message":"USER: User retrieved (Username: nikokomninos)","service":"pachingo","timestamp":"2026-01-17 16:10:56"}
{"level":"info","message":"USER: User retrieved (Username: nikokomninos)","service":"pachingo","timestamp":"2026-01-17 16:10:56"}
{"level":"info","message":"USER: User retrieved (Username: nikokomninos)","service":"pachingo","timestamp":"2026-01-17 16:10:56"}
{"level":"info","message":"USER: User retrieved (Username: nikokomninos)","service":"pachingo","timestamp":"2026-01-17 16:10:56"}
{"level":"info","message":"USER: User retrieved (Username: nikokomninos)","service":"pachingo","timestamp":"2026-01-17 16:10:56"}
{"level":"info","message":"USER: User retrieved (Username: nikokomninos)","service":"pachingo","timestamp":"2026-01-17 16:10:56"}
{"level":"info","message":"USER: User retrieved (Username: nikokomninos)","service":"pachingo","timestamp":"2026-01-17 16:10:56"}
{"level":"info","message":"USER: User retrieved (Username: nikokomninos)","service":"pachingo","timestamp":"2026-01-17 16:10:56"}
{"level":"info","message":"USER: User retrieved (Username: nikokomninos)","service":"pachingo","timestamp":"2026-01-17 16:10:56"}
{"level":"info","message":"USER: User retrieved (Username: nikokomninos)","service":"pachingo","timestamp":"2026-01-17 16:10:56"}
{"level":"info","message":"USER: User retrieved (Username: nikokomninos)","service":"pachingo","timestamp":"2026-01-17 16:10:56"}
{"level":"info","message":"USER: User retrieved (Username: nikokomninos)","service":"pachingo","timestamp":"2026-01-17 16:10:56"}
{"level":"info","message":"USER: User retrieved (Username: nikokomninos)","service":"pachingo","timestamp":"2026-01-17 16:10:56"}
{"level":"info","message":"USER: User retrieved (Username: nikokomninos)","service":"pachingo","timestamp":"2026-01-17 16:10:56"}
{"level":"info","message":"USER: User retrieved (Username: nikokomninos)","service":"pachingo","timestamp":"2026-01-17 16:10:56"}
{"level":"info","message":"USER: User retrieved (Username: nikokomninos)","service":"pachingo","timestamp":"2026-01-17 16:10:56"}
{"level":"info","message":"USER: User retrieved (Username: nikokomninos)","service":"pachingo","timestamp":"2026-01-17 16:10:56"}
{"level":"info","message":"USER: User retrieved (Username: nikokomninos)","service":"pachingo","timestamp":"2026-01-17 16:10:56"}
{"level":"info","message":"USER: User retrieved (Username: nikokomninos)","service":"pachingo","timestamp":"2026-01-17 16:10:56"}
{"level":"info","message":"USER: User retrieved (Username: nikokomninos)","service":"pachingo","timestamp":"2026-01-17 16:10:56"}
{"level":"info","message":"USER: User retrieved (Username: nikokomninos)","service":"pachingo","timestamp":"2026-01-17 16:10:56"}
{"level":"info","message":"USER: User retrieved (Username: nikokomninos)","service":"pachingo","timestamp":"2026-01-17 16:10:57"}
{"level":"info","message":"USER: User retrieved (Username: nikokomninos)","service":"pachingo","timestamp":"2026-01-17 16:10:57"}
{"level":"info","message":"USER: User retrieved (Username: nikokomninos)","service":"pachingo","timestamp":"2026-01-17 16:10:57"}
{"level":"info","message":"USER: User retrieved (Username: nikokomninos)","service":"pachingo","timestamp":"2026-01-17 16:10:57"}
{"level":"info","message":"USER: User retrieved (Username: nikokomninos)","service":"pachingo","timestamp":"2026-01-17 16:10:57"}
{"level":"info","message":"USER: User retrieved (Username: nikokomninos)","service":"pachingo","timestamp":"2026-01-17 16:10:57"}
{"level":"info","message":"USER: User retrieved (Username: nikokomninos)","service":"pachingo","timestamp":"2026-01-17 16:10:57"}
{"level":"info","message":"USER: User retrieved (Username: nikokomninos)","service":"pachingo","timestamp":"2026-01-17 16:10:57"}
{"level":"info","message":"USER: User retrieved (Username: nikokomninos)","service":"pachingo","timestamp":"2026-01-17 16:10:57"}
{"level":"info","message":"USER: User retrieved (Username: nikokomninos)","service":"pachingo","timestamp":"2026-01-17 16:10:57"}
{"level":"info","message":"USER: User retrieved (Username: nikokomninos)","service":"pachingo","timestamp":"2026-01-17 16:10:57"}
{"level":"info","message":"USER: User retrieved (Username: nikokomninos)","service":"pachingo","timestamp":"2026-01-17 16:10:57"}
{"level":"info","message":"USER: User retrieved (Username: nikokomninos)","service":"pachingo","timestamp":"2026-01-17 16:10:57"}
{"level":"info","message":"USER: User retrieved (Username: nikokomninos)","service":"pachingo","timestamp":"2026-01-17 16:10:57"}
{"level":"info","message":"USER: User retrieved (Username: nikokomninos)","service":"pachingo","timestamp":"2026-01-17 16:10:57"}
{"level":"info","message":"USER: User retrieved (Username: nikokomninos)","service":"pachingo","timestamp":"2026-01-17 16:10:57"}
{"level":"info","message":"USER: User retrieved (Username: nikokomninos)","service":"pachingo","timestamp":"2026-01-17 16:10:57"}
{"level":"info","message":"USER: User retrieved (Username: nikokomninos)","service":"pachingo","timestamp":"2026-01-17 16:10:58"}
{"level":"info","message":"USER: User retrieved (Username: nikokomninos)","service":"pachingo","timestamp":"2026-01-17 16:10:58"}
{"level":"info","message":"USER: User retrieved (Username: nikokomninos)","service":"pachingo","timestamp":"2026-01-17 16:10:58"}
{"level":"info","message":"USER: User retrieved (Username: nikokomninos)","service":"pachingo","timestamp":"2026-01-17 16:10:58"}
{"level":"info","message":"USER: User retrieved (Username: nikokomninos)","service":"pachingo","timestamp":"2026-01-17 16:10:58"}
{"level":"info","message":"USER: User retrieved (Username: nikokomninos)","service":"pachingo","timestamp":"2026-01-17 16:10:58"}
{"level":"info","message":"USER: User retrieved (Username: nikokomninos)","service":"pachingo","timestamp":"2026-01-17 16:10:58"}
{"level":"info","message":"USER: User retrieved (Username: nikokomninos)","service":"pachingo","timestamp":"2026-01-17 16:10:58"}
{"level":"info","message":"USER: User retrieved (Username: nikokomninos)","service":"pachingo","timestamp":"2026-01-17 16:10:58"}
{"level":"info","message":"USER: User retrieved (Username: nikokomninos)","service":"pachingo","timestamp":"2026-01-17 16:10:58"}
{"level":"info","message":"USER: User retrieved (Username: nikokomninos)","service":"pachingo","timestamp":"2026-01-17 16:10:58"}
{"level":"info","message":"USER: User retrieved (Username: nikokomninos)","service":"pachingo","timestamp":"2026-01-17 16:10:58"}
{"level":"info","message":"USER: User retrieved (Username: nikokomninos)","service":"pachingo","timestamp":"2026-01-17 16:10:58"}
{"level":"info","message":"USER: User retrieved (Username: nikokomninos)","service":"pachingo","timestamp":"2026-01-17 16:10:58"}
{"level":"info","message":"USER: User retrieved (Username: nikokomninos)","service":"pachingo","timestamp":"2026-01-17 16:10:58"}
{"level":"info","message":"USER: User retrieved (Username: nikokomninos)","service":"pachingo","timestamp":"2026-01-17 16:10:58"}
{"level":"info","message":"USER: User retrieved (Username: nikokomninos)","service":"pachingo","timestamp":"2026-01-17 16:10:58"}
{"level":"info","message":"USER: User retrieved (Username: nikokomninos)","service":"pachingo","timestamp":"2026-01-17 16:10:58"}
{"level":"info","message":"USER: User retrieved (Username: nikokomninos)","service":"pachingo","timestamp":"2026-01-17 16:10:58"}
{"level":"info","message":"USER: User retrieved (Username: nikokomninos)","service":"pachingo","timestamp":"2026-01-17 16:10:58"}
{"level":"info","message":"USER: User retrieved (Username: nikokomninos)","service":"pachingo","timestamp":"2026-01-17 16:10:58"}
{"level":"info","message":"USER: User retrieved (Username: nikokomninos)","service":"pachingo","timestamp":"2026-01-17 16:10:58"}
{"level":"info","message":"USER: User retrieved (Username: nikokomninos)","service":"pachingo","timestamp":"2026-01-17 16:10:58"}
{"level":"info","message":"USER: User retrieved (Username: nikokomninos)","service":"pachingo","timestamp":"2026-01-17 16:10:59"}
{"level":"info","message":"USER: User retrieved (Username: nikokomninos)","service":"pachingo","timestamp":"2026-01-17 16:10:59"}
{"level":"info","message":"USER: User retrieved (Username: nikokomninos)","service":"pachingo","timestamp":"2026-01-17 16:10:59"}
{"level":"info","message":"USER: User retrieved (Username: nikokomninos)","service":"pachingo","timestamp":"2026-01-17 16:10:59"}
{"level":"info","message":"USER: User retrieved (Username: nikokomninos)","service":"pachingo","timestamp":"2026-01-17 16:10:59"}
{"level":"info","message":"USER: User retrieved (Username: nikokomninos)","service":"pachingo","timestamp":"2026-01-17 16:10:59"}
{"level":"info","message":"USER: User retrieved (Username: nikokomninos)","service":"pachingo","timestamp":"2026-01-17 16:10:59"}
{"level":"info","message":"USER: User retrieved (Username: nikokomninos)","service":"pachingo","timestamp":"2026-01-17 16:10:59"}
{"level":"info","message":"USER: User retrieved (Username: nikokomninos)","service":"pachingo","timestamp":"2026-01-17 16:10:59"}
{"level":"info","message":"USER: User retrieved (Username: nikokomninos)","service":"pachingo","timestamp":"2026-01-17 16:10:59"}
{"level":"info","message":"USER: User retrieved (Username: nikokomninos)","service":"pachingo","timestamp":"2026-01-17 16:10:59"}
{"level":"info","message":"USER: User retrieved (Username: nikokomninos)","service":"pachingo","timestamp":"2026-01-17 16:10:59"}
{"level":"info","message":"USER: User retrieved (Username: nikokomninos)","service":"pachingo","timestamp":"2026-01-17 16:10:59"}
{"level":"info","message":"USER: User retrieved (Username: nikokomninos)","service":"pachingo","timestamp":"2026-01-17 16:10:59"}
{"level":"info","message":"USER: User retrieved (Username: nikokomninos)","service":"pachingo","timestamp":"2026-01-17 16:10:59"}
{"level":"info","message":"USER: User retrieved (Username: nikokomninos)","service":"pachingo","timestamp":"2026-01-17 16:10:59"}
{"level":"info","message":"USER: User retrieved (Username: nikokomninos)","service":"pachingo","timestamp":"2026-01-17 16:10:59"}
{"level":"info","message":"USER: User retrieved (Username: nikokomninos)","service":"pachingo","timestamp":"2026-01-17 16:10:59"}
{"level":"info","message":"USER: User retrieved (Username: nikokomninos)","service":"pachingo","timestamp":"2026-01-17 16:10:59"}
{"level":"info","message":"USER: User retrieved (Username: nikokomninos)","service":"pachingo","timestamp":"2026-01-17 16:10:59"}
{"level":"info","message":"USER: User retrieved (Username: nikokomninos)","service":"pachingo","timestamp":"2026-01-17 16:10:59"}
{"level":"info","message":"USER: User retrieved (Username: nikokomninos)","service":"pachingo","timestamp":"2026-01-17 16:11:00"}
{"level":"info","message":"USER: User retrieved (Username: nikokomninos)","service":"pachingo","timestamp":"2026-01-17 16:11:00"}
{"level":"info","message":"USER: User retrieved (Username: nikokomninos)","service":"pachingo","timestamp":"2026-01-17 16:11:00"}
{"level":"info","message":"USER: User retrieved (Username: nikokomninos)","service":"pachingo","timestamp":"2026-01-17 16:11:00"}
{"level":"info","message":"USER: User retrieved (Username: nikokomninos)","service":"pachingo","timestamp":"2026-01-17 16:11:00"}
{"level":"info","message":"USER: User retrieved (Username: nikokomninos)","service":"pachingo","timestamp":"2026-01-17 16:11:00"}
{"level":"info","message":"USER: User retrieved (Username: nikokomninos)","service":"pachingo","timestamp":"2026-01-17 16:11:00"}
{"level":"info","message":"USER: User retrieved (Username: nikokomninos)","service":"pachingo","timestamp":"2026-01-17 16:11:00"}
{"level":"info","message":"USER: User retrieved (Username: nikokomninos)","service":"pachingo","timestamp":"2026-01-17 16:11:00"}
{"level":"info","message":"USER: User retrieved (Username: nikokomninos)","service":"pachingo","timestamp":"2026-01-17 16:11:00"}
{"level":"info","message":"USER: User retrieved (Username: nikokomninos)","service":"pachingo","timestamp":"2026-01-17 16:11:00"}
{"level":"info","message":"USER: User retrieved (Username: nikokomninos)","service":"pachingo","timestamp":"2026-01-17 16:11:00"}
{"level":"info","message":"USER: User retrieved (Username: nikokomninos)","service":"pachingo","timestamp":"2026-01-17 16:11:00"}
{"level":"info","message":"USER: User retrieved (Username: nikokomninos)","service":"pachingo","timestamp":"2026-01-17 16:11:00"}
{"level":"info","message":"USER: User retrieved (Username: nikokomninos)","service":"pachingo","timestamp":"2026-01-17 16:11:00"}
{"level":"info","message":"USER: User retrieved (Username: nikokomninos)","service":"pachingo","timestamp":"2026-01-17 16:11:00"}
{"level":"info","message":"USER: User retrieved (Username: nikokomninos)","service":"pachingo","timestamp":"2026-01-17 16:11:00"}
{"level":"info","message":"USER: User retrieved (Username: nikokomninos)","service":"pachingo","timestamp":"2026-01-17 16:11:00"}
{"level":"info","message":"USER: User retrieved (Username: nikokomninos)","service":"pachingo","timestamp":"2026-01-17 16:11:00"}
{"level":"info","message":"USER: User retrieved (Username: nikokomninos)","service":"pachingo","timestamp":"2026-01-17 16:11:01"}
{"level":"info","message":"USER: User retrieved (Username: nikokomninos)","service":"pachingo","timestamp":"2026-01-17 16:11:01"}
{"level":"info","message":"USER: User retrieved (Username: nikokomninos)","service":"pachingo","timestamp":"2026-01-17 16:11:01"}
{"level":"info","message":"USER: User retrieved (Username: nikokomninos)","service":"pachingo","timestamp":"2026-01-17 16:11:01"}
{"level":"info","message":"USER: User retrieved (Username: nikokomninos)","service":"pachingo","timestamp":"2026-01-17 16:11:01"}
{"level":"info","message":"USER: User retrieved (Username: nikokomninos)","service":"pachingo","timestamp":"2026-01-17 16:11:01"}
{"level":"info","message":"USER: User retrieved (Username: nikokomninos)","service":"pachingo","timestamp":"2026-01-17 16:11:01"}
{"level":"info","message":"USER: User retrieved (Username: nikokomninos)","service":"pachingo","timestamp":"2026-01-17 16:11:01"}
{"level":"info","message":"USER: User retrieved (Username: nikokomninos)","service":"pachingo","timestamp":"2026-01-17 16:11:01"}
{"level":"info","message":"USER: User retrieved (Username: nikokomninos)","service":"pachingo","timestamp":"2026-01-17 16:11:01"}
{"level":"info","message":"USER: User retrieved (Username: nikokomninos)","service":"pachingo","timestamp":"2026-01-17 16:11:01"}
{"level":"info","message":"USER: User retrieved (Username: nikokomninos)","service":"pachingo","timestamp":"2026-01-17 16:11:01"}
{"level":"info","message":"USER: User retrieved (Username: nikokomninos)","service":"pachingo","timestamp":"2026-01-17 16:11:01"}
{"level":"info","message":"USER: User retrieved (Username: nikokomninos)","service":"pachingo","timestamp":"2026-01-17 16:11:01"}
{"level":"info","message":"USER: User retrieved (Username: nikokomninos)","service":"pachingo","timestamp":"2026-01-17 16:11:01"}
{"level":"info","message":"USER: User retrieved (Username: nikokomninos)","service":"pachingo","timestamp":"2026-01-17 16:11:01"}
{"level":"info","message":"USER: User retrieved (Username: nikokomninos)","service":"pachingo","timestamp":"2026-01-17 16:11:01"}
{"level":"info","message":"USER: User retrieved (Username: nikokomninos)","service":"pachingo","timestamp":"2026-01-17 16:11:01"}
{"level":"info","message":"USER: User retrieved (Username: nikokomninos)","service":"pachingo","timestamp":"2026-01-17 16:11:01"}
{"level":"info","message":"USER: User retrieved (Username: nikokomninos)","service":"pachingo","timestamp":"2026-01-17 16:11:01"}
{"level":"info","message":"USER: User retrieved (Username: nikokomninos)","service":"pachingo","timestamp":"2026-01-17 16:11:02"}
{"level":"info","message":"USER: User retrieved (Username: nikokomninos)","service":"pachingo","timestamp":"2026-01-17 16:11:02"}
{"level":"info","message":"USER: User retrieved (Username: nikokomninos)","service":"pachingo","timestamp":"2026-01-17 16:11:02"}
{"level":"info","message":"USER: User retrieved (Username: nikokomninos)","service":"pachingo","timestamp":"2026-01-17 16:11:02"}
{"level":"info","message":"USER: User retrieved (Username: nikokomninos)","service":"pachingo","timestamp":"2026-01-17 16:11:02"}
{"level":"info","message":"USER: User retrieved (Username: nikokomninos)","service":"pachingo","timestamp":"2026-01-17 16:11:02"}
{"level":"info","message":"USER: User retrieved (Username: nikokomninos)","service":"pachingo","timestamp":"2026-01-17 16:11:02"}
{"level":"info","message":"USER: User retrieved (Username: nikokomninos)","service":"pachingo","timestamp":"2026-01-17 16:11:02"}
{"level":"info","message":"USER: User retrieved (Username: nikokomninos)","service":"pachingo","timestamp":"2026-01-17 16:11:02"}
{"level":"info","message":"USER: User retrieved (Username: nikokomninos)","service":"pachingo","timestamp":"2026-01-17 16:11:02"}
{"level":"info","message":"USER: User retrieved (Username: nikokomninos)","service":"pachingo","timestamp":"2026-01-17 16:11:02"}
{"level":"info","message":"USER: User retrieved (Username: nikokomninos)","service":"pachingo","timestamp":"2026-01-17 16:11:02"}
{"level":"info","message":"USER: User retrieved (Username: nikokomninos)","service":"pachingo","timestamp":"2026-01-17 16:11:02"}
{"level":"info","message":"USER: User retrieved (Username: nikokomninos)","service":"pachingo","timestamp":"2026-01-17 16:11:02"}
{"level":"info","message":"USER: User retrieved (Username: nikokomninos)","service":"pachingo","timestamp":"2026-01-17 16:11:02"}
{"level":"info","message":"USER: User retrieved (Username: nikokomninos)","service":"pachingo","timestamp":"2026-01-17 16:11:02"}
{"level":"info","message":"USER: User retrieved (Username: nikokomninos)","service":"pachingo","timestamp":"2026-01-17 16:11:02"}
{"level":"info","message":"USER: User retrieved (Username: nikokomninos)","service":"pachingo","timestamp":"2026-01-17 16:11:02"}
{"level":"info","message":"USER: User retrieved (Username: nikokomninos)","service":"pachingo","timestamp":"2026-01-17 16:11:02"}
{"level":"info","message":"USER: User retrieved (Username: nikokomninos)","service":"pachingo","timestamp":"2026-01-17 16:11:02"}
{"level":"info","message":"USER: User retrieved (Username: nikokomninos)","service":"pachingo","timestamp":"2026-01-17 16:11:03"}
{"level":"info","message":"USER: User retrieved (Username: nikokomninos)","service":"pachingo","timestamp":"2026-01-17 16:11:03"}
{"level":"info","message":"USER: User retrieved (Username: nikokomninos)","service":"pachingo","timestamp":"2026-01-17 16:11:03"}
{"level":"info","message":"USER: User retrieved (Username: nikokomninos)","service":"pachingo","timestamp":"2026-01-17 16:11:03"}
{"level":"info","message":"USER: User retrieved (Username: nikokomninos)","service":"pachingo","timestamp":"2026-01-17 16:11:03"}
{"level":"info","message":"USER: User retrieved (Username: nikokomninos)","service":"pachingo","timestamp":"2026-01-17 16:11:03"}
{"level":"info","message":"USER: User retrieved (Username: nikokomninos)","service":"pachingo","timestamp":"2026-01-17 16:11:03"}
{"level":"info","message":"USER: User retrieved (Username: nikokomninos)","service":"pachingo","timestamp":"2026-01-17 16:11:03"}
{"level":"info","message":"USER: User retrieved (Username: nikokomninos)","service":"pachingo","timestamp":"2026-01-17 16:11:03"}
{"level":"info","message":"USER: User retrieved (Username: nikokomninos)","service":"pachingo","timestamp":"2026-01-17 16:11:03"}
{"level":"info","message":"USER: User retrieved (Username: nikokomninos)","service":"pachingo","timestamp":"2026-01-17 16:11:03"}
{"level":"info","message":"USER: User retrieved (Username: nikokomninos)","service":"pachingo","timestamp":"2026-01-17 16:11:03"}
{"level":"info","message":"USER: User retrieved (Username: nikokomninos)","service":"pachingo","timestamp":"2026-01-17 16:11:03"}
{"level":"info","message":"USER: User retrieved (Username: nikokomninos)","service":"pachingo","timestamp":"2026-01-17 16:11:03"}
{"level":"info","message":"USER: User retrieved (Username: nikokomninos)","service":"pachingo","timestamp":"2026-01-17 16:11:03"}
{"level":"info","message":"USER: User retrieved (Username: nikokomninos)","service":"pachingo","timestamp":"2026-01-17 16:11:03"}
{"level":"info","message":"USER: User retrieved (Username: nikokomninos)","service":"pachingo","timestamp":"2026-01-17 16:11:03"}
{"level":"info","message":"USER: User retrieved (Username: nikokomninos)","service":"pachingo","timestamp":"2026-01-17 16:11:04"}
{"level":"info","message":"USER: User retrieved (Username: nikokomninos)","service":"pachingo","timestamp":"2026-01-17 16:11:04"}
{"level":"info","message":"USER: User retrieved (Username: nikokomninos)","service":"pachingo","timestamp":"2026-01-17 16:11:04"}
{"level":"info","message":"USER: User retrieved (Username: nikokomninos)","service":"pachingo","timestamp":"2026-01-17 16:11:04"}
{"level":"info","message":"USER: User retrieved (Username: nikokomninos)","service":"pachingo","timestamp":"2026-01-17 16:11:04"}
{"level":"info","message":"USER: User retrieved (Username: nikokomninos)","service":"pachingo","timestamp":"2026-01-17 16:11:04"}
{"level":"info","message":"USER: User retrieved (Username: nikokomninos)","service":"pachingo","timestamp":"2026-01-17 16:11:04"}
{"level":"info","message":"USER: User retrieved (Username: nikokomninos)","service":"pachingo","timestamp":"2026-01-17 16:11:04"}
{"level":"info","message":"USER: User retrieved (Username: nikokomninos)","service":"pachingo","timestamp":"2026-01-17 16:11:04"}
{"level":"info","message":"USER: User retrieved (Username: nikokomninos)","service":"pachingo","timestamp":"2026-01-17 16:11:04"}
{"level":"info","message":"USER: User retrieved (Username: nikokomninos)","service":"pachingo","timestamp":"2026-01-17 16:11:04"}
{"level":"info","message":"USER: User retrieved (Username: nikokomninos)","service":"pachingo","timestamp":"2026-01-17 16:11:04"}
{"level":"info","message":"USER: User retrieved (Username: nikokomninos)","service":"pachingo","timestamp":"2026-01-17 16:11:04"}
{"level":"info","message":"USER: User retrieved (Username: nikokomninos)","service":"pachingo","timestamp":"2026-01-17 16:11:04"}
{"level":"info","message":"USER: User retrieved (Username: nikokomninos)","service":"pachingo","timestamp":"2026-01-17 16:11:04"}
{"level":"info","message":"USER: User retrieved (Username: nikokomninos)","service":"pachingo","timestamp":"2026-01-17 16:11:04"}
{"level":"info","message":"USER: User retrieved (Username: nikokomninos)","service":"pachingo","timestamp":"2026-01-17 16:11:04"}
{"level":"info","message":"USER: User retrieved (Username: nikokomninos)","service":"pachingo","timestamp":"2026-01-17 16:11:04"}
{"level":"info","message":"USER: User retrieved (Username: nikokomninos)","service":"pachingo","timestamp":"2026-01-17 16:11:04"}
{"level":"info","message":"USER: User retrieved (Username: nikokomninos)","service":"pachingo","timestamp":"2026-01-17 16:11:04"}
{"level":"info","message":"USER: User retrieved (Username: nikokomninos)","service":"pachingo","timestamp":"2026-01-17 16:11:04"}
{"level":"info","message":"USER: User retrieved (Username: nikokomninos)","service":"pachingo","timestamp":"2026-01-17 16:11:05"}
{"level":"info","message":"USER: User retrieved (Username: nikokomninos)","service":"pachingo","timestamp":"2026-01-17 16:11:05"}
{"level":"info","message":"USER: User retrieved (Username: nikokomninos)","service":"pachingo","timestamp":"2026-01-17 16:11:05"}
{"level":"info","message":"USER: User retrieved (Username: nikokomninos)","service":"pachingo","timestamp":"2026-01-17 16:11:05"}
{"level":"info","message":"USER: User retrieved (Username: nikokomninos)","service":"pachingo","timestamp":"2026-01-17 16:11:05"}
{"level":"info","message":"USER: User retrieved (Username: nikokomninos)","service":"pachingo","timestamp":"2026-01-17 16:11:05"}
{"level":"info","message":"USER: User retrieved (Username: nikokomninos)","service":"pachingo","timestamp":"2026-01-17 16:11:05"}
{"level":"info","message":"USER: User retrieved (Username: nikokomninos)","service":"pachingo","timestamp":"2026-01-17 16:11:05"}
{"level":"info","message":"USER: User retrieved (Username: nikokomninos)","service":"pachingo","timestamp":"2026-01-17 16:11:05"}
{"level":"info","message":"USER: User retrieved (Username: nikokomninos)","service":"pachingo","timestamp":"2026-01-17 16:11:05"}
{"level":"info","message":"USER: User retrieved (Username: nikokomninos)","service":"pachingo","timestamp":"2026-01-17 16:11:05"}
{"level":"info","message":"USER: User retrieved (Username: nikokomninos)","service":"pachingo","timestamp":"2026-01-17 16:11:05"}
{"level":"info","message":"USER: User retrieved (Username: nikokomninos)","service":"pachingo","timestamp":"2026-01-17 16:11:05"}
{"level":"info","message":"USER: User retrieved (Username: nikokomninos)","service":"pachingo","timestamp":"2026-01-17 16:11:05"}
{"level":"info","message":"USER: User retrieved (Username: nikokomninos)","service":"pachingo","timestamp":"2026-01-17 16:11:05"}
{"level":"info","message":"USER: User retrieved (Username: nikokomninos)","service":"pachingo","timestamp":"2026-01-17 16:11:05"}
{"level":"info","message":"USER: User retrieved (Username: nikokomninos)","service":"pachingo","timestamp":"2026-01-17 16:11:05"}
{"level":"info","message":"USER: User retrieved (Username: nikokomninos)","service":"pachingo","timestamp":"2026-01-17 16:11:05"}
{"level":"info","message":"USER: User retrieved (Username: nikokomninos)","service":"pachingo","timestamp":"2026-01-17 16:11:06"}
{"level":"info","message":"USER: User retrieved (Username: nikokomninos)","service":"pachingo","timestamp":"2026-01-17 16:11:06"}
{"level":"info","message":"USER: User retrieved (Username: nikokomninos)","service":"pachingo","timestamp":"2026-01-17 16:11:06"}
{"level":"info","message":"USER: User retrieved (Username: nikokomninos)","service":"pachingo","timestamp":"2026-01-17 16:11:06"}
{"level":"info","message":"USER: User retrieved (Username: nikokomninos)","service":"pachingo","timestamp":"2026-01-17 16:11:06"}
{"level":"info","message":"USER: User retrieved (Username: nikokomninos)","service":"pachingo","timestamp":"2026-01-17 16:11:06"}
{"level":"info","message":"USER: User retrieved (Username: nikokomninos)","service":"pachingo","timestamp":"2026-01-17 16:11:06"}
{"level":"info","message":"USER: User retrieved (Username: nikokomninos)","service":"pachingo","timestamp":"2026-01-17 16:11:06"}
{"level":"info","message":"USER: User retrieved (Username: nikokomninos)","service":"pachingo","timestamp":"2026-01-17 16:11:06"}
{"level":"info","message":"USER: User retrieved (Username: nikokomninos)","service":"pachingo","timestamp":"2026-01-17 16:11:06"}
{"level":"info","message":"USER: User retrieved (Username: nikokomninos)","service":"pachingo","timestamp":"2026-01-17 16:11:06"}
{"level":"info","message":"USER: User retrieved (Username: nikokomninos)","service":"pachingo","timestamp":"2026-01-17 16:11:06"}
{"level":"info","message":"USER: User retrieved (Username: nikokomninos)","service":"pachingo","timestamp":"2026-01-17 16:11:06"}
{"level":"info","message":"USER: User retrieved (Username: nikokomninos)","service":"pachingo","timestamp":"2026-01-17 16:11:06"}
{"level":"info","message":"USER: User retrieved (Username: nikokomninos)","service":"pachingo","timestamp":"2026-01-17 16:11:06"}
{"level":"info","message":"USER: User retrieved (Username: nikokomninos)","service":"pachingo","timestamp":"2026-01-17 16:11:06"}
{"level":"info","message":"USER: User retrieved (Username: nikokomninos)","service":"pachingo","timestamp":"2026-01-17 16:11:06"}
{"level":"info","message":"USER: User retrieved (Username: nikokomninos)","service":"pachingo","timestamp":"2026-01-17 16:11:06"}
{"level":"info","message":"USER: User retrieved (Username: nikokomninos)","service":"pachingo","timestamp":"2026-01-17 16:11:06"}
{"level":"info","message":"USER: User retrieved (Username: nikokomninos)","service":"pachingo","timestamp":"2026-01-17 16:11:07"}
{"level":"info","message":"USER: User retrieved (Username: nikokomninos)","service":"pachingo","timestamp":"2026-01-17 16:11:07"}
{"level":"info","message":"USER: User retrieved (Username: nikokomninos)","service":"pachingo","timestamp":"2026-01-17 16:11:07"}
{"level":"info","message":"USER: User retrieved (Username: nikokomninos)","service":"pachingo","timestamp":"2026-01-17 16:11:07"}
{"level":"info","message":"USER: User retrieved (Username: nikokomninos)","service":"pachingo","timestamp":"2026-01-17 16:11:07"}
{"level":"info","message":"USER: User retrieved (Username: nikokomninos)","service":"pachingo","timestamp":"2026-01-17 16:11:07"}
{"level":"info","message":"USER: User retrieved (Username: nikokomninos)","service":"pachingo","timestamp":"2026-01-17 16:11:07"}
{"level":"info","message":"USER: User retrieved (Username: nikokomninos)","service":"pachingo","timestamp":"2026-01-17 16:11:07"}
{"level":"info","message":"USER: User retrieved (Username: nikokomninos)","service":"pachingo","timestamp":"2026-01-17 16:11:07"}
{"level":"info","message":"USER: User retrieved (Username: nikokomninos)","service":"pachingo","timestamp":"2026-01-17 16:11:07"}
{"level":"info","message":"USER: User retrieved (Username: nikokomninos)","service":"pachingo","timestamp":"2026-01-17 16:11:07"}
{"level":"info","message":"USER: User retrieved (Username: nikokomninos)","service":"pachingo","timestamp":"2026-01-17 16:11:07"}
{"level":"info","message":"USER: User retrieved (Username: nikokomninos)","service":"pachingo","timestamp":"2026-01-17 16:11:07"}
{"level":"info","message":"USER: User retrieved (Username: nikokomninos)","service":"pachingo","timestamp":"2026-01-17 16:11:07"}
{"level":"info","message":"USER: User retrieved (Username: nikokomninos)","service":"pachingo","timestamp":"2026-01-17 16:11:07"}
{"level":"info","message":"USER: User retrieved (Username: nikokomninos)","service":"pachingo","timestamp":"2026-01-17 16:11:07"}
{"level":"info","message":"USER: User retrieved (Username: nikokomninos)","service":"pachingo","timestamp":"2026-01-17 16:11:07"}
{"level":"info","message":"USER: User retrieved (Username: nikokomninos)","service":"pachingo","timestamp":"2026-01-17 16:11:07"}
{"level":"info","message":"USER: User retrieved (Username: nikokomninos)","service":"pachingo","timestamp":"2026-01-17 16:11:07"}
{"level":"info","message":"USER: User retrieved (Username: nikokomninos)","service":"pachingo","timestamp":"2026-01-17 16:11:08"}
{"level":"info","message":"USER: User retrieved (Username: nikokomninos)","service":"pachingo","timestamp":"2026-01-17 16:11:08"}
{"level":"info","message":"USER: User retrieved (Username: nikokomninos)","service":"pachingo","timestamp":"2026-01-17 16:11:08"}
{"level":"info","message":"USER: User retrieved (Username: nikokomninos)","service":"pachingo","timestamp":"2026-01-17 16:11:08"}
{"level":"info","message":"USER: User retrieved (Username: nikokomninos)","service":"pachingo","timestamp":"2026-01-17 16:11:08"}
{"level":"info","message":"USER: User retrieved (Username: nikokomninos)","service":"pachingo","timestamp":"2026-01-17 16:11:08"}
{"level":"info","message":"USER: User retrieved (Username: nikokomninos)","service":"pachingo","timestamp":"2026-01-17 16:11:08"}
{"level":"info","message":"USER: User retrieved (Username: nikokomninos)","service":"pachingo","timestamp":"2026-01-17 16:11:08"}
{"level":"info","message":"USER: User retrieved (Username: nikokomninos)","service":"pachingo","timestamp":"2026-01-17 16:11:08"}
{"level":"info","message":"USER: User retrieved (Username: nikokomninos)","service":"pachingo","timestamp":"2026-01-17 16:11:08"}
{"level":"info","message":"USER: User retrieved (Username: nikokomninos)","service":"pachingo","timestamp":"2026-01-17 16:11:08"}
{"level":"info","message":"USER: User retrieved (Username: nikokomninos)","service":"pachingo","timestamp":"2026-01-17 16:11:08"}
{"level":"info","message":"USER: User retrieved (Username: nikokomninos)","service":"pachingo","timestamp":"2026-01-17 16:11:08"}
{"level":"info","message":"USER: User retrieved (Username: nikokomninos)","service":"pachingo","timestamp":"2026-01-17 16:11:08"}
{"level":"info","message":"USER: User retrieved (Username: nikokomninos)","service":"pachingo","timestamp":"2026-01-17 16:11:08"}
{"level":"info","message":"USER: User retrieved (Username: nikokomninos)","service":"pachingo","timestamp":"2026-01-17 16:11:08"}
{"level":"info","message":"USER: User retrieved (Username: nikokomninos)","service":"pachingo","timestamp":"2026-01-17 16:11:08"}
{"level":"info","message":"USER: User retrieved (Username: nikokomninos)","service":"pachingo","timestamp":"2026-01-17 16:11:08"}
{"level":"info","message":"USER: User retrieved (Username: nikokomninos)","service":"pachingo","timestamp":"2026-01-17 16:11:08"}
{"level":"info","message":"USER: User retrieved (Username: nikokomninos)","service":"pachingo","timestamp":"2026-01-17 16:11:09"}
{"level":"info","message":"USER: User retrieved (Username: nikokomninos)","service":"pachingo","timestamp":"2026-01-17 16:11:09"}
{"level":"info","message":"USER: User retrieved (Username: nikokomninos)","service":"pachingo","timestamp":"2026-01-17 16:11:09"}
{"level":"info","message":"USER: User retrieved (Username: nikokomninos)","service":"pachingo","timestamp":"2026-01-17 16:11:09"}
{"level":"info","message":"USER: User retrieved (Username: nikokomninos)","service":"pachingo","timestamp":"2026-01-17 16:11:09"}
{"level":"info","message":"USER: User retrieved (Username: nikokomninos)","service":"pachingo","timestamp":"2026-01-17 16:11:09"}
{"level":"info","message":"USER: User retrieved (Username: nikokomninos)","service":"pachingo","timestamp":"2026-01-17 16:11:09"}
{"level":"info","message":"USER: User retrieved (Username: nikokomninos)","service":"pachingo","timestamp":"2026-01-17 16:11:09"}
{"level":"info","message":"USER: User retrieved (Username: nikokomninos)","service":"pachingo","timestamp":"2026-01-17 16:11:09"}
{"level":"info","message":"USER: User retrieved (Username: nikokomninos)","service":"pachingo","timestamp":"2026-01-17 16:11:09"}
{"level":"info","message":"USER: User retrieved (Username: nikokomninos)","service":"pachingo","timestamp":"2026-01-17 16:11:09"}
{"level":"info","message":"USER: User retrieved (Username: nikokomninos)","service":"pachingo","timestamp":"2026-01-17 16:11:09"}
{"level":"info","message":"USER: User retrieved (Username: nikokomninos)","service":"pachingo","timestamp":"2026-01-17 16:11:09"}
{"level":"info","message":"USER: User retrieved (Username: nikokomninos)","service":"pachingo","timestamp":"2026-01-17 16:11:09"}
{"level":"info","message":"USER: User retrieved (Username: nikokomninos)","service":"pachingo","timestamp":"2026-01-17 16:11:09"}
{"level":"info","message":"USER: User retrieved (Username: nikokomninos)","service":"pachingo","timestamp":"2026-01-17 16:11:09"}
{"level":"info","message":"USER: User retrieved (Username: nikokomninos)","service":"pachingo","timestamp":"2026-01-17 16:11:09"}
{"level":"info","message":"USER: User retrieved (Username: nikokomninos)","service":"pachingo","timestamp":"2026-01-17 16:11:09"}
{"level":"info","message":"USER: User retrieved (Username: nikokomninos)","service":"pachingo","timestamp":"2026-01-17 16:11:09"}
{"level":"info","message":"USER: User retrieved (Username: nikokomninos)","service":"pachingo","timestamp":"2026-01-17 16:11:10"}
{"level":"info","message":"USER: User retrieved (Username: nikokomninos)","service":"pachingo","timestamp":"2026-01-17 16:11:10"}
{"level":"info","message":"USER: User retrieved (Username: nikokomninos)","service":"pachingo","timestamp":"2026-01-17 16:11:10"}
{"level":"info","message":"USER: User retrieved (Username: nikokomninos)","service":"pachingo","timestamp":"2026-01-17 16:11:10"}
{"level":"info","message":"USER: User retrieved (Username: nikokomninos)","service":"pachingo","timestamp":"2026-01-17 16:11:10"}
{"level":"info","message":"USER: User retrieved (Username: nikokomninos)","service":"pachingo","timestamp":"2026-01-17 16:11:10"}
{"level":"info","message":"USER: User retrieved (Username: nikokomninos)","service":"pachingo","timestamp":"2026-01-17 16:11:10"}
{"level":"info","message":"USER: User retrieved (Username: nikokomninos)","service":"pachingo","timestamp":"2026-01-17 16:11:10"}
{"level":"info","message":"USER: User retrieved (Username: nikokomninos)","service":"pachingo","timestamp":"2026-01-17 16:11:10"}
{"level":"info","message":"USER: User retrieved (Username: nikokomninos)","service":"pachingo","timestamp":"2026-01-17 16:11:10"}
{"level":"info","message":"USER: User retrieved (Username: nikokomninos)","service":"pachingo","timestamp":"2026-01-17 16:11:10"}
{"level":"info","message":"USER: User retrieved (Username: nikokomninos)","service":"pachingo","timestamp":"2026-01-17 16:11:10"}
{"level":"info","message":"USER: User retrieved (Username: nikokomninos)","service":"pachingo","timestamp":"2026-01-17 16:11:10"}
{"level":"info","message":"USER: User retrieved (Username: nikokomninos)","service":"pachingo","timestamp":"2026-01-17 16:11:10"}
{"level":"info","message":"USER: User retrieved (Username: nikokomninos)","service":"pachingo","timestamp":"2026-01-17 16:11:10"}
{"level":"info","message":"USER: User retrieved (Username: nikokomninos)","service":"pachingo","timestamp":"2026-01-17 16:11:10"}
{"level":"info","message":"USER: User retrieved (Username: nikokomninos)","service":"pachingo","timestamp":"2026-01-17 16:11:10"}
{"level":"info","message":"USER: User retrieved (Username: nikokomninos)","service":"pachingo","timestamp":"2026-01-17 16:11:10"}
{"level":"info","message":"USER: User retrieved (Username: nikokomninos)","service":"pachingo","timestamp":"2026-01-17 16:11:10"}
{"level":"info","message":"USER: User retrieved (Username: nikokomninos)","service":"pachingo","timestamp":"2026-01-17 16:11:11"}
{"level":"info","message":"USER: User retrieved (Username: nikokomninos)","service":"pachingo","timestamp":"2026-01-17 16:11:11"}
{"level":"info","message":"USER: User retrieved (Username: nikokomninos)","service":"pachingo","timestamp":"2026-01-17 16:11:11"}
{"level":"info","message":"USER: User retrieved (Username: nikokomninos)","service":"pachingo","timestamp":"2026-01-17 16:11:11"}
{"level":"info","message":"USER: User retrieved (Username: nikokomninos)","service":"pachingo","timestamp":"2026-01-17 16:11:11"}
{"level":"info","message":"USER: User retrieved (Username: nikokomninos)","service":"pachingo","timestamp":"2026-01-17 16:11:11"}
{"level":"info","message":"USER: User retrieved (Username: nikokomninos)","service":"pachingo","timestamp":"2026-01-17 16:11:11"}
{"level":"info","message":"USER: User retrieved (Username: nikokomninos)","service":"pachingo","timestamp":"2026-01-17 16:11:11"}
{"level":"info","message":"USER: User retrieved (Username: nikokomninos)","service":"pachingo","timestamp":"2026-01-17 16:11:11"}
{"level":"info","message":"USER: User retrieved (Username: nikokomninos)","service":"pachingo","timestamp":"2026-01-17 16:11:11"}
{"level":"info","message":"USER: User retrieved (Username: nikokomninos)","service":"pachingo","timestamp":"2026-01-17 16:11:11"}
{"level":"info","message":"USER: User retrieved (Username: nikokomninos)","service":"pachingo","timestamp":"2026-01-17 16:11:11"}
{"level":"info","message":"USER: User retrieved (Username: nikokomninos)","service":"pachingo","timestamp":"2026-01-17 16:11:11"}
{"level":"info","message":"USER: User retrieved (Username: nikokomninos)","service":"pachingo","timestamp":"2026-01-17 16:11:11"}
{"level":"info","message":"USER: User retrieved (Username: nikokomninos)","service":"pachingo","timestamp":"2026-01-17 16:11:11"}
{"level":"info","message":"USER: User retrieved (Username: nikokomninos)","service":"pachingo","timestamp":"2026-01-17 16:11:11"}
{"level":"info","message":"USER: User retrieved (Username: nikokomninos)","service":"pachingo","timestamp":"2026-01-17 16:11:11"}
{"level":"info","message":"USER: User retrieved (Username: nikokomninos)","service":"pachingo","timestamp":"2026-01-17 16:11:11"}
{"level":"info","message":"USER: User retrieved (Username: nikokomninos)","service":"pachingo","timestamp":"2026-01-17 16:11:11"}
{"level":"info","message":"USER: User retrieved (Username: nikokomninos)","service":"pachingo","timestamp":"2026-01-17 16:11:12"}
{"level":"info","message":"USER: User retrieved (Username: nikokomninos)","service":"pachingo","timestamp":"2026-01-17 16:11:12"}
{"level":"info","message":"USER: User retrieved (Username: nikokomninos)","service":"pachingo","timestamp":"2026-01-17 16:11:12"}
{"level":"info","message":"USER: User retrieved (Username: nikokomninos)","service":"pachingo","timestamp":"2026-01-17 16:11:12"}
{"level":"info","message":"USER: User retrieved (Username: nikokomninos)","service":"pachingo","timestamp":"2026-01-17 16:11:12"}
{"level":"info","message":"USER: User retrieved (Username: nikokomninos)","service":"pachingo","timestamp":"2026-01-17 16:11:12"}
{"level":"info","message":"USER: User retrieved (Username: nikokomninos)","service":"pachingo","timestamp":"2026-01-17 16:11:12"}
{"level":"info","message":"USER: User retrieved (Username: nikokomninos)","service":"pachingo","timestamp":"2026-01-17 16:11:12"}
{"level":"info","message":"USER: User retrieved (Username: nikokomninos)","service":"pachingo","timestamp":"2026-01-17 16:11:12"}
{"level":"info","message":"USER: User retrieved (Username: nikokomninos)","service":"pachingo","timestamp":"2026-01-17 16:11:12"}
{"level":"info","message":"USER: User retrieved (Username: nikokomninos)","service":"pachingo","timestamp":"2026-01-17 16:11:12"}
{"level":"info","message":"USER: User retrieved (Username: nikokomninos)","service":"pachingo","timestamp":"2026-01-17 16:11:12"}
{"level":"info","message":"USER: User retrieved (Username: nikokomninos)","service":"pachingo","timestamp":"2026-01-17 16:11:12"}
{"level":"info","message":"USER: User retrieved (Username: nikokomninos)","service":"pachingo","timestamp":"2026-01-17 16:11:12"}
{"level":"info","message":"USER: User retrieved (Username: nikokomninos)","service":"pachingo","timestamp":"2026-01-17 16:11:12"}
{"level":"info","message":"USER: User retrieved (Username: nikokomninos)","service":"pachingo","timestamp":"2026-01-17 16:11:12"}
{"level":"info","message":"USER: User retrieved (Username: nikokomninos)","service":"pachingo","timestamp":"2026-01-17 16:11:12"}
{"level":"info","message":"USER: User retrieved (Username: nikokomninos)","service":"pachingo","timestamp":"2026-01-17 16:11:13"}
{"level":"info","message":"USER: User retrieved (Username: nikokomninos)","service":"pachingo","timestamp":"2026-01-17 16:11:13"}
{"level":"info","message":"USER: User retrieved (Username: nikokomninos)","service":"pachingo","timestamp":"2026-01-17 16:11:13"}
{"level":"info","message":"USER: User retrieved (Username: nikokomninos)","service":"pachingo","timestamp":"2026-01-17 16:11:13"}
{"level":"info","message":"USER: User retrieved (Username: nikokomninos)","service":"pachingo","timestamp":"2026-01-17 16:11:13"}
{"level":"info","message":"USER: User retrieved (Username: nikokomninos)","service":"pachingo","timestamp":"2026-01-17 16:11:13"}
{"level":"info","message":"USER: User retrieved (Username: nikokomninos)","service":"pachingo","timestamp":"2026-01-17 16:11:13"}
{"level":"info","message":"USER: User retrieved (Username: nikokomninos)","service":"pachingo","timestamp":"2026-01-17 16:11:13"}
{"level":"info","message":"USER: User retrieved (Username: nikokomninos)","service":"pachingo","timestamp":"2026-01-17 16:11:13"}
{"level":"info","message":"USER: User retrieved (Username: nikokomninos)","service":"pachingo","timestamp":"2026-01-17 16:11:13"}
{"level":"info","message":"USER: User retrieved (Username: nikokomninos)","service":"pachingo","timestamp":"2026-01-17 16:11:13"}
{"level":"info","message":"USER: User retrieved (Username: nikokomninos)","service":"pachingo","timestamp":"2026-01-17 16:11:13"}
{"level":"info","message":"USER: User retrieved (Username: nikokomninos)","service":"pachingo","timestamp":"2026-01-17 16:11:13"}
{"level":"info","message":"USER: User retrieved (Username: nikokomninos)","service":"pachingo","timestamp":"2026-01-17 16:11:13"}
{"level":"info","message":"USER: User retrieved (Username: nikokomninos)","service":"pachingo","timestamp":"2026-01-17 16:11:13"}
{"level":"info","message":"USER: User retrieved (Username: nikokomninos)","service":"pachingo","timestamp":"2026-01-17 16:11:13"}
{"level":"info","message":"USER: User retrieved (Username: nikokomninos)","service":"pachingo","timestamp":"2026-01-17 16:11:13"}
{"level":"info","message":"USER: User retrieved (Username: nikokomninos)","service":"pachingo","timestamp":"2026-01-17 16:11:13"}
{"level":"info","message":"USER: User retrieved (Username: nikokomninos)","service":"pachingo","timestamp":"2026-01-17 16:11:14"}
{"level":"info","message":"USER: User retrieved (Username: nikokomninos)","service":"pachingo","timestamp":"2026-01-17 16:11:14"}
{"level":"info","message":"USER: User retrieved (Username: nikokomninos)","service":"pachingo","timestamp":"2026-01-17 16:11:14"}
{"level":"info","message":"USER: User retrieved (Username: nikokomninos)","service":"pachingo","timestamp":"2026-01-17 16:11:14"}
{"level":"info","message":"USER: User retrieved (Username: nikokomninos)","service":"pachingo","timestamp":"2026-01-17 16:11:14"}
{"level":"info","message":"USER: User retrieved (Username: nikokomninos)","service":"pachingo","timestamp":"2026-01-17 16:11:14"}
{"level":"info","message":"USER: User retrieved (Username: nikokomninos)","service":"pachingo","timestamp":"2026-01-17 16:11:14"}
{"level":"info","message":"USER: User retrieved (Username: nikokomninos)","service":"pachingo","timestamp":"2026-01-17 16:11:14"}
{"level":"info","message":"USER: User retrieved (Username: nikokomninos)","service":"pachingo","timestamp":"2026-01-17 16:11:14"}
{"level":"info","message":"USER: User retrieved (Username: nikokomninos)","service":"pachingo","timestamp":"2026-01-17 16:11:14"}
{"level":"info","message":"USER: User retrieved (Username: nikokomninos)","service":"pachingo","timestamp":"2026-01-17 16:11:14"}
{"level":"info","message":"USER: User retrieved (Username: nikokomninos)","service":"pachingo","timestamp":"2026-01-17 16:11:14"}
{"level":"info","message":"USER: User retrieved (Username: nikokomninos)","service":"pachingo","timestamp":"2026-01-17 16:11:14"}
{"level":"info","message":"USER: User retrieved (Username: nikokomninos)","service":"pachingo","timestamp":"2026-01-17 16:11:14"}
{"level":"info","message":"USER: User retrieved (Username: nikokomninos)","service":"pachingo","timestamp":"2026-01-17 16:11:14"}
{"level":"info","message":"USER: User retrieved (Username: nikokomninos)","service":"pachingo","timestamp":"2026-01-17 16:11:15"}
{"level":"info","message":"USER: User retrieved (Username: nikokomninos)","service":"pachingo","timestamp":"2026-01-17 16:11:15"}
{"level":"info","message":"USER: User retrieved (Username: nikokomninos)","service":"pachingo","timestamp":"2026-01-17 16:11:15"}
{"level":"info","message":"USER: User retrieved (Username: nikokomninos)","service":"pachingo","timestamp":"2026-01-17 16:11:15"}
{"level":"info","message":"USER: User retrieved (Username: nikokomninos)","service":"pachingo","timestamp":"2026-01-17 16:11:15"}
{"level":"info","message":"USER: User retrieved (Username: nikokomninos)","service":"pachingo","timestamp":"2026-01-17 16:11:15"}
{"level":"info","message":"USER: User retrieved (Username: nikokomninos)","service":"pachingo","timestamp":"2026-01-17 16:11:15"}
{"level":"info","message":"USER: User retrieved (Username: nikokomninos)","service":"pachingo","timestamp":"2026-01-17 16:11:15"}
{"level":"info","message":"USER: User retrieved (Username: nikokomninos)","service":"pachingo","timestamp":"2026-01-17 16:11:15"}
{"level":"info","message":"USER: User retrieved (Username: nikokomninos)","service":"pachingo","timestamp":"2026-01-17 16:11:15"}
{"level":"info","message":"USER: User retrieved (Username: nikokomninos)","service":"pachingo","timestamp":"2026-01-17 16:11:15"}
{"level":"info","message":"USER: User retrieved (Username: nikokomninos)","service":"pachingo","timestamp":"2026-01-17 16:11:15"}
{"level":"info","message":"USER: User retrieved (Username: nikokomninos)","service":"pachingo","timestamp":"2026-01-17 16:11:15"}
{"level":"info","message":"USER: User retrieved (Username: nikokomninos)","service":"pachingo","timestamp":"2026-01-17 16:11:15"}
{"level":"info","message":"USER: User retrieved (Username: nikokomninos)","service":"pachingo","timestamp":"2026-01-17 16:11:15"}
{"level":"info","message":"USER: User retrieved (Username: nikokomninos)","service":"pachingo","timestamp":"2026-01-17 16:11:15"}
{"level":"info","message":"USER: User retrieved (Username: nikokomninos)","service":"pachingo","timestamp":"2026-01-17 16:11:15"}
{"level":"info","message":"USER: User retrieved (Username: nikokomninos)","service":"pachingo","timestamp":"2026-01-17 16:11:15"}
{"level":"info","message":"USER: User retrieved (Username: nikokomninos)","service":"pachingo","timestamp":"2026-01-17 16:11:15"}
{"level":"info","message":"USER: User retrieved (Username: nikokomninos)","service":"pachingo","timestamp":"2026-01-17 16:11:15"}
{"level":"info","message":"USER: User retrieved (Username: nikokomninos)","service":"pachingo","timestamp":"2026-01-17 16:11:16"}
{"level":"info","message":"USER: User retrieved (Username: nikokomninos)","service":"pachingo","timestamp":"2026-01-17 16:11:16"}
{"level":"info","message":"USER: User retrieved (Username: nikokomninos)","service":"pachingo","timestamp":"2026-01-17 16:11:16"}
{"level":"info","message":"USER: User retrieved (Username: nikokomninos)","service":"pachingo","timestamp":"2026-01-17 16:11:16"}
{"level":"info","message":"USER: User retrieved (Username: nikokomninos)","service":"pachingo","timestamp":"2026-01-17 16:11:16"}
{"level":"info","message":"USER: User retrieved (Username: nikokomninos)","service":"pachingo","timestamp":"2026-01-17 16:11:16"}
{"level":"info","message":"USER: User retrieved (Username: nikokomninos)","service":"pachingo","timestamp":"2026-01-17 16:11:16"}
{"level":"info","message":"USER: User retrieved (Username: nikokomninos)","service":"pachingo","timestamp":"2026-01-17 16:11:16"}
{"level":"info","message":"USER: User retrieved (Username: nikokomninos)","service":"pachingo","timestamp":"2026-01-17 16:11:16"}
{"level":"info","message":"USER: User retrieved (Username: nikokomninos)","service":"pachingo","timestamp":"2026-01-17 16:11:16"}
{"level":"info","message":"USER: User retrieved (Username: nikokomninos)","service":"pachingo","timestamp":"2026-01-17 16:11:16"}
{"level":"info","message":"USER: User retrieved (Username: nikokomninos)","service":"pachingo","timestamp":"2026-01-17 16:11:16"}
{"level":"info","message":"USER: User retrieved (Username: nikokomninos)","service":"pachingo","timestamp":"2026-01-17 16:11:16"}
{"level":"info","message":"USER: User retrieved (Username: nikokomninos)","service":"pachingo","timestamp":"2026-01-17 16:11:16"}
{"level":"info","message":"USER: User retrieved (Username: nikokomninos)","service":"pachingo","timestamp":"2026-01-17 16:11:16"}
{"level":"info","message":"USER: User retrieved (Username: nikokomninos)","service":"pachingo","timestamp":"2026-01-17 16:11:16"}
{"level":"info","message":"USER: User retrieved (Username: nikokomninos)","service":"pachingo","timestamp":"2026-01-17 16:11:16"}
{"level":"info","message":"USER: User retrieved (Username: nikokomninos)","service":"pachingo","timestamp":"2026-01-17 16:11:16"}
{"level":"info","message":"USER: User retrieved (Username: nikokomninos)","service":"pachingo","timestamp":"2026-01-17 16:11:16"}
{"level":"info","message":"USER: User retrieved (Username: nikokomninos)","service":"pachingo","timestamp":"2026-01-17 16:11:17"}
{"level":"info","message":"USER: User retrieved (Username: nikokomninos)","service":"pachingo","timestamp":"2026-01-17 16:11:17"}
{"level":"info","message":"USER: User retrieved (Username: nikokomninos)","service":"pachingo","timestamp":"2026-01-17 16:11:17"}
{"level":"info","message":"USER: User retrieved (Username: nikokomninos)","service":"pachingo","timestamp":"2026-01-17 16:11:17"}
{"level":"info","message":"USER: User retrieved (Username: nikokomninos)","service":"pachingo","timestamp":"2026-01-17 16:11:17"}
{"level":"info","message":"USER: User retrieved (Username: nikokomninos)","service":"pachingo","timestamp":"2026-01-17 16:11:17"}
{"level":"info","message":"USER: User retrieved (Username: nikokomninos)","service":"pachingo","timestamp":"2026-01-17 16:11:17"}
{"level":"info","message":"USER: User retrieved (Username: nikokomninos)","service":"pachingo","timestamp":"2026-01-17 16:11:17"}
{"level":"info","message":"USER: User retrieved (Username: nikokomninos)","service":"pachingo","timestamp":"2026-01-17 16:11:17"}
{"level":"info","message":"USER: User retrieved (Username: nikokomninos)","service":"pachingo","timestamp":"2026-01-17 16:11:17"}
{"level":"info","message":"USER: User retrieved (Username: nikokomninos)","service":"pachingo","timestamp":"2026-01-17 16:11:17"}
{"level":"info","message":"USER: User retrieved (Username: nikokomninos)","service":"pachingo","timestamp":"2026-01-17 16:11:17"}
{"level":"info","message":"USER: User retrieved (Username: nikokomninos)","service":"pachingo","timestamp":"2026-01-17 16:11:17"}
{"level":"info","message":"USER: User retrieved (Username: nikokomninos)","service":"pachingo","timestamp":"2026-01-17 16:11:17"}
{"level":"info","message":"USER: User retrieved (Username: nikokomninos)","service":"pachingo","timestamp":"2026-01-17 16:11:17"}
{"level":"info","message":"USER: User retrieved (Username: nikokomninos)","service":"pachingo","timestamp":"2026-01-17 16:11:17"}
{"level":"info","message":"USER: User retrieved (Username: nikokomninos)","service":"pachingo","timestamp":"2026-01-17 16:11:17"}
{"level":"info","message":"USER: User retrieved (Username: nikokomninos)","service":"pachingo","timestamp":"2026-01-17 16:11:17"}
{"level":"info","message":"USER: User retrieved (Username: nikokomninos)","service":"pachingo","timestamp":"2026-01-17 16:11:17"}
{"level":"info","message":"USER: User retrieved (Username: nikokomninos)","service":"pachingo","timestamp":"2026-01-17 16:11:17"}
{"level":"info","message":"USER: User retrieved (Username: nikokomninos)","service":"pachingo","timestamp":"2026-01-17 16:11:18"}
{"level":"info","message":"USER: User retrieved (Username: nikokomninos)","service":"pachingo","timestamp":"2026-01-17 16:11:18"}
{"level":"info","message":"USER: User retrieved (Username: nikokomninos)","service":"pachingo","timestamp":"2026-01-17 16:11:18"}
{"level":"info","message":"USER: User retrieved (Username: nikokomninos)","service":"pachingo","timestamp":"2026-01-17 16:11:18"}
{"level":"info","message":"USER: User retrieved (Username: nikokomninos)","service":"pachingo","timestamp":"2026-01-17 16:11:18"}
{"level":"info","message":"USER: User retrieved (Username: nikokomninos)","service":"pachingo","timestamp":"2026-01-17 16:11:18"}
{"level":"info","message":"USER: User retrieved (Username: nikokomninos)","service":"pachingo","timestamp":"2026-01-17 16:11:18"}
{"level":"info","message":"USER: User retrieved (Username: nikokomninos)","service":"pachingo","timestamp":"2026-01-17 16:11:18"}
{"level":"info","message":"USER: User retrieved (Username: nikokomninos)","service":"pachingo","timestamp":"2026-01-17 16:11:18"}
{"level":"info","message":"USER: User retrieved (Username: nikokomninos)","service":"pachingo","timestamp":"2026-01-17 16:11:18"}
{"level":"info","message":"USER: User retrieved (Username: nikokomninos)","service":"pachingo","timestamp":"2026-01-17 16:11:18"}
{"level":"info","message":"USER: User retrieved (Username: nikokomninos)","service":"pachingo","timestamp":"2026-01-17 16:11:18"}
{"level":"info","message":"USER: User retrieved (Username: nikokomninos)","service":"pachingo","timestamp":"2026-01-17 16:11:18"}
{"level":"info","message":"USER: User retrieved (Username: nikokomninos)","service":"pachingo","timestamp":"2026-01-17 16:11:18"}
{"level":"info","message":"USER: User retrieved (Username: nikokomninos)","service":"pachingo","timestamp":"2026-01-17 16:11:18"}
{"level":"info","message":"USER: User retrieved (Username: nikokomninos)","service":"pachingo","timestamp":"2026-01-17 16:11:18"}
{"level":"info","message":"USER: User retrieved (Username: nikokomninos)","service":"pachingo","timestamp":"2026-01-17 16:11:18"}
{"level":"info","message":"USER: User retrieved (Username: nikokomninos)","service":"pachingo","timestamp":"2026-01-17 16:11:19"}
{"level":"info","message":"USER: User retrieved (Username: nikokomninos)","service":"pachingo","timestamp":"2026-01-17 16:11:19"}
{"level":"info","message":"USER: User retrieved (Username: nikokomninos)","service":"pachingo","timestamp":"2026-01-17 16:11:19"}
{"level":"info","message":"USER: User retrieved (Username: nikokomninos)","service":"pachingo","timestamp":"2026-01-17 16:11:19"}
{"level":"info","message":"USER: User retrieved (Username: nikokomninos)","service":"pachingo","timestamp":"2026-01-17 16:11:19"}
{"level":"info","message":"USER: User retrieved (Username: nikokomninos)","service":"pachingo","timestamp":"2026-01-17 16:11:19"}
{"level":"info","message":"USER: User retrieved (Username: nikokomninos)","service":"pachingo","timestamp":"2026-01-17 16:11:19"}
{"level":"info","message":"USER: User retrieved (Username: nikokomninos)","service":"pachingo","timestamp":"2026-01-17 16:11:19"}
{"level":"info","message":"USER: User retrieved (Username: nikokomninos)","service":"pachingo","timestamp":"2026-01-17 16:11:19"}
{"level":"info","message":"USER: User retrieved (Username: nikokomninos)","service":"pachingo","timestamp":"2026-01-17 16:11:19"}
{"level":"info","message":"USER: User retrieved (Username: nikokomninos)","service":"pachingo","timestamp":"2026-01-17 16:11:19"}
{"level":"info","message":"USER: User retrieved (Username: nikokomninos)","service":"pachingo","timestamp":"2026-01-17 16:11:19"}
{"level":"info","message":"USER: User retrieved (Username: nikokomninos)","service":"pachingo","timestamp":"2026-01-17 16:11:19"}
{"level":"info","message":"USER: User retrieved (Username: nikokomninos)","service":"pachingo","timestamp":"2026-01-17 16:11:19"}
{"level":"info","message":"USER: User retrieved (Username: nikokomninos)","service":"pachingo","timestamp":"2026-01-17 16:11:19"}
{"level":"info","message":"USER: User retrieved (Username: nikokomninos)","service":"pachingo","timestamp":"2026-01-17 16:11:19"}
{"level":"info","message":"USER: User retrieved (Username: nikokomninos)","service":"pachingo","timestamp":"2026-01-17 16:11:20"}
{"level":"info","message":"USER: User retrieved (Username: nikokomninos)","service":"pachingo","timestamp":"2026-01-17 16:11:20"}
{"level":"info","message":"USER: User retrieved (Username: nikokomninos)","service":"pachingo","timestamp":"2026-01-17 16:11:20"}
{"level":"info","message":"USER: User retrieved (Username: nikokomninos)","service":"pachingo","timestamp":"2026-01-17 16:11:20"}
{"level":"info","message":"USER: User retrieved (Username: nikokomninos)","service":"pachingo","timestamp":"2026-01-17 16:11:20"}
{"level":"info","message":"USER: User retrieved (Username: nikokomninos)","service":"pachingo","timestamp":"2026-01-17 16:11:20"}
{"level":"info","message":"USER: User retrieved (Username: nikokomninos)","service":"pachingo","timestamp":"2026-01-17 16:11:20"}
{"level":"info","message":"USER: User retrieved (Username: nikokomninos)","service":"pachingo","timestamp":"2026-01-17 16:11:20"}
{"level":"info","message":"USER: User retrieved (Username: nikokomninos)","service":"pachingo","timestamp":"2026-01-17 16:11:20"}
{"level":"info","message":"USER: User retrieved (Username: nikokomninos)","service":"pachingo","timestamp":"2026-01-17 16:11:20"}
{"level":"info","message":"USER: User retrieved (Username: nikokomninos)","service":"pachingo","timestamp":"2026-01-17 16:11:20"}
{"level":"info","message":"USER: User retrieved (Username: nikokomninos)","service":"pachingo","timestamp":"2026-01-17 16:11:20"}
{"level":"info","message":"USER: User retrieved (Username: nikokomninos)","service":"pachingo","timestamp":"2026-01-17 16:11:20"}
{"level":"info","message":"USER: User retrieved (Username: nikokomninos)","service":"pachingo","timestamp":"2026-01-17 16:11:20"}
{"level":"info","message":"USER: User retrieved (Username: nikokomninos)","service":"pachingo","timestamp":"2026-01-17 16:11:20"}
{"level":"info","message":"USER: User retrieved (Username: nikokomninos)","service":"pachingo","timestamp":"2026-01-17 16:11:20"}
{"level":"info","message":"USER: User retrieved (Username: nikokomninos)","service":"pachingo","timestamp":"2026-01-17 16:11:21"}
{"level":"info","message":"USER: User retrieved (Username: nikokomninos)","service":"pachingo","timestamp":"2026-01-17 16:11:21"}
{"level":"info","message":"USER: User retrieved (Username: nikokomninos)","service":"pachingo","timestamp":"2026-01-17 16:11:21"}
{"level":"info","message":"USER: User retrieved (Username: nikokomninos)","service":"pachingo","timestamp":"2026-01-17 16:11:21"}
{"level":"info","message":"USER: User retrieved (Username: nikokomninos)","service":"pachingo","timestamp":"2026-01-17 16:11:21"}
{"level":"info","message":"USER: User retrieved (Username: nikokomninos)","service":"pachingo","timestamp":"2026-01-17 16:11:21"}
{"level":"info","message":"USER: User retrieved (Username: nikokomninos)","service":"pachingo","timestamp":"2026-01-17 16:11:21"}
{"level":"info","message":"USER: User retrieved (Username: nikokomninos)","service":"pachingo","timestamp":"2026-01-17 16:11:21"}
{"level":"info","message":"USER: User retrieved (Username: nikokomninos)","service":"pachingo","timestamp":"2026-01-17 16:11:21"}
{"level":"info","message":"USER: User retrieved (Username: nikokomninos)","service":"pachingo","timestamp":"2026-01-17 16:11:22"}
{"level":"info","message":"USER: User retrieved (Username: nikokomninos)","service":"pachingo","timestamp":"2026-01-17 16:11:22"}
{"level":"info","message":"USER: User retrieved (Username: nikokomninos)","service":"pachingo","timestamp":"2026-01-17 16:11:22"}
{"level":"info","message":"USER: User retrieved (Username: nikokomninos)","service":"pachingo","timestamp":"2026-01-17 16:11:22"}
{"level":"info","message":"USER: User retrieved (Username: nikokomninos)","service":"pachingo","timestamp":"2026-01-17 16:11:22"}
{"level":"info","message":"USER: User retrieved (Username: nikokomninos)","service":"pachingo","timestamp":"2026-01-17 16:11:22"}
{"level":"info","message":"USER: User retrieved (Username: nikokomninos)","service":"pachingo","timestamp":"2026-01-17 16:11:22"}
{"level":"info","message":"USER: User retrieved (Username: nikokomninos)","service":"pachingo","timestamp":"2026-01-17 16:11:22"}
{"level":"info","message":"USER: User retrieved (Username: nikokomninos)","service":"pachingo","timestamp":"2026-01-17 16:11:22"}
{"level":"info","message":"USER: User retrieved (Username: nikokomninos)","service":"pachingo","timestamp":"2026-01-17 16:11:22"}
{"level":"info","message":"USER: User retrieved (Username: nikokomninos)","service":"pachingo","timestamp":"2026-01-17 16:11:23"}
{"level":"info","message":"USER: User retrieved (Username: nikokomninos)","service":"pachingo","timestamp":"2026-01-17 16:11:23"}
{"level":"info","message":"USER: User retrieved (Username: nikokomninos)","service":"pachingo","timestamp":"2026-01-17 16:11:23"}
{"level":"info","message":"USER: User retrieved (Username: nikokomninos)","service":"pachingo","timestamp":"2026-01-17 16:11:23"}
{"level":"info","message":"USER: User retrieved (Username: nikokomninos)","service":"pachingo","timestamp":"2026-01-17 16:11:23"}
{"level":"info","message":"USER: User retrieved (Username: nikokomninos)","service":"pachingo","timestamp":"2026-01-17 16:11:23"}
{"level":"info","message":"USER: User retrieved (Username: nikokomninos)","service":"pachingo","timestamp":"2026-01-17 16:11:23"}
{"level":"info","message":"USER: User retrieved (Username: nikokomninos)","service":"pachingo","timestamp":"2026-01-17 16:11:23"}
{"level":"info","message":"USER: User retrieved (Username: nikokomninos)","service":"pachingo","timestamp":"2026-01-17 16:11:23"}
{"level":"info","message":"USER: User retrieved (Username: nikokomninos)","service":"pachingo","timestamp":"2026-01-17 16:11:24"}
{"level":"info","message":"USER: User retrieved (Username: nikokomninos)","service":"pachingo","timestamp":"2026-01-17 16:11:24"}
{"level":"info","message":"USER: User retrieved (Username: nikokomninos)","service":"pachingo","timestamp":"2026-01-17 16:11:24"}
{"level":"info","message":"USER: User retrieved (Username: nikokomninos)","service":"pachingo","timestamp":"2026-01-17 16:11:24"}
{"level":"info","message":"USER: User retrieved (Username: nikokomninos)","service":"pachingo","timestamp":"2026-01-17 16:11:24"}
{"level":"info","message":"USER: User retrieved (Username: nikokomninos)","service":"pachingo","timestamp":"2026-01-17 16:11:24"}
{"level":"info","message":"USER: User retrieved (Username: nikokomninos)","service":"pachingo","timestamp":"2026-01-17 16:11:24"}
{"level":"info","message":"USER: User retrieved (Username: nikokomninos)","service":"pachingo","timestamp":"2026-01-17 16:11:24"}
{"level":"info","message":"USER: User retrieved (Username: nikokomninos)","service":"pachingo","timestamp":"2026-01-17 16:11:24"}
{"level":"info","message":"USER: User retrieved (Username: nikokomninos)","service":"pachingo","timestamp":"2026-01-17 16:11:24"}
{"level":"info","message":"USER: User retrieved (Username: nikokomninos)","service":"pachingo","timestamp":"2026-01-17 16:11:24"}
{"level":"info","message":"USER: User retrieved (Username: nikokomninos)","service":"pachingo","timestamp":"2026-01-17 16:11:24"}
{"level":"info","message":"USER: User retrieved (Username: nikokomninos)","service":"pachingo","timestamp":"2026-01-17 16:11:24"}
{"level":"info","message":"USER: User retrieved (Username: nikokomninos)","service":"pachingo","timestamp":"2026-01-17 16:11:25"}
{"level":"info","message":"USER: User retrieved (Username: nikokomninos)","service":"pachingo","timestamp":"2026-01-17 16:11:25"}
{"level":"info","message":"USER: User retrieved (Username: nikokomninos)","service":"pachingo","timestamp":"2026-01-17 16:11:25"}
{"level":"info","message":"USER: User retrieved (Username: nikokomninos)","service":"pachingo","timestamp":"2026-01-17 16:11:25"}
{"level":"info","message":"USER: User retrieved (Username: nikokomninos)","service":"pachingo","timestamp":"2026-01-17 16:11:25"}
{"level":"info","message":"USER: User retrieved (Username: nikokomninos)","service":"pachingo","timestamp":"2026-01-17 16:11:25"}
{"level":"info","message":"USER: User retrieved (Username: nikokomninos)","service":"pachingo","timestamp":"2026-01-17 16:11:25"}
{"level":"info","message":"USER: User retrieved (Username: nikokomninos)","service":"pachingo","timestamp":"2026-01-17 16:11:25"}
{"level":"info","message":"USER: User retrieved (Username: nikokomninos)","service":"pachingo","timestamp":"2026-01-17 16:11:25"}
{"level":"info","message":"USER: User retrieved (Username: nikokomninos)","service":"pachingo","timestamp":"2026-01-17 16:11:25"}
{"level":"info","message":"USER: User retrieved (Username: nikokomninos)","service":"pachingo","timestamp":"2026-01-17 16:11:25"}
{"level":"info","message":"SEARCH: Most recent levels retrieved","service":"pachingo","timestamp":"2026-01-17 16:11:26"}
{"level":"info","message":"USER: User retrieved (Username: nikokomninos)","service":"pachingo","timestamp":"2026-01-17 16:11:28"}
{"level":"info","message":"USER: User retrieved (Username: nikokomninos)","service":"pachingo","timestamp":"2026-01-17 16:11:28"}
{"level":"info","message":"USER: User retrieved (Username: nikokomninos)","service":"pachingo","timestamp":"2026-01-17 16:11:28"}
{"level":"info","message":"USER: User retrieved (Username: nikokomninos)","service":"pachingo","timestamp":"2026-01-17 16:11:28"}
{"level":"info","message":"USER: User retrieved (Username: nikokomninos)","service":"pachingo","timestamp":"2026-01-17 16:11:28"}
{"level":"info","message":"USER: User retrieved (Username: nikokomninos)","service":"pachingo","timestamp":"2026-01-17 16:11:28"}
{"level":"info","message":"USER: User retrieved (Username: nikokomninos)","service":"pachingo","timestamp":"2026-01-17 16:11:28"}
{"level":"info","message":"USER: User retrieved (Username: nikokomninos)","service":"pachingo","timestamp":"2026-01-17 16:11:28"}
{"level":"info","message":"USER: User retrieved (Username: nikokomninos)","service":"pachingo","timestamp":"2026-01-17 16:11:28"}
{"level":"info","message":"USER: User retrieved (Username: nikokomninos)","service":"pachingo","timestamp":"2026-01-17 16:11:29"}
{"level":"info","message":"USER: User retrieved (Username: nikokomninos)","service":"pachingo","timestamp":"2026-01-17 16:11:29"}
{"level":"info","message":"USER: User retrieved (Username: nikokomninos)","service":"pachingo","timestamp":"2026-01-17 16:11:29"}
{"level":"info","message":"USER: User retrieved (Username: nikokomninos)","service":"pachingo","timestamp":"2026-01-17 16:11:29"}
{"level":"info","message":"USER: User retrieved (Username: nikokomninos)","service":"pachingo","timestamp":"2026-01-17 16:11:29"}
{"level":"info","message":"USER: User retrieved (Username: nikokomninos)","service":"pachingo","timestamp":"2026-01-17 16:11:29"}
{"level":"info","message":"USER: User retrieved (Username: nikokomninos)","service":"pachingo","timestamp":"2026-01-17 16:11:29"}
{"level":"info","message":"USER: User retrieved (Username: nikokomninos)","service":"pachingo","timestamp":"2026-01-17 16:11:29"}
{"level":"info","message":"USER: User retrieved (Username: nikokomninos)","service":"pachingo","timestamp":"2026-01-17 16:11:29"}
{"level":"info","message":"USER: User retrieved (Username: nikokomninos)","service":"pachingo","timestamp":"2026-01-17 16:11:29"}
{"level":"info","message":"USER: User retrieved (Username: nikokomninos)","service":"pachingo","timestamp":"2026-01-17 16:11:30"}
{"level":"info","message":"USER: User retrieved (Username: nikokomninos)","service":"pachingo","timestamp":"2026-01-17 16:11:30"}
{"level":"info","message":"USER: User retrieved (Username: nikokomninos)","service":"pachingo","timestamp":"2026-01-17 16:11:30"}
{"level":"info","message":"USER: User retrieved (Username: nikokomninos)","service":"pachingo","timestamp":"2026-01-17 16:11:30"}
{"level":"info","message":"USER: User retrieved (Username: nikokomninos)","service":"pachingo","timestamp":"2026-01-17 16:11:30"}
{"level":"info","message":"USER: User retrieved (Username: nikokomninos)","service":"pachingo","timestamp":"2026-01-17 16:11:30"}
{"level":"info","message":"USER: User retrieved (Username: nikokomninos)","service":"pachingo","timestamp":"2026-01-17 16:11:30"}
{"level":"info","message":"USER: User retrieved (Username: nikokomninos)","service":"pachingo","timestamp":"2026-01-17 16:11:30"}
{"level":"info","message":"USER: User retrieved (Username: nikokomninos)","service":"pachingo","timestamp":"2026-01-17 16:11:31"}
{"level":"info","message":"USER: User retrieved (Username: nikokomninos)","service":"pachingo","timestamp":"2026-01-17 16:11:31"}
{"level":"info","message":"USER: User retrieved (Username: nikokomninos)","service":"pachingo","timestamp":"2026-01-17 16:11:31"}
{"level":"info","message":"USER: User retrieved (Username: nikokomninos)","service":"pachingo","timestamp":"2026-01-17 16:11:31"}
{"level":"info","message":"USER: User retrieved (Username: nikokomninos)","service":"pachingo","timestamp":"2026-01-17 16:11:31"}
{"level":"info","message":"USER: User retrieved (Username: nikokomninos)","service":"pachingo","timestamp":"2026-01-17 16:11:31"}
{"level":"info","message":"USER: User retrieved (Username: nikokomninos)","service":"pachingo","timestamp":"2026-01-17 16:11:31"}
{"level":"info","message":"USER: User retrieved (Username: nikokomninos)","service":"pachingo","timestamp":"2026-01-17 16:11:31"}
{"level":"info","message":"USER: User retrieved (Username: nikokomninos)","service":"pachingo","timestamp":"2026-01-17 16:11:31"}
{"level":"info","message":"USER: User retrieved (Username: nikokomninos)","service":"pachingo","timestamp":"2026-01-17 16:11:32"}
{"level":"info","message":"USER: User retrieved (Username: nikokomninos)","service":"pachingo","timestamp":"2026-01-17 16:11:32"}
{"level":"info","message":"USER: User retrieved (Username: nikokomninos)","service":"pachingo","timestamp":"2026-01-17 16:11:32"}
{"level":"info","message":"USER: User retrieved (Username: nikokomninos)","service":"pachingo","timestamp":"2026-01-17 16:11:32"}
{"level":"info","message":"USER: User retrieved (Username: nikokomninos)","service":"pachingo","timestamp":"2026-01-17 16:11:32"}
{"level":"info","message":"USER: User retrieved (Username: nikokomninos)","service":"pachingo","timestamp":"2026-01-17 16:11:32"}
{"level":"info","message":"USER: User retrieved (Username: nikokomninos)","service":"pachingo","timestamp":"2026-01-17 16:11:32"}
{"level":"info","message":"USER: User retrieved (Username: nikokomninos)","service":"pachingo","timestamp":"2026-01-17 16:11:32"}
{"level":"info","message":"USER: User retrieved (Username: nikokomninos)","service":"pachingo","timestamp":"2026-01-17 16:11:32"}
{"level":"info","message":"USER: User retrieved (Username: nikokomninos)","service":"pachingo","timestamp":"2026-01-17 16:11:32"}
{"level":"info","message":"USER: User retrieved (Username: nikokomninos)","service":"pachingo","timestamp":"2026-01-17 16:11:33"}
{"level":"info","message":"USER: User retrieved (Username: nikokomninos)","service":"pachingo","timestamp":"2026-01-17 16:11:33"}
{"level":"info","message":"USER: User retrieved (Username: nikokomninos)","service":"pachingo","timestamp":"2026-01-17 16:11:33"}
{"level":"info","message":"USER: User retrieved (Username: nikokomninos)","service":"pachingo","timestamp":"2026-01-17 16:11:33"}
{"level":"info","message":"USER: User retrieved (Username: nikokomninos)","service":"pachingo","timestamp":"2026-01-17 16:11:33"}
{"level":"info","message":"USER: User retrieved (Username: nikokomninos)","service":"pachingo","timestamp":"2026-01-17 16:11:33"}
{"level":"info","message":"USER: User retrieved (Username: nikokomninos)","service":"pachingo","timestamp":"2026-01-17 16:11:34"}
{"level":"info","message":"USER: User retrieved (Username: nikokomninos)","service":"pachingo","timestamp":"2026-01-17 16:11:34"}
{"level":"info","message":"USER: User retrieved (Username: nikokomninos)","service":"pachingo","timestamp":"2026-01-17 16:11:34"}
{"level":"info","message":"USER: User retrieved (Username: nikokomninos)","service":"pachingo","timestamp":"2026-01-17 16:11:34"}
{"level":"info","message":"USER: User retrieved (Username: nikokomninos)","service":"pachingo","timestamp":"2026-01-17 16:11:34"}
{"level":"info","message":"USER: User retrieved (Username: nikokomninos)","service":"pachingo","timestamp":"2026-01-17 16:11:34"}
{"level":"info","message":"USER: User retrieved (Username: nikokomninos)","service":"pachingo","timestamp":"2026-01-17 16:11:34"}
{"level":"info","message":"USER: User retrieved (Username: nikokomninos)","service":"pachingo","timestamp":"2026-01-17 16:11:34"}
{"level":"info","message":"USER: User retrieved (Username: nikokomninos)","service":"pachingo","timestamp":"2026-01-17 16:11:34"}
{"level":"info","message":"USER: User retrieved (Username: nikokomninos)","service":"pachingo","timestamp":"2026-01-17 16:11:35"}
{"level":"info","message":"USER: User retrieved (Username: nikokomninos)","service":"pachingo","timestamp":"2026-01-17 16:11:35"}
{"level":"info","message":"USER: User retrieved (Username: nikokomninos)","service":"pachingo","timestamp":"2026-01-17 16:11:35"}
{"level":"info","message":"USER: User retrieved (Username: nikokomninos)","service":"pachingo","timestamp":"2026-01-17 16:11:35"}
{"level":"info","message":"USER: User retrieved (Username: nikokomninos)","service":"pachingo","timestamp":"2026-01-17 16:11:35"}
{"level":"info","message":"USER: User retrieved (Username: nikokomninos)","service":"pachingo","timestamp":"2026-01-17 16:11:35"}
{"level":"info","message":"USER: User retrieved (Username: nikokomninos)","service":"pachingo","timestamp":"2026-01-17 16:11:35"}
{"level":"info","message":"USER: User retrieved (Username: nikokomninos)","service":"pachingo","timestamp":"2026-01-17 16:11:35"}
{"level":"info","message":"USER: User retrieved (Username: nikokomninos)","service":"pachingo","timestamp":"2026-01-17 16:11:35"}
{"level":"info","message":"USER: User retrieved (Username: nikokomninos)","service":"pachingo","timestamp":"2026-01-17 16:11:36"}
{"level":"info","message":"USER: User retrieved (Username: nikokomninos)","service":"pachingo","timestamp":"2026-01-17 16:11:36"}
{"level":"info","message":"USER: User retrieved (Username: nikokomninos)","service":"pachingo","timestamp":"2026-01-17 16:11:36"}
{"level":"info","message":"USER: User retrieved (Username: nikokomninos)","service":"pachingo","timestamp":"2026-01-17 16:11:36"}
{"level":"info","message":"USER: User retrieved (Username: nikokomninos)","service":"pachingo","timestamp":"2026-01-17 16:11:36"}
{"level":"info","message":"USER: User retrieved (Username: nikokomninos)","service":"pachingo","timestamp":"2026-01-17 16:11:36"}
{"level":"info","message":"USER: User retrieved (Username: nikokomninos)","service":"pachingo","timestamp":"2026-01-17 16:11:36"}
{"level":"info","message":"USER: User retrieved (Username: nikokomninos)","service":"pachingo","timestamp":"2026-01-17 16:11:36"}
{"level":"info","message":"USER: User retrieved (Username: nikokomninos)","service":"pachingo","timestamp":"2026-01-17 16:11:36"}
{"level":"info","message":"USER: User retrieved (Username: nikokomninos)","service":"pachingo","timestamp":"2026-01-17 16:11:36"}
{"level":"info","message":"USER: User retrieved (Username: nikokomninos)","service":"pachingo","timestamp":"2026-01-17 16:11:37"}
{"level":"info","message":"USER: User retrieved (Username: nikokomninos)","service":"pachingo","timestamp":"2026-01-17 16:11:37"}
{"level":"info","message":"USER: User retrieved (Username: nikokomninos)","service":"pachingo","timestamp":"2026-01-17 16:11:37"}
{"level":"info","message":"USER: User retrieved (Username: nikokomninos)","service":"pachingo","timestamp":"2026-01-17 16:11:37"}
{"level":"info","message":"USER: User retrieved (Username: nikokomninos)","service":"pachingo","timestamp":"2026-01-17 16:11:37"}
{"level":"info","message":"USER: User retrieved (Username: nikokomninos)","service":"pachingo","timestamp":"2026-01-17 16:11:37"}
{"level":"info","message":"USER: User retrieved (Username: nikokomninos)","service":"pachingo","timestamp":"2026-01-17 16:11:37"}
{"level":"info","message":"USER: User retrieved (Username: nikokomninos)","service":"pachingo","timestamp":"2026-01-17 16:11:37"}
{"level":"info","message":"USER: User retrieved (Username: nikokomninos)","service":"pachingo","timestamp":"2026-01-17 16:11:37"}
{"level":"info","message":"USER: User retrieved (Username: nikokomninos)","service":"pachingo","timestamp":"2026-01-17 16:11:37"}
{"level":"info","message":"USER: User retrieved (Username: nikokomninos)","service":"pachingo","timestamp":"2026-01-17 16:11:38"}
{"level":"info","message":"USER: User retrieved (Username: nikokomninos)","service":"pachingo","timestamp":"2026-01-17 16:11:38"}
{"level":"info","message":"USER: User retrieved (Username: nikokomninos)","service":"pachingo","timestamp":"2026-01-17 16:11:38"}
{"level":"info","message":"USER: User retrieved (Username: nikokomninos)","service":"pachingo","timestamp":"2026-01-17 16:11:38"}
{"level":"info","message":"USER: User retrieved (Username: nikokomninos)","service":"pachingo","timestamp":"2026-01-17 16:11:38"}
{"level":"info","message":"USER: User retrieved (Username: nikokomninos)","service":"pachingo","timestamp":"2026-01-17 16:11:38"}
{"level":"info","message":"USER: User retrieved (Username: nikokomninos)","service":"pachingo","timestamp":"2026-01-17 16:11:38"}
{"level":"info","message":"USER: User retrieved (Username: nikokomninos)","service":"pachingo","timestamp":"2026-01-17 16:11:38"}
{"level":"info","message":"USER: User retrieved (Username: nikokomninos)","service":"pachingo","timestamp":"2026-01-17 16:11:38"}
{"level":"info","message":"USER: User retrieved (Username: nikokomninos)","service":"pachingo","timestamp":"2026-01-17 16:11:39"}
{"level":"info","message":"USER: User retrieved (Username: nikokomninos)","service":"pachingo","timestamp":"2026-01-17 16:11:39"}
{"level":"info","message":"USER: User retrieved (Username: nikokomninos)","service":"pachingo","timestamp":"2026-01-17 16:11:39"}
{"level":"info","message":"USER: User retrieved (Username: nikokomninos)","service":"pachingo","timestamp":"2026-01-17 16:11:39"}
{"level":"info","message":"USER: User retrieved (Username: nikokomninos)","service":"pachingo","timestamp":"2026-01-17 16:11:39"}
{"level":"info","message":"USER: User retrieved (Username: nikokomninos)","service":"pachingo","timestamp":"2026-01-17 16:11:39"}
{"level":"info","message":"USER: User retrieved (Username: nikokomninos)","service":"pachingo","timestamp":"2026-01-17 16:11:39"}
{"level":"info","message":"USER: User retrieved (Username: nikokomninos)","service":"pachingo","timestamp":"2026-01-17 16:11:39"}
{"level":"info","message":"USER: User retrieved (Username: nikokomninos)","service":"pachingo","timestamp":"2026-01-17 16:11:39"}
{"level":"info","message":"USER: User retrieved (Username: nikokomninos)","service":"pachingo","timestamp":"2026-01-17 16:11:39"}
{"level":"info","message":"USER: User retrieved (Username: nikokomninos)","service":"pachingo","timestamp":"2026-01-17 16:11:40"}
{"level":"info","message":"USER: User retrieved (Username: nikokomninos)","service":"pachingo","timestamp":"2026-01-17 16:11:40"}
{"level":"info","message":"USER: User retrieved (Username: nikokomninos)","service":"pachingo","timestamp":"2026-01-17 16:11:40"}
{"level":"info","message":"USER: User retrieved (Username: nikokomninos)","service":"pachingo","timestamp":"2026-01-17 16:11:40"}
{"level":"info","message":"USER: User retrieved (Username: nikokomninos)","service":"pachingo","timestamp":"2026-01-17 16:11:40"}
{"level":"info","message":"USER: User retrieved (Username: nikokomninos)","service":"pachingo","timestamp":"2026-01-17 16:11:40"}
{"level":"info","message":"USER: User retrieved (Username: nikokomninos)","service":"pachingo","timestamp":"2026-01-17 16:11:40"}
{"level":"info","message":"USER: User retrieved (Username: nikokomninos)","service":"pachingo","timestamp":"2026-01-17 16:11:40"}
{"level":"info","message":"USER: User retrieved (Username: nikokomninos)","service":"pachingo","timestamp":"2026-01-17 16:11:40"}
{"level":"info","message":"USER: User retrieved (Username: nikokomninos)","service":"pachingo","timestamp":"2026-01-17 16:11:40"}
{"level":"info","message":"USER: User retrieved (Username: nikokomninos)","service":"pachingo","timestamp":"2026-01-17 16:11:41"}
{"level":"info","message":"USER: User retrieved (Username: nikokomninos)","service":"pachingo","timestamp":"2026-01-17 16:11:41"}
{"level":"info","message":"USER: User retrieved (Username: nikokomninos)","service":"pachingo","timestamp":"2026-01-17 16:11:41"}
{"level":"info","message":"USER: User retrieved (Username: nikokomninos)","service":"pachingo","timestamp":"2026-01-17 16:11:41"}
{"level":"info","message":"USER: User retrieved (Username: nikokomninos)","service":"pachingo","timestamp":"2026-01-17 16:11:41"}
{"level":"info","message":"USER: User retrieved (Username: nikokomninos)","service":"pachingo","timestamp":"2026-01-17 16:11:41"}
{"level":"info","message":"USER: User retrieved (Username: nikokomninos)","service":"pachingo","timestamp":"2026-01-17 16:11:41"}
{"level":"info","message":"USER: User retrieved (Username: nikokomninos)","service":"pachingo","timestamp":"2026-01-17 16:11:41"}
{"level":"info","message":"USER: User retrieved (Username: nikokomninos)","service":"pachingo","timestamp":"2026-01-17 16:11:41"}
{"level":"info","message":"USER: User retrieved (Username: nikokomninos)","service":"pachingo","timestamp":"2026-01-17 16:11:42"}
{"level":"info","message":"USER: User retrieved (Username: nikokomninos)","service":"pachingo","timestamp":"2026-01-17 16:11:42"}
{"level":"info","message":"USER: User retrieved (Username: nikokomninos)","service":"pachingo","timestamp":"2026-01-17 16:11:42"}
{"level":"info","message":"USER: User retrieved (Username: nikokomninos)","service":"pachingo","timestamp":"2026-01-17 16:11:42"}
{"level":"info","message":"USER: User retrieved (Username: nikokomninos)","service":"pachingo","timestamp":"2026-01-17 16:11:42"}
{"level":"info","message":"USER: User retrieved (Username: nikokomninos)","service":"pachingo","timestamp":"2026-01-17 16:11:42"}
{"level":"info","message":"USER: User retrieved (Username: nikokomninos)","service":"pachingo","timestamp":"2026-01-17 16:11:42"}
{"level":"info","message":"USER: User retrieved (Username: nikokomninos)","service":"pachingo","timestamp":"2026-01-17 16:11:42"}
{"level":"info","message":"USER: User retrieved (Username: nikokomninos)","service":"pachingo","timestamp":"2026-01-17 16:11:42"}
{"level":"info","message":"USER: User retrieved (Username: nikokomninos)","service":"pachingo","timestamp":"2026-01-17 16:11:42"}
{"level":"info","message":"USER: User retrieved (Username: nikokomninos)","service":"pachingo","timestamp":"2026-01-17 16:11:43"}
{"level":"info","message":"USER: User retrieved (Username: nikokomninos)","service":"pachingo","timestamp":"2026-01-17 16:11:43"}
{"level":"info","message":"USER: User retrieved (Username: nikokomninos)","service":"pachingo","timestamp":"2026-01-17 16:11:43"}
{"level":"info","message":"USER: User retrieved (Username: nikokomninos)","service":"pachingo","timestamp":"2026-01-17 16:11:43"}
{"level":"info","message":"USER: User retrieved (Username: nikokomninos)","service":"pachingo","timestamp":"2026-01-17 16:11:43"}
{"level":"info","message":"USER: User retrieved (Username: nikokomninos)","service":"pachingo","timestamp":"2026-01-17 16:11:43"}
{"level":"info","message":"USER: User retrieved (Username: nikokomninos)","service":"pachingo","timestamp":"2026-01-17 16:11:43"}
{"level":"info","message":"USER: User retrieved (Username: nikokomninos)","service":"pachingo","timestamp":"2026-01-17 16:11:43"}
{"level":"info","message":"USER: User retrieved (Username: nikokomninos)","service":"pachingo","timestamp":"2026-01-17 16:11:44"}
{"level":"info","message":"USER: User retrieved (Username: nikokomninos)","service":"pachingo","timestamp":"2026-01-17 16:11:44"}
{"level":"info","message":"USER: User retrieved (Username: nikokomninos)","service":"pachingo","timestamp":"2026-01-17 16:11:44"}
{"level":"info","message":"USER: User retrieved (Username: nikokomninos)","service":"pachingo","timestamp":"2026-01-17 16:11:44"}
{"level":"info","message":"USER: User retrieved (Username: nikokomninos)","service":"pachingo","timestamp":"2026-01-17 16:11:44"}
{"level":"info","message":"USER: User retrieved (Username: nikokomninos)","service":"pachingo","timestamp":"2026-01-17 16:11:44"}
{"level":"info","message":"USER: User retrieved (Username: nikokomninos)","service":"pachingo","timestamp":"2026-01-17 16:11:44"}
{"level":"info","message":"USER: User retrieved (Username: nikokomninos)","service":"pachingo","timestamp":"2026-01-17 16:11:44"}
{"level":"info","message":"USER: User retrieved (Username: nikokomninos)","service":"pachingo","timestamp":"2026-01-17 16:11:44"}
{"level":"info","message":"USER: User retrieved (Username: nikokomninos)","service":"pachingo","timestamp":"2026-01-17 16:11:44"}
{"level":"info","message":"USER: User retrieved (Username: nikokomninos)","service":"pachingo","timestamp":"2026-01-17 16:11:45"}
{"level":"info","message":"USER: User retrieved (Username: nikokomninos)","service":"pachingo","timestamp":"2026-01-17 16:11:45"}
{"level":"info","message":"USER: User retrieved (Username: nikokomninos)","service":"pachingo","timestamp":"2026-01-17 16:11:45"}
{"level":"info","message":"USER: User retrieved (Username: nikokomninos)","service":"pachingo","timestamp":"2026-01-17 16:11:45"}
{"level":"info","message":"USER: User retrieved (Username: nikokomninos)","service":"pachingo","timestamp":"2026-01-17 16:11:45"}
{"level":"info","message":"USER: User retrieved (Username: nikokomninos)","service":"pachingo","timestamp":"2026-01-17 16:11:45"}
{"level":"info","message":"USER: User retrieved (Username: nikokomninos)","service":"pachingo","timestamp":"2026-01-17 16:11:45"}
{"level":"info","message":"USER: User retrieved (Username: nikokomninos)","service":"pachingo","timestamp":"2026-01-17 16:11:45"}
{"level":"info","message":"USER: User retrieved (Username: nikokomninos)","service":"pachingo","timestamp":"2026-01-17 16:11:45"}
{"level":"info","message":"USER: User retrieved (Username: nikokomninos)","service":"pachingo","timestamp":"2026-01-17 16:11:45"}
{"level":"info","message":"USER: User retrieved (Username: nikokomninos)","service":"pachingo","timestamp":"2026-01-17 16:11:46"}
{"level":"info","message":"USER: User retrieved (Username: nikokomninos)","service":"pachingo","timestamp":"2026-01-17 16:11:46"}
{"level":"info","message":"USER: User retrieved (Username: nikokomninos)","service":"pachingo","timestamp":"2026-01-17 16:11:46"}
{"level":"info","message":"USER: User retrieved (Username: nikokomninos)","service":"pachingo","timestamp":"2026-01-17 16:11:46"}
{"level":"info","message":"USER: User retrieved (Username: nikokomninos)","service":"pachingo","timestamp":"2026-01-17 16:11:46"}
{"level":"info","message":"USER: User retrieved (Username: nikokomninos)","service":"pachingo","timestamp":"2026-01-17 16:11:46"}
{"level":"info","message":"USER: User retrieved (Username: nikokomninos)","service":"pachingo","timestamp":"2026-01-17 16:11:46"}
{"level":"info","message":"USER: User retrieved (Username: nikokomninos)","service":"pachingo","timestamp":"2026-01-17 16:11:46"}
{"level":"info","message":"USER: User retrieved (Username: nikokomninos)","service":"pachingo","timestamp":"2026-01-17 16:11:46"}
{"level":"info","message":"USER: User retrieved (Username: nikokomninos)","service":"pachingo","timestamp":"2026-01-17 16:11:46"}
{"level":"info","message":"USER: User retrieved (Username: nikokomninos)","service":"pachingo","timestamp":"2026-01-17 16:11:47"}
{"level":"info","message":"USER: User retrieved (Username: nikokomninos)","service":"pachingo","timestamp":"2026-01-17 16:11:47"}
{"level":"info","message":"USER: User retrieved (Username: nikokomninos)","service":"pachingo","timestamp":"2026-01-17 16:11:47"}
{"level":"info","message":"USER: User retrieved (Username: nikokomninos)","service":"pachingo","timestamp":"2026-01-17 16:11:47"}
{"level":"info","message":"USER: User retrieved (Username: nikokomninos)","service":"pachingo","timestamp":"2026-01-17 16:11:47"}
{"level":"info","message":"USER: User retrieved (Username: nikokomninos)","service":"pachingo","timestamp":"2026-01-17 16:11:47"}
{"level":"info","message":"USER: User retrieved (Username: nikokomninos)","service":"pachingo","timestamp":"2026-01-17 16:11:47"}
{"level":"info","message":"USER: User retrieved (Username: nikokomninos)","service":"pachingo","timestamp":"2026-01-17 16:11:47"}
{"level":"info","message":"USER: User retrieved (Username: nikokomninos)","service":"pachingo","timestamp":"2026-01-17 16:11:47"}
{"level":"info","message":"USER: User retrieved (Username: nikokomninos)","service":"pachingo","timestamp":"2026-01-17 16:11:48"}
{"level":"info","message":"USER: User retrieved (Username: nikokomninos)","service":"pachingo","timestamp":"2026-01-17 16:11:48"}
{"level":"info","message":"USER: User retrieved (Username: nikokomninos)","service":"pachingo","timestamp":"2026-01-17 16:11:48"}
{"level":"info","message":"USER: User retrieved (Username: nikokomninos)","service":"pachingo","timestamp":"2026-01-17 16:11:48"}
{"level":"info","message":"USER: User retrieved (Username: nikokomninos)","service":"pachingo","timestamp":"2026-01-17 16:11:48"}
{"level":"info","message":"USER: User retrieved (Username: nikokomninos)","service":"pachingo","timestamp":"2026-01-17 16:11:48"}
{"level":"info","message":"USER: User retrieved (Username: nikokomninos)","service":"pachingo","timestamp":"2026-01-17 16:11:48"}
{"level":"info","message":"USER: User retrieved (Username: nikokomninos)","service":"pachingo","timestamp":"2026-01-17 16:11:48"}
{"level":"info","message":"USER: User retrieved (Username: nikokomninos)","service":"pachingo","timestamp":"2026-01-17 16:11:48"}
{"level":"info","message":"USER: User retrieved (Username: nikokomninos)","service":"pachingo","timestamp":"2026-01-17 16:11:49"}
{"level":"info","message":"USER: User retrieved (Username: nikokomninos)","service":"pachingo","timestamp":"2026-01-17 16:11:49"}
{"level":"info","message":"USER: User retrieved (Username: nikokomninos)","service":"pachingo","timestamp":"2026-01-17 16:11:49"}
{"level":"info","message":"USER: User retrieved (Username: nikokomninos)","service":"pachingo","timestamp":"2026-01-17 16:11:49"}
{"level":"info","message":"USER: User retrieved (Username: nikokomninos)","service":"pachingo","timestamp":"2026-01-17 16:11:49"}
{"level":"info","message":"USER: User retrieved (Username: nikokomninos)","service":"pachingo","timestamp":"2026-01-17 16:11:49"}
{"level":"info","message":"USER: User retrieved (Username: nikokomninos)","service":"pachingo","timestamp":"2026-01-17 16:11:49"}
{"level":"info","message":"USER: User retrieved (Username: nikokomninos)","service":"pachingo","timestamp":"2026-01-17 16:11:49"}
{"level":"info","message":"USER: User retrieved (Username: nikokomninos)","service":"pachingo","timestamp":"2026-01-17 16:11:49"}
{"level":"info","message":"USER: User retrieved (Username: nikokomninos)","service":"pachingo","timestamp":"2026-01-17 16:11:50"}
{"level":"info","message":"USER: User retrieved (Username: nikokomninos)","service":"pachingo","timestamp":"2026-01-17 16:11:50"}
{"level":"info","message":"USER: User retrieved (Username: nikokomninos)","service":"pachingo","timestamp":"2026-01-17 16:11:50"}
{"level":"info","message":"USER: User retrieved (Username: nikokomninos)","service":"pachingo","timestamp":"2026-01-17 16:11:50"}
{"level":"info","message":"USER: User retrieved (Username: nikokomninos)","service":"pachingo","timestamp":"2026-01-17 16:11:50"}
{"level":"info","message":"USER: User retrieved (Username: nikokomninos)","service":"pachingo","timestamp":"2026-01-17 16:11:50"}
{"level":"info","message":"USER: User retrieved (Username: nikokomninos)","service":"pachingo","timestamp":"2026-01-17 16:11:50"}
{"level":"info","message":"USER: User retrieved (Username: nikokomninos)","service":"pachingo","timestamp":"2026-01-17 16:11:50"}
{"level":"info","message":"USER: User retrieved (Username: nikokomninos)","service":"pachingo","timestamp":"2026-01-17 16:11:50"}
{"level":"info","message":"USER: User retrieved (Username: nikokomninos)","service":"pachingo","timestamp":"2026-01-17 16:11:50"}
{"level":"info","message":"USER: User retrieved (Username: nikokomninos)","service":"pachingo","timestamp":"2026-01-17 16:11:51"}
{"level":"info","message":"USER: User retrieved (Username: nikokomninos)","service":"pachingo","timestamp":"2026-01-17 16:11:51"}
{"level":"info","message":"USER: User retrieved (Username: nikokomninos)","service":"pachingo","timestamp":"2026-01-17 16:11:51"}
{"level":"info","message":"USER: User retrieved (Username: nikokomninos)","service":"pachingo","timestamp":"2026-01-17 16:11:51"}
{"level":"info","message":"USER: User retrieved (Username: nikokomninos)","service":"pachingo","timestamp":"2026-01-17 16:11:51"}
{"level":"info","message":"USER: User retrieved (Username: nikokomninos)","service":"pachingo","timestamp":"2026-01-17 16:11:51"}
{"level":"info","message":"USER: User retrieved (Username: nikokomninos)","service":"pachingo","timestamp":"2026-01-17 16:11:51"}
{"level":"info","message":"USER: User retrieved (Username: nikokomninos)","service":"pachingo","timestamp":"2026-01-17 16:11:51"}
{"level":"info","message":"USER: User retrieved (Username: nikokomninos)","service":"pachingo","timestamp":"2026-01-17 16:11:51"}
{"level":"info","message":"USER: User retrieved (Username: nikokomninos)","service":"pachingo","timestamp":"2026-01-17 16:11:52"}
{"level":"info","message":"USER: User retrieved (Username: nikokomninos)","service":"pachingo","timestamp":"2026-01-17 16:11:52"}
{"level":"info","message":"USER: User retrieved (Username: nikokomninos)","service":"pachingo","timestamp":"2026-01-17 16:11:52"}
{"level":"info","message":"USER: User retrieved (Username: nikokomninos)","service":"pachingo","timestamp":"2026-01-17 16:11:52"}
{"level":"info","message":"USER: User retrieved (Username: nikokomninos)","service":"pachingo","timestamp":"2026-01-17 16:11:52"}
{"level":"info","message":"USER: User retrieved (Username: nikokomninos)","service":"pachingo","timestamp":"2026-01-17 16:11:52"}
{"level":"info","message":"USER: User retrieved (Username: nikokomninos)","service":"pachingo","timestamp":"2026-01-17 16:11:52"}
{"level":"info","message":"USER: User retrieved (Username: nikokomninos)","service":"pachingo","timestamp":"2026-01-17 16:11:52"}
{"level":"info","message":"USER: User retrieved (Username: nikokomninos)","service":"pachingo","timestamp":"2026-01-17 16:11:52"}
{"level":"info","message":"USER: User retrieved (Username: nikokomninos)","service":"pachingo","timestamp":"2026-01-17 16:11:53"}
{"level":"info","message":"USER: User retrieved (Username: nikokomninos)","service":"pachingo","timestamp":"2026-01-17 16:11:53"}
{"level":"info","message":"USER: User retrieved (Username: nikokomninos)","service":"pachingo","timestamp":"2026-01-17 16:11:53"}
{"level":"info","message":"USER: User retrieved (Username: nikokomninos)","service":"pachingo","timestamp":"2026-01-17 16:11:53"}
{"level":"info","message":"USER: User retrieved (Username: nikokomninos)","service":"pachingo","timestamp":"2026-01-17 16:11:53"}
{"level":"info","message":"USER: User retrieved (Username: nikokomninos)","service":"pachingo","timestamp":"2026-01-17 16:11:53"}
{"level":"info","message":"USER: User retrieved (Username: nikokomninos)","service":"pachingo","timestamp":"2026-01-17 16:11:53"}
{"level":"info","message":"USER: User retrieved (Username: nikokomninos)","service":"pachingo","timestamp":"2026-01-17 16:11:53"}
{"level":"info","message":"USER: User retrieved (Username: nikokomninos)","service":"pachingo","timestamp":"2026-01-17 16:11:53"}
{"level":"info","message":"USER: User retrieved (Username: nikokomninos)","service":"pachingo","timestamp":"2026-01-17 16:11:53"}
{"level":"info","message":"USER: User retrieved (Username: nikokomninos)","service":"pachingo","timestamp":"2026-01-17 16:11:54"}
{"level":"info","message":"USER: User retrieved (Username: nikokomninos)","service":"pachingo","timestamp":"2026-01-17 16:11:54"}
{"level":"info","message":"USER: User retrieved (Username: nikokomninos)","service":"pachingo","timestamp":"2026-01-17 16:11:54"}
{"level":"info","message":"USER: User retrieved (Username: nikokomninos)","service":"pachingo","timestamp":"2026-01-17 16:11:54"}
{"level":"info","message":"USER: User retrieved (Username: nikokomninos)","service":"pachingo","timestamp":"2026-01-17 16:11:54"}
{"level":"info","message":"USER: User retrieved (Username: nikokomninos)","service":"pachingo","timestamp":"2026-01-17 16:11:54"}
{"level":"info","message":"USER: User retrieved (Username: nikokomninos)","service":"pachingo","timestamp":"2026-01-17 16:11:54"}
{"level":"info","message":"USER: User retrieved (Username: nikokomninos)","service":"pachingo","timestamp":"2026-01-17 16:11:54"}
{"level":"info","message":"USER: User retrieved (Username: nikokomninos)","service":"pachingo","timestamp":"2026-01-17 16:11:54"}
{"level":"info","message":"USER: User retrieved (Username: nikokomninos)","service":"pachingo","timestamp":"2026-01-17 16:11:55"}
{"level":"info","message":"USER: User retrieved (Username: nikokomninos)","service":"pachingo","timestamp":"2026-01-17 16:11:55"}
{"level":"info","message":"USER: User retrieved (Username: nikokomninos)","service":"pachingo","timestamp":"2026-01-17 16:11:55"}
{"level":"info","message":"USER: User retrieved (Username: nikokomninos)","service":"pachingo","timestamp":"2026-01-17 16:11:55"}
{"level":"info","message":"USER: User retrieved (Username: nikokomninos)","service":"pachingo","timestamp":"2026-01-17 16:11:55"}
{"level":"info","message":"USER: User retrieved (Username: nikokomninos)","service":"pachingo","timestamp":"2026-01-17 16:11:55"}
{"level":"info","message":"USER: User retrieved (Username: nikokomninos)","service":"pachingo","timestamp":"2026-01-17 16:11:55"}
{"level":"info","message":"USER: User retrieved (Username: nikokomninos)","service":"pachingo","timestamp":"2026-01-17 16:11:55"}
{"level":"info","message":"USER: User retrieved (Username: nikokomninos)","service":"pachingo","timestamp":"2026-01-17 16:11:55"}
{"level":"info","message":"USER: User retrieved (Username: nikokomninos)","service":"pachingo","timestamp":"2026-01-17 16:11:55"}
{"level":"info","message":"USER: User retrieved (Username: nikokomninos)","service":"pachingo","timestamp":"2026-01-17 16:11:56"}
{"level":"info","message":"USER: User retrieved (Username: nikokomninos)","service":"pachingo","timestamp":"2026-01-17 16:11:56"}
{"level":"info","message":"USER: User retrieved (Username: nikokomninos)","service":"pachingo","timestamp":"2026-01-17 16:11:56"}
{"level":"info","message":"USER: User retrieved (Username: nikokomninos)","service":"pachingo","timestamp":"2026-01-17 16:11:56"}
{"level":"info","message":"USER: User retrieved (Username: nikokomninos)","service":"pachingo","timestamp":"2026-01-17 16:11:56"}
{"level":"info","message":"USER: User retrieved (Username: nikokomninos)","service":"pachingo","timestamp":"2026-01-17 16:11:56"}
{"level":"info","message":"USER: User retrieved (Username: nikokomninos)","service":"pachingo","timestamp":"2026-01-17 16:11:56"}
{"level":"info","message":"USER: User retrieved (Username: nikokomninos)","service":"pachingo","timestamp":"2026-01-17 16:11:56"}
{"level":"info","message":"USER: User retrieved (Username: nikokomninos)","service":"pachingo","timestamp":"2026-01-17 16:11:56"}
{"level":"info","message":"USER: User retrieved (Username: nikokomninos)","service":"pachingo","timestamp":"2026-01-17 16:11:57"}
{"level":"info","message":"USER: User retrieved (Username: nikokomninos)","service":"pachingo","timestamp":"2026-01-17 16:11:57"}
{"level":"info","message":"USER: User retrieved (Username: nikokomninos)","service":"pachingo","timestamp":"2026-01-17 16:11:57"}
{"level":"info","message":"USER: User retrieved (Username: nikokomninos)","service":"pachingo","timestamp":"2026-01-17 16:11:57"}
{"level":"info","message":"USER: User retrieved (Username: nikokomninos)","service":"pachingo","timestamp":"2026-01-17 16:11:57"}
{"level":"info","message":"USER: User retrieved (Username: nikokomninos)","service":"pachingo","timestamp":"2026-01-17 16:11:57"}
{"level":"info","message":"USER: User retrieved (Username: nikokomninos)","service":"pachingo","timestamp":"2026-01-17 16:11:57"}
{"level":"info","message":"USER: User retrieved (Username: nikokomninos)","service":"pachingo","timestamp":"2026-01-17 16:11:57"}
{"level":"info","message":"USER: User retrieved (Username: nikokomninos)","service":"pachingo","timestamp":"2026-01-17 16:11:58"}
{"level":"info","message":"USER: User retrieved (Username: nikokomninos)","service":"pachingo","timestamp":"2026-01-17 16:11:58"}
{"level":"info","message":"USER: User retrieved (Username: nikokomninos)","service":"pachingo","timestamp":"2026-01-17 16:11:58"}
{"level":"info","message":"USER: User retrieved (Username: nikokomninos)","service":"pachingo","timestamp":"2026-01-17 16:11:58"}
{"level":"info","message":"USER: User retrieved (Username: nikokomninos)","service":"pachingo","timestamp":"2026-01-17 16:11:58"}
{"level":"info","message":"USER: User retrieved (Username: nikokomninos)","service":"pachingo","timestamp":"2026-01-17 16:11:58"}
{"level":"info","message":"USER: User retrieved (Username: nikokomninos)","service":"pachingo","timestamp":"2026-01-17 16:11:58"}
{"level":"info","message":"USER: User retrieved (Username: nikokomninos)","service":"pachingo","timestamp":"2026-01-17 16:11:58"}
{"level":"info","message":"USER: User retrieved (Username: nikokomninos)","service":"pachingo","timestamp":"2026-01-17 16:11:58"}
{"level":"info","message":"USER: User retrieved (Username: nikokomninos)","service":"pachingo","timestamp":"2026-01-17 16:11:58"}
{"level":"info","message":"USER: User retrieved (Username: nikokomninos)","service":"pachingo","timestamp":"2026-01-17 16:11:59"}
{"level":"info","message":"USER: User retrieved (Username: nikokomninos)","service":"pachingo","timestamp":"2026-01-17 16:11:59"}
{"level":"info","message":"USER: User retrieved (Username: nikokomninos)","service":"pachingo","timestamp":"2026-01-17 16:11:59"}
{"level":"info","message":"USER: User retrieved (Username: nikokomninos)","service":"pachingo","timestamp":"2026-01-17 16:11:59"}
{"level":"info","message":"USER: User retrieved (Username: nikokomninos)","service":"pachingo","timestamp":"2026-01-17 16:11:59"}
{"level":"info","message":"USER: User retrieved (Username: nikokomninos)","service":"pachingo","timestamp":"2026-01-17 16:11:59"}
{"level":"info","message":"USER: User retrieved (Username: nikokomninos)","service":"pachingo","timestamp":"2026-01-17 16:11:59"}
{"level":"info","message":"USER: User retrieved (Username: nikokomninos)","service":"pachingo","timestamp":"2026-01-17 16:11:59"}
{"level":"info","message":"USER: User retrieved (Username: nikokomninos)","service":"pachingo","timestamp":"2026-01-17 16:11:59"}
{"level":"info","message":"USER: User retrieved (Username: nikokomninos)","service":"pachingo","timestamp":"2026-01-17 16:12:00"}
{"level":"info","message":"USER: User retrieved (Username: nikokomninos)","service":"pachingo","timestamp":"2026-01-17 16:12:00"}
{"level":"info","message":"USER: User retrieved (Username: nikokomninos)","service":"pachingo","timestamp":"2026-01-17 16:12:00"}
{"level":"info","message":"USER: User retrieved (Username: nikokomninos)","service":"pachingo","timestamp":"2026-01-17 16:12:00"}
{"level":"info","message":"USER: User retrieved (Username: nikokomninos)","service":"pachingo","timestamp":"2026-01-17 16:12:00"}
{"level":"info","message":"USER: User retrieved (Username: nikokomninos)","service":"pachingo","timestamp":"2026-01-17 16:12:00"}
{"level":"info","message":"USER: User retrieved (Username: nikokomninos)","service":"pachingo","timestamp":"2026-01-17 16:12:00"}
{"level":"info","message":"USER: User retrieved (Username: nikokomninos)","service":"pachingo","timestamp":"2026-01-17 16:12:00"}
{"level":"info","message":"USER: User retrieved (Username: nikokomninos)","service":"pachingo","timestamp":"2026-01-17 16:12:00"}
{"level":"info","message":"USER: User retrieved (Username: nikokomninos)","service":"pachingo","timestamp":"2026-01-17 16:12:01"}
{"level":"info","message":"USER: User retrieved (Username: nikokomninos)","service":"pachingo","timestamp":"2026-01-17 16:12:01"}
{"level":"info","message":"USER: User retrieved (Username: nikokomninos)","service":"pachingo","timestamp":"2026-01-17 16:12:01"}
{"level":"info","message":"USER: User retrieved (Username: nikokomninos)","service":"pachingo","timestamp":"2026-01-17 16:12:01"}
{"level":"info","message":"USER: User retrieved (Username: nikokomninos)","service":"pachingo","timestamp":"2026-01-17 16:12:01"}
{"level":"info","message":"USER: User retrieved (Username: nikokomninos)","service":"pachingo","timestamp":"2026-01-17 16:12:01"}
{"level":"info","message":"USER: User retrieved (Username: nikokomninos)","service":"pachingo","timestamp":"2026-01-17 16:12:01"}
{"level":"info","message":"USER: User retrieved (Username: nikokomninos)","service":"pachingo","timestamp":"2026-01-17 16:12:01"}
{"level":"info","message":"USER: User retrieved (Username: nikokomninos)","service":"pachingo","timestamp":"2026-01-17 16:12:01"}
{"level":"info","message":"USER: User retrieved (Username: nikokomninos)","service":"pachingo","timestamp":"2026-01-17 16:12:02"}
{"level":"info","message":"USER: User retrieved (Username: nikokomninos)","service":"pachingo","timestamp":"2026-01-17 16:12:02"}
{"level":"info","message":"USER: User retrieved (Username: nikokomninos)","service":"pachingo","timestamp":"2026-01-17 16:12:02"}
{"level":"info","message":"USER: User retrieved (Username: nikokomninos)","service":"pachingo","timestamp":"2026-01-17 16:12:02"}
{"level":"info","message":"USER: User retrieved (Username: nikokomninos)","service":"pachingo","timestamp":"2026-01-17 16:12:02"}
{"level":"info","message":"USER: User retrieved (Username: nikokomninos)","service":"pachingo","timestamp":"2026-01-17 16:12:02"}
{"level":"info","message":"USER: User retrieved (Username: nikokomninos)","service":"pachingo","timestamp":"2026-01-17 16:12:02"}
{"level":"info","message":"USER: User retrieved (Username: nikokomninos)","service":"pachingo","timestamp":"2026-01-17 16:12:02"}
{"level":"info","message":"USER: User retrieved (Username: nikokomninos)","service":"pachingo","timestamp":"2026-01-17 16:12:02"}
{"level":"info","message":"USER: User retrieved (Username: nikokomninos)","service":"pachingo","timestamp":"2026-01-17 16:12:02"}
{"level":"info","message":"USER: User retrieved (Username: nikokomninos)","service":"pachingo","timestamp":"2026-01-17 16:12:03"}
{"level":"info","message":"USER: User retrieved (Username: nikokomninos)","service":"pachingo","timestamp":"2026-01-17 16:12:03"}
{"level":"info","message":"USER: User retrieved (Username: nikokomninos)","service":"pachingo","timestamp":"2026-01-17 16:12:03"}
{"level":"info","message":"USER: User retrieved (Username: nikokomninos)","service":"pachingo","timestamp":"2026-01-17 16:12:03"}
{"level":"info","message":"USER: User retrieved (Username: nikokomninos)","service":"pachingo","timestamp":"2026-01-17 16:12:03"}
{"level":"info","message":"USER: User retrieved (Username: nikokomninos)","service":"pachingo","timestamp":"2026-01-17 16:12:03"}
{"level":"info","message":"USER: User retrieved (Username: nikokomninos)","service":"pachingo","timestamp":"2026-01-17 16:12:03"}
{"level":"info","message":"USER: User retrieved (Username: nikokomninos)","service":"pachingo","timestamp":"2026-01-17 16:12:03"}
{"level":"info","message":"USER: User retrieved (Username: nikokomninos)","service":"pachingo","timestamp":"2026-01-17 16:12:03"}
{"level":"info","message":"USER: User retrieved (Username: nikokomninos)","service":"pachingo","timestamp":"2026-01-17 16:12:03"}
{"level":"info","message":"USER: User retrieved (Username: nikokomninos)","service":"pachingo","timestamp":"2026-01-17 16:12:04"}
{"level":"info","message":"USER: User retrieved (Username: nikokomninos)","service":"pachingo","timestamp":"2026-01-17 16:12:04"}
{"level":"info","message":"USER: User retrieved (Username: nikokomninos)","service":"pachingo","timestamp":"2026-01-17 16:12:04"}
{"level":"info","message":"USER: User retrieved (Username: nikokomninos)","service":"pachingo","timestamp":"2026-01-17 16:12:04"}
{"level":"info","message":"USER: User retrieved (Username: nikokomninos)","service":"pachingo","timestamp":"2026-01-17 16:12:04"}
{"level":"info","message":"USER: User retrieved (Username: nikokomninos)","service":"pachingo","timestamp":"2026-01-17 16:12:04"}
{"level":"info","message":"SERVER: Server running on Port 9000","service":"pachingo","timestamp":"2026-01-17 16:13:09"}
{"level":"info","message":"SERVER: MongoDB session connected","service":"pachingo","timestamp":"2026-01-17 16:13:09"}
{"level":"info","message":"SEARCH: Most recent levels retrieved","service":"pachingo","timestamp":"2026-01-17 16:14:24"}
{"level":"info","message":"USER: User retrieved (Username: nikokomninos)","service":"pachingo","timestamp":"2026-01-17 16:14:29"}
{"level":"info","message":"USER: User retrieved (Username: nikokomninos)","service":"pachingo","timestamp":"2026-01-17 16:14:29"}
{"level":"info","message":"USER: User retrieved (Username: nikokomninos)","service":"pachingo","timestamp":"2026-01-17 16:14:29"}
{"level":"info","message":"USER: User retrieved (Username: nikokomninos)","service":"pachingo","timestamp":"2026-01-17 16:14:29"}
{"level":"info","message":"USER: User retrieved (Username: nikokomninos)","service":"pachingo","timestamp":"2026-01-17 16:14:29"}
{"level":"info","message":"USER: User retrieved (Username: nikokomninos)","service":"pachingo","timestamp":"2026-01-17 16:14:29"}
{"level":"info","message":"USER: User retrieved (Username: nikokomninos)","service":"pachingo","timestamp":"2026-01-17 16:14:29"}
{"level":"info","message":"USER: User retrieved (Username: nikokomninos)","service":"pachingo","timestamp":"2026-01-17 16:14:30"}
{"level":"info","message":"USER: User retrieved (Username: nikokomninos)","service":"pachingo","timestamp":"2026-01-17 16:14:30"}
{"level":"info","message":"USER: User retrieved (Username: nikokomninos)","service":"pachingo","timestamp":"2026-01-17 16:14:30"}
{"level":"info","message":"USER: User retrieved (Username: nikokomninos)","service":"pachingo","timestamp":"2026-01-17 16:14:30"}
{"level":"info","message":"USER: User retrieved (Username: nikokomninos)","service":"pachingo","timestamp":"2026-01-17 16:14:30"}
{"level":"info","message":"USER: User retrieved (Username: nikokomninos)","service":"pachingo","timestamp":"2026-01-17 16:14:30"}
{"level":"info","message":"USER: User retrieved (Username: nikokomninos)","service":"pachingo","timestamp":"2026-01-17 16:14:30"}
{"level":"info","message":"USER: User retrieved (Username: nikokomninos)","service":"pachingo","timestamp":"2026-01-17 16:14:31"}
{"level":"info","message":"USER: User retrieved (Username: nikokomninos)","service":"pachingo","timestamp":"2026-01-17 16:14:31"}
{"level":"info","message":"USER: User retrieved (Username: nikokomninos)","service":"pachingo","timestamp":"2026-01-17 16:14:31"}
{"level":"info","message":"USER: User retrieved (Username: nikokomninos)","service":"pachingo","timestamp":"2026-01-17 16:14:31"}
{"level":"info","message":"USER: User retrieved (Username: nikokomninos)","service":"pachingo","timestamp":"2026-01-17 16:14:31"}
{"level":"info","message":"USER: User retrieved (Username: nikokomninos)","service":"pachingo","timestamp":"2026-01-17 16:14:31"}
{"level":"info","message":"USER: User retrieved (Username: nikokomninos)","service":"pachingo","timestamp":"2026-01-17 16:14:31"}
{"level":"info","message":"USER: User retrieved (Username: nikokomninos)","service":"pachingo","timestamp":"2026-01-17 16:14:31"}
{"level":"info","message":"USER: User retrieved (Username: nikokomninos)","service":"pachingo","timestamp":"2026-01-17 16:14:31"}
{"level":"info","message":"USER: User retrieved (Username: nikokomninos)","service":"pachingo","timestamp":"2026-01-17 16:14:32"}
{"level":"info","message":"USER: User retrieved (Username: nikokomninos)","service":"pachingo","timestamp":"2026-01-17 16:14:32"}
{"level":"info","message":"USER: User retrieved (Username: nikokomninos)","service":"pachingo","timestamp":"2026-01-17 16:14:32"}
{"level":"info","message":"USER: User retrieved (Username: nikokomninos)","service":"pachingo","timestamp":"2026-01-17 16:14:32"}
{"level":"info","message":"USER: User retrieved (Username: nikokomninos)","service":"pachingo","timestamp":"2026-01-17 16:14:32"}
{"level":"info","message":"USER: User retrieved (Username: nikokomninos)","service":"pachingo","timestamp":"2026-01-17 16:14:32"}
{"level":"info","message":"USER: User retrieved (Username: nikokomninos)","service":"pachingo","timestamp":"2026-01-17 16:14:32"}
{"level":"info","message":"USER: User retrieved (Username: nikokomninos)","service":"pachingo","timestamp":"2026-01-17 16:14:32"}
{"level":"info","message":"USER: User retrieved (Username: nikokomninos)","service":"pachingo","timestamp":"2026-01-17 16:14:32"}
{"level":"info","message":"USER: User retrieved (Username: nikokomninos)","service":"pachingo","timestamp":"2026-01-17 16:14:32"}
{"level":"info","message":"USER: User retrieved (Username: nikokomninos)","service":"pachingo","timestamp":"2026-01-17 16:15:14"}
{"level":"info","message":"USER: User retrieved (Username: nikokomninos)","service":"pachingo","timestamp":"2026-01-17 16:15:14"}
{"level":"info","message":"USER: User retrieved (Username: nikokomninos)","service":"pachingo","timestamp":"2026-01-17 16:15:14"}
{"level":"info","message":"USER: User retrieved (Username: nikokomninos)","service":"pachingo","timestamp":"2026-01-17 16:15:14"}
{"level":"info","message":"USER: User retrieved (Username: nikokomninos)","service":"pachingo","timestamp":"2026-01-17 16:15:15"}
{"level":"info","message":"USER: User retrieved (Username: nikokomninos)","service":"pachingo","timestamp":"2026-01-17 16:15:15"}
{"level":"info","message":"USER: User retrieved (Username: nikokomninos)","service":"pachingo","timestamp":"2026-01-17 16:15:15"}
{"level":"info","message":"USER: User retrieved (Username: nikokomninos)","service":"pachingo","timestamp":"2026-01-17 16:15:15"}
{"level":"info","message":"USER: User retrieved (Username: nikokomninos)","service":"pachingo","timestamp":"2026-01-17 16:15:15"}
{"level":"info","message":"USER: User retrieved (Username: nikokomninos)","service":"pachingo","timestamp":"2026-01-17 16:15:15"}
{"level":"info","message":"USER: User retrieved (Username: nikokomninos)","service":"pachingo","timestamp":"2026-01-17 16:15:15"}
{"level":"info","message":"USER: User retrieved (Username: nikokomninos)","service":"pachingo","timestamp":"2026-01-17 16:15:15"}
{"level":"info","message":"USER: User retrieved (Username: nikokomninos)","service":"pachingo","timestamp":"2026-01-17 16:15:15"}
{"level":"info","message":"USER: User retrieved (Username: nikokomninos)","service":"pachingo","timestamp":"2026-01-17 16:15:15"}
{"level":"info","message":"USER: User retrieved (Username: nikokomninos)","service":"pachingo","timestamp":"2026-01-17 16:15:15"}
{"level":"info","message":"USER: User retrieved (Username: nikokomninos)","service":"pachingo","timestamp":"2026-01-17 16:15:15"}
{"level":"info","message":"USER: User retrieved (Username: nikokomninos)","service":"pachingo","timestamp":"2026-01-17 16:15:15"}
{"level":"info","message":"USER: User retrieved (Username: nikokomninos)","service":"pachingo","timestamp":"2026-01-17 16:15:15"}
{"level":"info","message":"USER: User retrieved (Username: nikokomninos)","service":"pachingo","timestamp":"2026-01-17 16:15:15"}
{"level":"info","message":"USER: User retrieved (Username: nikokomninos)","service":"pachingo","timestamp":"2026-01-17 16:15:15"}
{"level":"info","message":"USER: User retrieved (Username: nikokomninos)","service":"pachingo","timestamp":"2026-01-17 16:15:15"}
{"level":"info","message":"USER: User retrieved (Username: nikokomninos)","service":"pachingo","timestamp":"2026-01-17 16:15:15"}
{"level":"info","message":"USER: User retrieved (Username: nikokomninos)","service":"pachingo","timestamp":"2026-01-17 16:15:16"}
{"level":"info","message":"USER: User retrieved (Username: nikokomninos)","service":"pachingo","timestamp":"2026-01-17 16:15:16"}
{"level":"info","message":"USER: User retrieved (Username: nikokomninos)","service":"pachingo","timestamp":"2026-01-17 16:15:16"}
{"level":"info","message":"USER: User retrieved (Username: nikokomninos)","service":"pachingo","timestamp":"2026-01-17 16:15:16"}
{"level":"info","message":"USER: User retrieved (Username: nikokomninos)","service":"pachingo","timestamp":"2026-01-17 16:15:16"}
{"level":"info","message":"USER: User retrieved (Username: nikokomninos)","service":"pachingo","timestamp":"2026-01-17 16:15:16"}
{"level":"info","message":"USER: User retrieved (Username: nikokomninos)","service":"pachingo","timestamp":"2026-01-17 16:15:16"}
{"level":"info","message":"USER: User retrieved (Username: nikokomninos)","service":"pachingo","timestamp":"2026-01-17 16:15:16"}
{"level":"info","message":"USER: User retrieved (Username: nikokomninos)","service":"pachingo","timestamp":"2026-01-17 16:15:16"}
{"level":"info","message":"USER: User retrieved (Username: nikokomninos)","service":"pachingo","timestamp":"2026-01-17 16:15:16"}
{"level":"info","message":"USER: User retrieved (Username: nikokomninos)","service":"pachingo","timestamp":"2026-01-17 16:15:16"}
{"level":"info","message":"USER: User retrieved (Username: nikokomninos)","service":"pachingo","timestamp":"2026-01-17 16:15:16"}
{"level":"info","message":"USER: User retrieved (Username: nikokomninos)","service":"pachingo","timestamp":"2026-01-17 16:15:16"}
{"level":"info","message":"USER: User retrieved (Username: nikokomninos)","service":"pachingo","timestamp":"2026-01-17 16:15:16"}
{"level":"info","message":"USER: User retrieved (Username: nikokomninos)","service":"pachingo","timestamp":"2026-01-17 16:15:16"}
{"level":"info","message":"USER: User retrieved (Username: nikokomninos)","service":"pachingo","timestamp":"2026-01-17 16:15:16"}
{"level":"info","message":"USER: User retrieved (Username: nikokomninos)","service":"pachingo","timestamp":"2026-01-17 16:15:16"}
{"level":"info","message":"USER: User retrieved (Username: nikokomninos)","service":"pachingo","timestamp":"2026-01-17 16:15:16"}
{"level":"info","message":"USER: User retrieved (Username: nikokomninos)","service":"pachingo","timestamp":"2026-01-17 16:15:16"}
{"level":"info","message":"USER: User retrieved (Username: nikokomninos)","service":"pachingo","timestamp":"2026-01-17 16:15:16"}
{"level":"info","message":"USER: User retrieved (Username: nikokomninos)","service":"pachingo","timestamp":"2026-01-17 16:15:17"}
{"level":"info","message":"USER: User retrieved (Username: nikokomninos)","service":"pachingo","timestamp":"2026-01-17 16:15:17"}
{"level":"info","message":"USER: User retrieved (Username: nikokomninos)","service":"pachingo","timestamp":"2026-01-17 16:15:17"}
{"level":"info","message":"USER: User retrieved (Username: nikokomninos)","service":"pachingo","timestamp":"2026-01-17 16:15:17"}
{"level":"info","message":"USER: User retrieved (Username: nikokomninos)","service":"pachingo","timestamp":"2026-01-17 16:15:17"}
{"level":"info","message":"USER: User retrieved (Username: nikokomninos)","service":"pachingo","timestamp":"2026-01-17 16:15:17"}
{"level":"info","message":"USER: User retrieved (Username: nikokomninos)","service":"pachingo","timestamp":"2026-01-17 16:15:17"}
{"level":"info","message":"USER: User retrieved (Username: nikokomninos)","service":"pachingo","timestamp":"2026-01-17 16:15:17"}
{"level":"info","message":"USER: User retrieved (Username: nikokomninos)","service":"pachingo","timestamp":"2026-01-17 16:15:17"}
{"level":"info","message":"USER: User retrieved (Username: nikokomninos)","service":"pachingo","timestamp":"2026-01-17 16:15:17"}
{"level":"info","message":"USER: User retrieved (Username: nikokomninos)","service":"pachingo","timestamp":"2026-01-17 16:15:17"}
{"level":"info","message":"USER: User retrieved (Username: nikokomninos)","service":"pachingo","timestamp":"2026-01-17 16:15:17"}
{"level":"info","message":"USER: User retrieved (Username: nikokomninos)","service":"pachingo","timestamp":"2026-01-17 16:15:17"}
{"level":"info","message":"USER: User retrieved (Username: nikokomninos)","service":"pachingo","timestamp":"2026-01-17 16:15:17"}
{"level":"info","message":"USER: User retrieved (Username: nikokomninos)","service":"pachingo","timestamp":"2026-01-17 16:15:17"}
{"level":"info","message":"USER: User retrieved (Username: nikokomninos)","service":"pachingo","timestamp":"2026-01-17 16:15:17"}
{"level":"info","message":"USER: User retrieved (Username: nikokomninos)","service":"pachingo","timestamp":"2026-01-17 16:15:17"}
{"level":"info","message":"USER: User retrieved (Username: nikokomninos)","service":"pachingo","timestamp":"2026-01-17 16:15:17"}
{"level":"info","message":"USER: User retrieved (Username: nikokomninos)","service":"pachingo","timestamp":"2026-01-17 16:15:18"}
{"level":"info","message":"USER: User retrieved (Username: nikokomninos)","service":"pachingo","timestamp":"2026-01-17 16:15:18"}
{"level":"info","message":"USER: User retrieved (Username: nikokomninos)","service":"pachingo","timestamp":"2026-01-17 16:15:18"}
{"level":"info","message":"USER: User retrieved (Username: nikokomninos)","service":"pachingo","timestamp":"2026-01-17 16:15:18"}
{"level":"info","message":"USER: User retrieved (Username: nikokomninos)","service":"pachingo","timestamp":"2026-01-17 16:15:18"}
{"level":"info","message":"USER: User retrieved (Username: nikokomninos)","service":"pachingo","timestamp":"2026-01-17 16:15:18"}
{"level":"info","message":"USER: User retrieved (Username: nikokomninos)","service":"pachingo","timestamp":"2026-01-17 16:15:18"}
{"level":"info","message":"USER: User retrieved (Username: nikokomninos)","service":"pachingo","timestamp":"2026-01-17 16:15:18"}
{"level":"info","message":"USER: User retrieved (Username: nikokomninos)","service":"pachingo","timestamp":"2026-01-17 16:15:18"}
{"level":"info","message":"USER: User retrieved (Username: nikokomninos)","service":"pachingo","timestamp":"2026-01-17 16:15:18"}
{"level":"info","message":"USER: User retrieved (Username: nikokomninos)","service":"pachingo","timestamp":"2026-01-17 16:15:18"}
{"level":"info","message":"USER: User retrieved (Username: nikokomninos)","service":"pachingo","timestamp":"2026-01-17 16:15:18"}
{"level":"info","message":"USER: User retrieved (Username: nikokomninos)","service":"pachingo","timestamp":"2026-01-17 16:15:18"}
{"level":"info","message":"USER: User retrieved (Username: nikokomninos)","service":"pachingo","timestamp":"2026-01-17 16:15:18"}
{"level":"info","message":"USER: User retrieved (Username: nikokomninos)","service":"pachingo","timestamp":"2026-01-17 16:15:18"}
{"level":"info","message":"USER: User retrieved (Username: nikokomninos)","service":"pachingo","timestamp":"2026-01-17 16:15:19"}
{"level":"info","message":"USER: User retrieved (Username: nikokomninos)","service":"pachingo","timestamp":"2026-01-17 16:15:19"}
{"level":"info","message":"USER: User retrieved (Username: nikokomninos)","service":"pachingo","timestamp":"2026-01-17 16:15:19"}
{"level":"info","message":"USER: User retrieved (Username: nikokomninos)","service":"pachingo","timestamp":"2026-01-17 16:15:19"}
{"level":"info","message":"USER: User retrieved (Username: nikokomninos)","service":"pachingo","timestamp":"2026-01-17 16:15:19"}
{"level":"info","message":"USER: User retrieved (Username: nikokomninos)","service":"pachingo","timestamp":"2026-01-17 16:15:19"}
{"level":"info","message":"USER: User retrieved (Username: nikokomninos)","service":"pachingo","timestamp":"2026-01-17 16:15:19"}
{"level":"info","message":"USER: User retrieved (Username: nikokomninos)","service":"pachingo","timestamp":"2026-01-17 16:15:19"}
{"level":"info","message":"USER: User retrieved (Username: nikokomninos)","service":"pachingo","timestamp":"2026-01-17 16:15:19"}
{"level":"info","message":"USER: User retrieved (Username: nikokomninos)","service":"pachingo","timestamp":"2026-01-17 16:15:19"}
{"level":"info","message":"USER: User retrieved (Username: nikokomninos)","service":"pachingo","timestamp":"2026-01-17 16:15:19"}
{"level":"info","message":"USER: User retrieved (Username: nikokomninos)","service":"pachingo","timestamp":"2026-01-17 16:15:19"}
{"level":"info","message":"USER: User retrieved (Username: nikokomninos)","service":"pachingo","timestamp":"2026-01-17 16:15:19"}
{"level":"info","message":"USER: User retrieved (Username: nikokomninos)","service":"pachingo","timestamp":"2026-01-17 16:15:19"}
{"level":"info","message":"USER: User retrieved (Username: nikokomninos)","service":"pachingo","timestamp":"2026-01-17 16:15:19"}
{"level":"info","message":"USER: User retrieved (Username: nikokomninos)","service":"pachingo","timestamp":"2026-01-17 16:15:19"}
{"level":"info","message":"USER: User retrieved (Username: nikokomninos)","service":"pachingo","timestamp":"2026-01-17 16:15:19"}
{"level":"info","message":"USER: User retrieved (Username: nikokomninos)","service":"pachingo","timestamp":"2026-01-17 16:15:20"}
{"level":"info","message":"USER: User retrieved (Username: nikokomninos)","service":"pachingo","timestamp":"2026-01-17 16:15:20"}
{"level":"info","message":"USER: User retrieved (Username: nikokomninos)","service":"pachingo","timestamp":"2026-01-17 16:15:20"}
{"level":"info","message":"USER: User retrieved (Username: nikokomninos)","service":"pachingo","timestamp":"2026-01-17 16:15:20"}
{"level":"info","message":"USER: User retrieved (Username: nikokomninos)","service":"pachingo","timestamp":"2026-01-17 16:15:20"}
{"level":"info","message":"USER: User retrieved (Username: nikokomninos)","service":"pachingo","timestamp":"2026-01-17 16:15:20"}
{"level":"info","message":"USER: User retrieved (Username: nikokomninos)","service":"pachingo","timestamp":"2026-01-17 16:15:20"}
{"level":"info","message":"USER: User retrieved (Username: nikokomninos)","service":"pachingo","timestamp":"2026-01-17 16:15:20"}
{"level":"info","message":"USER: User retrieved (Username: nikokomninos)","service":"pachingo","timestamp":"2026-01-17 16:15:20"}
{"level":"info","message":"USER: User retrieved (Username: nikokomninos)","service":"pachingo","timestamp":"2026-01-17 16:15:20"}
{"level":"info","message":"USER: User retrieved (Username: nikokomninos)","service":"pachingo","timestamp":"2026-01-17 16:15:20"}
{"level":"info","message":"USER: User retrieved (Username: nikokomninos)","service":"pachingo","timestamp":"2026-01-17 16:15:20"}
{"level":"info","message":"USER: User retrieved (Username: nikokomninos)","service":"pachingo","timestamp":"2026-01-17 16:15:20"}
{"level":"info","message":"USER: User retrieved (Username: nikokomninos)","service":"pachingo","timestamp":"2026-01-17 16:15:20"}
{"level":"info","message":"USER: User retrieved (Username: nikokomninos)","service":"pachingo","timestamp":"2026-01-17 16:15:20"}
{"level":"info","message":"USER: User retrieved (Username: nikokomninos)","service":"pachingo","timestamp":"2026-01-17 16:15:20"}
{"level":"info","message":"USER: User retrieved (Username: nikokomninos)","service":"pachingo","timestamp":"2026-01-17 16:15:20"}
{"level":"info","message":"USER: User retrieved (Username: nikokomninos)","service":"pachingo","timestamp":"2026-01-17 16:15:20"}
{"level":"info","message":"USER: User retrieved (Username: nikokomninos)","service":"pachingo","timestamp":"2026-01-17 16:15:21"}
{"level":"info","message":"USER: User retrieved (Username: nikokomninos)","service":"pachingo","timestamp":"2026-01-17 16:15:21"}
{"level":"info","message":"USER: User retrieved (Username: nikokomninos)","service":"pachingo","timestamp":"2026-01-17 16:15:21"}
{"level":"info","message":"USER: User retrieved (Username: nikokomninos)","service":"pachingo","timestamp":"2026-01-17 16:15:21"}
{"level":"info","message":"USER: User retrieved (Username: nikokomninos)","service":"pachingo","timestamp":"2026-01-17 16:15:21"}
{"level":"info","message":"USER: User retrieved (Username: nikokomninos)","service":"pachingo","timestamp":"2026-01-17 16:15:21"}
{"level":"info","message":"USER: User retrieved (Username: nikokomninos)","service":"pachingo","timestamp":"2026-01-17 16:15:21"}
{"level":"info","message":"USER: User retrieved (Username: nikokomninos)","service":"pachingo","timestamp":"2026-01-17 16:15:21"}
{"level":"info","message":"USER: User retrieved (Username: nikokomninos)","service":"pachingo","timestamp":"2026-01-17 16:15:21"}
{"level":"info","message":"USER: User retrieved (Username: nikokomninos)","service":"pachingo","timestamp":"2026-01-17 16:15:21"}
{"level":"info","message":"USER: User retrieved (Username: nikokomninos)","service":"pachingo","timestamp":"2026-01-17 16:15:21"}
{"level":"info","message":"USER: User retrieved (Username: nikokomninos)","service":"pachingo","timestamp":"2026-01-17 16:15:21"}
{"level":"info","message":"USER: User retrieved (Username: nikokomninos)","service":"pachingo","timestamp":"2026-01-17 16:15:21"}
{"level":"info","message":"USER: User retrieved (Username: nikokomninos)","service":"pachingo","timestamp":"2026-01-17 16:16:06"}
{"level":"info","message":"USER: User retrieved (Username: nikokomninos)","service":"pachingo","timestamp":"2026-01-17 16:16:06"}
{"level":"info","message":"USER: User retrieved (Username: nikokomninos)","service":"pachingo","timestamp":"2026-01-17 16:16:06"}
{"level":"info","message":"USER: User retrieved (Username: nikokomninos)","service":"pachingo","timestamp":"2026-01-17 16:16:06"}
{"level":"info","message":"USER: User retrieved (Username: nikokomninos)","service":"pachingo","timestamp":"2026-01-17 16:16:06"}
{"level":"info","message":"USER: User retrieved (Username: nikokomninos)","service":"pachingo","timestamp":"2026-01-17 16:16:06"}
{"level":"info","message":"USER: User retrieved (Username: nikokomninos)","service":"pachingo","timestamp":"2026-01-17 16:16:07"}
{"level":"info","message":"USER: User retrieved (Username: nikokomninos)","service":"pachingo","timestamp":"2026-01-17 16:16:07"}
{"level":"info","message":"USER: User retrieved (Username: nikokomninos)","service":"pachingo","timestamp":"2026-01-17 16:16:07"}
{"level":"info","message":"USER: User retrieved (Username: nikokomninos)","service":"pachingo","timestamp":"2026-01-17 16:16:07"}
{"level":"info","message":"USER: User retrieved (Username: nikokomninos)","service":"pachingo","timestamp":"2026-01-17 16:16:07"}
{"level":"info","message":"USER: User retrieved (Username: nikokomninos)","service":"pachingo","timestamp":"2026-01-17 16:16:07"}
{"level":"info","message":"USER: User retrieved (Username: nikokomninos)","service":"pachingo","timestamp":"2026-01-17 16:16:07"}
{"level":"info","message":"USER: User retrieved (Username: nikokomninos)","service":"pachingo","timestamp":"2026-01-17 16:16:07"}
{"level":"info","message":"USER: User retrieved (Username: nikokomninos)","service":"pachingo","timestamp":"2026-01-17 16:16:07"}
{"level":"info","message":"USER: User retrieved (Username: nikokomninos)","service":"pachingo","timestamp":"2026-01-17 16:16:07"}
{"level":"info","message":"USER: User retrieved (Username: nikokomninos)","service":"pachingo","timestamp":"2026-01-17 16:16:07"}
{"level":"info","message":"USER: User retrieved (Username: nikokomninos)","service":"pachingo","timestamp":"2026-01-17 16:16:08"}
{"level":"info","message":"USER: User retrieved (Username: nikokomninos)","service":"pachingo","timestamp":"2026-01-17 16:16:08"}
{"level":"info","message":"USER: User retrieved (Username: nikokomninos)","service":"pachingo","timestamp":"2026-01-17 16:16:08"}
{"level":"info","message":"USER: User retrieved (Username: nikokomninos)","service":"pachingo","timestamp":"2026-01-17 16:16:08"}
{"level":"info","message":"USER: User retrieved (Username: nikokomninos)","service":"pachingo","timestamp":"2026-01-17 16:16:08"}
{"level":"info","message":"USER: User retrieved (Username: nikokomninos)","service":"pachingo","timestamp":"2026-01-17 16:16:08"}
{"level":"info","message":"USER: User retrieved (Username: nikokomninos)","service":"pachingo","timestamp":"2026-01-17 16:16:08"}
{"level":"info","message":"USER: User retrieved (Username: nikokomninos)","service":"pachingo","timestamp":"2026-01-17 16:16:08"}
{"level":"info","message":"USER: User retrieved (Username: nikokomninos)","service":"pachingo","timestamp":"2026-01-17 16:16:08"}
{"level":"info","message":"USER: User retrieved (Username: nikokomninos)","service":"pachingo","timestamp":"2026-01-17 16:16:09"}
{"level":"info","message":"USER: User retrieved (Username: nikokomninos)","service":"pachingo","timestamp":"2026-01-17 16:16:09"}
{"level":"info","message":"USER: User retrieved (Username: nikokomninos)","service":"pachingo","timestamp":"2026-01-17 16:16:09"}
{"level":"info","message":"USER: User retrieved (Username: nikokomninos)","service":"pachingo","timestamp":"2026-01-17 16:16:09"}
{"level":"info","message":"USER: User retrieved (Username: nikokomninos)","service":"pachingo","timestamp":"2026-01-17 16:16:09"}
{"level":"info","message":"USER: User retrieved (Username: nikokomninos)","service":"pachingo","timestamp":"2026-01-17 16:16:09"}
{"level":"info","message":"USER: User retrieved (Username: nikokomninos)","service":"pachingo","timestamp":"2026-01-17 16:16:09"}
{"level":"info","message":"USER: User retrieved (Username: nikokomninos)","service":"pachingo","timestamp":"2026-01-17 16:16:09"}
{"level":"info","message":"USER: User retrieved (Username: nikokomninos)","service":"pachingo","timestamp":"2026-01-17 16:16:09"}
{"level":"info","message":"USER: User retrieved (Username: nikokomninos)","service":"pachingo","timestamp":"2026-01-17 16:16:10"}
{"level":"info","message":"USER: User retrieved (Username: nikokomninos)","service":"pachingo","timestamp":"2026-01-17 16:16:10"}
{"level":"info","message":"USER: User retrieved (Username: nikokomninos)","service":"pachingo","timestamp":"2026-01-17 16:16:10"}
{"level":"info","message":"USER: User retrieved (Username: nikokomninos)","service":"pachingo","timestamp":"2026-01-17 16:16:10"}
{"level":"info","message":"USER: User retrieved (Username: nikokomninos)","service":"pachingo","timestamp":"2026-01-17 16:16:10"}
{"level":"info","message":"USER: User retrieved (Username: nikokomninos)","service":"pachingo","timestamp":"2026-01-17 16:16:10"}
{"level":"info","message":"USER: User retrieved (Username: nikokomninos)","service":"pachingo","timestamp":"2026-01-17 16:16:10"}
{"level":"info","message":"USER: User retrieved (Username: nikokomninos)","service":"pachingo","timestamp":"2026-01-17 16:16:10"}
{"level":"info","message":"USER: User retrieved (Username: nikokomninos)","service":"pachingo","timestamp":"2026-01-17 16:16:11"}
{"level":"info","message":"USER: User retrieved (Username: nikokomninos)","service":"pachingo","timestamp":"2026-01-17 16:16:11"}
{"level":"info","message":"USER: User retrieved (Username: nikokomninos)","service":"pachingo","timestamp":"2026-01-17 16:16:11"}
{"level":"info","message":"USER: User retrieved (Username: nikokomninos)","service":"pachingo","timestamp":"2026-01-17 16:16:11"}
{"level":"info","message":"USER: User retrieved (Username: nikokomninos)","service":"pachingo","timestamp":"2026-01-17 16:16:11"}
{"level":"info","message":"USER: User retrieved (Username: nikokomninos)","service":"pachingo","timestamp":"2026-01-17 16:16:11"}
{"level":"info","message":"USER: User retrieved (Username: nikokomninos)","service":"pachingo","timestamp":"2026-01-17 16:16:12"}
{"level":"info","message":"USER: User retrieved (Username: nikokomninos)","service":"pachingo","timestamp":"2026-01-17 16:16:12"}
{"level":"info","message":"USER: User retrieved (Username: nikokomninos)","service":"pachingo","timestamp":"2026-01-17 16:16:12"}
{"level":"info","message":"USER: User retrieved (Username: nikokomninos)","service":"pachingo","timestamp":"2026-01-17 16:16:12"}
{"level":"info","message":"USER: User retrieved (Username: nikokomninos)","service":"pachingo","timestamp":"2026-01-17 16:16:12"}
{"level":"info","message":"USER: User retrieved (Username: nikokomninos)","service":"pachingo","timestamp":"2026-01-17 16:16:12"}
{"level":"info","message":"USER: User retrieved (Username: nikokomninos)","service":"pachingo","timestamp":"2026-01-17 16:16:12"}
{"level":"info","message":"USER: User retrieved (Username: nikokomninos)","service":"pachingo","timestamp":"2026-01-17 16:16:12"}
{"level":"info","message":"USER: User retrieved (Username: nikokomninos)","service":"pachingo","timestamp":"2026-01-17 16:16:13"}
{"level":"info","message":"USER: User retrieved (Username: nikokomninos)","service":"pachingo","timestamp":"2026-01-17 16:16:13"}
{"level":"info","message":"USER: User retrieved (Username: nikokomninos)","service":"pachingo","timestamp":"2026-01-17 16:16:13"}
{"level":"info","message":"USER: User retrieved (Username: nikokomninos)","service":"pachingo","timestamp":"2026-01-17 16:16:13"}
{"level":"info","message":"USER: User retrieved (Username: nikokomninos)","service":"pachingo","timestamp":"2026-01-17 16:16:13"}
{"level":"info","message":"USER: User retrieved (Username: nikokomninos)","service":"pachingo","timestamp":"2026-01-17 16:16:13"}
{"level":"info","message":"USER: User retrieved (Username: nikokomninos)","service":"pachingo","timestamp":"2026-01-17 16:16:13"}
{"level":"info","message":"USER: User retrieved (Username: nikokomninos)","service":"pachingo","timestamp":"2026-01-17 16:16:13"}
{"level":"info","message":"USER: User retrieved (Username: nikokomninos)","service":"pachingo","timestamp":"2026-01-17 16:16:13"}
{"level":"info","message":"USER: User retrieved (Username: nikokomninos)","service":"pachingo","timestamp":"2026-01-17 16:16:13"}
{"level":"info","message":"USER: User retrieved (Username: nikokomninos)","service":"pachingo","timestamp":"2026-01-17 16:16:14"}
{"level":"info","message":"USER: User retrieved (Username: nikokomninos)","service":"pachingo","timestamp":"2026-01-17 16:16:46"}
{"level":"info","message":"USER: User retrieved (Username: nikokomninos)","service":"pachingo","timestamp":"2026-01-17 16:16:46"}
{"level":"info","message":"USER: User retrieved (Username: nikokomninos)","service":"pachingo","timestamp":"2026-01-17 16:16:46"}
{"level":"info","message":"USER: User retrieved (Username: nikokomninos)","service":"pachingo","timestamp":"2026-01-17 16:16:46"}
{"level":"info","message":"USER: User retrieved (Username: nikokomninos)","service":"pachingo","timestamp":"2026-01-17 16:16:46"}
{"level":"info","message":"USER: User retrieved (Username: nikokomninos)","service":"pachingo","timestamp":"2026-01-17 16:16:47"}
{"level":"info","message":"USER: User retrieved (Username: nikokomninos)","service":"pachingo","timestamp":"2026-01-17 16:16:47"}
{"level":"info","message":"USER: User retrieved (Username: nikokomninos)","service":"pachingo","timestamp":"2026-01-17 16:16:47"}
{"level":"info","message":"USER: User retrieved (Username: nikokomninos)","service":"pachingo","timestamp":"2026-01-17 16:16:47"}
{"level":"info","message":"USER: User retrieved (Username: nikokomninos)","service":"pachingo","timestamp":"2026-01-17 16:16:47"}
{"level":"info","message":"USER: User retrieved (Username: nikokomninos)","service":"pachingo","timestamp":"2026-01-17 16:16:47"}
{"level":"info","message":"USER: User retrieved (Username: nikokomninos)","service":"pachingo","timestamp":"2026-01-17 16:16:47"}
{"level":"info","message":"USER: User retrieved (Username: nikokomninos)","service":"pachingo","timestamp":"2026-01-17 16:16:47"}
{"level":"info","message":"USER: User retrieved (Username: nikokomninos)","service":"pachingo","timestamp":"2026-01-17 16:16:47"}
{"level":"info","message":"USER: User retrieved (Username: nikokomninos)","service":"pachingo","timestamp":"2026-01-17 16:16:47"}
{"level":"info","message":"USER: User retrieved (Username: nikokomninos)","service":"pachingo","timestamp":"2026-01-17 16:16:48"}
{"level":"info","message":"USER: User retrieved (Username: nikokomninos)","service":"pachingo","timestamp":"2026-01-17 16:16:48"}
{"level":"info","message":"USER: User retrieved (Username: nikokomninos)","service":"pachingo","timestamp":"2026-01-17 16:16:48"}
{"level":"info","message":"USER: User retrieved (Username: nikokomninos)","service":"pachingo","timestamp":"2026-01-17 16:16:51"}
{"level":"info","message":"USER: User retrieved (Username: nikokomninos)","service":"pachingo","timestamp":"2026-01-17 16:16:51"}
{"level":"info","message":"USER: User retrieved (Username: nikokomninos)","service":"pachingo","timestamp":"2026-01-17 16:16:51"}
{"level":"info","message":"USER: User retrieved (Username: nikokomninos)","service":"pachingo","timestamp":"2026-01-17 16:16:51"}
{"level":"info","message":"USER: User retrieved (Username: nikokomninos)","service":"pachingo","timestamp":"2026-01-17 16:16:51"}
{"level":"info","message":"USER: User retrieved (Username: nikokomninos)","service":"pachingo","timestamp":"2026-01-17 16:16:51"}
{"level":"info","message":"USER: User retrieved (Username: nikokomninos)","service":"pachingo","timestamp":"2026-01-17 16:16:51"}
{"level":"info","message":"USER: User retrieved (Username: nikokomninos)","service":"pachingo","timestamp":"2026-01-17 16:16:51"}
{"level":"info","message":"USER: User retrieved (Username: nikokomninos)","service":"pachingo","timestamp":"2026-01-17 16:16:51"}
{"level":"info","message":"USER: User retrieved (Username: nikokomninos)","service":"pachingo","timestamp":"2026-01-17 16:16:51"}
{"level":"info","message":"USER: User retrieved (Username: nikokomninos)","service":"pachingo","timestamp":"2026-01-17 16:16:52"}
{"level":"info","message":"USER: User retrieved (Username: nikokomninos)","service":"pachingo","timestamp":"2026-01-17 16:16:52"}
{"level":"info","message":"USER: User retrieved (Username: nikokomninos)","service":"pachingo","timestamp":"2026-01-17 16:16:52"}
{"level":"info","message":"USER: User retrieved (Username: nikokomninos)","service":"pachingo","timestamp":"2026-01-17 16:16:52"}
{"level":"info","message":"USER: User retrieved (Username: nikokomninos)","service":"pachingo","timestamp":"2026-01-17 16:16:52"}
{"level":"info","message":"USER: User retrieved (Username: nikokomninos)","service":"pachingo","timestamp":"2026-01-17 16:16:52"}
{"level":"info","message":"USER: User retrieved (Username: nikokomninos)","service":"pachingo","timestamp":"2026-01-17 16:16:52"}
{"level":"info","message":"USER: User retrieved (Username: nikokomninos)","service":"pachingo","timestamp":"2026-01-17 16:16:52"}
{"level":"info","message":"USER: User retrieved (Username: nikokomninos)","service":"pachingo","timestamp":"2026-01-17 16:16:52"}
{"level":"info","message":"USER: User retrieved (Username: nikokomninos)","service":"pachingo","timestamp":"2026-01-17 16:16:52"}
{"level":"info","message":"USER: User retrieved (Username: nikokomninos)","service":"pachingo","timestamp":"2026-01-17 16:16:52"}
{"level":"info","message":"USER: User retrieved (Username: nikokomninos)","service":"pachingo","timestamp":"2026-01-17 16:16:52"}
{"level":"info","message":"USER: User retrieved (Username: nikokomninos)","service":"pachingo","timestamp":"2026-01-17 16:16:52"}
{"level":"info","message":"USER: User retrieved (Username: nikokomninos)","service":"pachingo","timestamp":"2026-01-17 16:16:52"}
{"level":"info","message":"USER: User retrieved (Username: nikokomninos)","service":"pachingo","timestamp":"2026-01-17 16:16:52"}
{"level":"info","message":"USER: User retrieved (Username: nikokomninos)","service":"pachingo","timestamp":"2026-01-17 16:16:52"}
{"level":"info","message":"USER: User retrieved (Username: nikokomninos)","service":"pachingo","timestamp":"2026-01-17 16:16:52"}
{"level":"info","message":"USER: User retrieved (Username: nikokomninos)","service":"pachingo","timestamp":"2026-01-17 16:16:53"}
{"level":"info","message":"USER: User retrieved (Username: nikokomninos)","service":"pachingo","timestamp":"2026-01-17 16:16:53"}
{"level":"info","message":"USER: User retrieved (Username: nikokomninos)","service":"pachingo","timestamp":"2026-01-17 16:16:53"}
{"level":"info","message":"USER: User retrieved (Username: nikokomninos)","service":"pachingo","timestamp":"2026-01-17 16:16:54"}
{"level":"info","message":"USER: User retrieved (Username: nikokomninos)","service":"pachingo","timestamp":"2026-01-17 16:16:54"}
{"level":"info","message":"USER: User retrieved (Username: nikokomninos)","service":"pachingo","timestamp":"2026-01-17 16:16:54"}
{"level":"info","message":"USER: User retrieved (Username: nikokomninos)","service":"pachingo","timestamp":"2026-01-17 16:16:54"}
{"level":"info","message":"USER: User retrieved (Username: nikokomninos)","service":"pachingo","timestamp":"2026-01-17 16:16:54"}
{"level":"info","message":"USER: User retrieved (Username: nikokomninos)","service":"pachingo","timestamp":"2026-01-17 16:16:54"}
{"level":"info","message":"USER: User retrieved (Username: nikokomninos)","service":"pachingo","timestamp":"2026-01-17 16:16:55"}
{"level":"info","message":"USER: User retrieved (Username: nikokomninos)","service":"pachingo","timestamp":"2026-01-17 16:16:55"}
{"level":"info","message":"USER: User retrieved (Username: nikokomninos)","service":"pachingo","timestamp":"2026-01-17 16:16:55"}
{"level":"info","message":"USER: User retrieved (Username: nikokomninos)","service":"pachingo","timestamp":"2026-01-17 16:16:55"}
{"level":"info","message":"USER: User retrieved (Username: nikokomninos)","service":"pachingo","timestamp":"2026-01-17 16:16:55"}
{"level":"info","message":"USER: User retrieved (Username: nikokomninos)","service":"pachingo","timestamp":"2026-01-17 16:16:55"}
{"level":"info","message":"USER: User retrieved (Username: nikokomninos)","service":"pachingo","timestamp":"2026-01-17 16:16:55"}
{"level":"info","message":"USER: User retrieved (Username: nikokomninos)","service":"pachingo","timestamp":"2026-01-17 16:16:56"}
{"level":"info","message":"USER: User retrieved (Username: nikokomninos)","service":"pachingo","timestamp":"2026-01-17 16:16:56"}
{"level":"info","message":"USER: User retrieved (Username: nikokomninos)","service":"pachingo","timestamp":"2026-01-17 16:16:56"}
{"level":"info","message":"USER: User retrieved (Username: nikokomninos)","service":"pachingo","timestamp":"2026-01-17 16:16:56"}
{"level":"info","message":"USER: User retrieved (Username: nikokomninos)","service":"pachingo","timestamp":"2026-01-17 16:16:56"}
{"level":"info","message":"USER: User retrieved (Username: nikokomninos)","service":"pachingo","timestamp":"2026-01-17 16:16:56"}
{"level":"info","message":"USER: User retrieved (Username: nikokomninos)","service":"pachingo","timestamp":"2026-01-17 16:16:56"}
{"level":"info","message":"USER: User retrieved (Username: nikokomninos)","service":"pachingo","timestamp":"2026-01-17 16:16:56"}
{"level":"info","message":"USER: User retrieved (Username: nikokomninos)","service":"pachingo","timestamp":"2026-01-17 16:17:09"}
{"level":"info","message":"USER: User retrieved (Username: nikokomninos)","service":"pachingo","timestamp":"2026-01-17 16:17:09"}
{"level":"info","message":"USER: User retrieved (Username: nikokomninos)","service":"pachingo","timestamp":"2026-01-17 16:17:09"}
{"level":"info","message":"USER: User retrieved (Username: nikokomninos)","service":"pachingo","timestamp":"2026-01-17 16:17:09"}
{"level":"info","message":"USER: User retrieved (Username: nikokomninos)","service":"pachingo","timestamp":"2026-01-17 16:17:10"}
{"level":"info","message":"USER: User retrieved (Username: nikokomninos)","service":"pachingo","timestamp":"2026-01-17 16:17:10"}
{"level":"info","message":"USER: User retrieved (Username: nikokomninos)","service":"pachingo","timestamp":"2026-01-17 16:17:10"}
{"level":"info","message":"USER: User retrieved (Username: nikokomninos)","service":"pachingo","timestamp":"2026-01-17 16:17:10"}
{"level":"info","message":"USER: User retrieved (Username: nikokomninos)","service":"pachingo","timestamp":"2026-01-17 16:17:10"}
{"level":"info","message":"USER: User retrieved (Username: nikokomninos)","service":"pachingo","timestamp":"2026-01-17 16:17:10"}
{"level":"info","message":"USER: User retrieved (Username: nikokomninos)","service":"pachingo","timestamp":"2026-01-17 16:17:10"}
{"level":"info","message":"USER: User retrieved (Username: nikokomninos)","service":"pachingo","timestamp":"2026-01-17 16:17:10"}
{"level":"info","message":"USER: User retrieved (Username: nikokomninos)","service":"pachingo","timestamp":"2026-01-17 16:17:10"}
{"level":"info","message":"USER: User retrieved (Username: nikokomninos)","service":"pachingo","timestamp":"2026-01-17 16:17:10"}
{"level":"info","message":"USER: User retrieved (Username: nikokomninos)","service":"pachingo","timestamp":"2026-01-17 16:17:10"}
{"level":"info","message":"USER: User retrieved (Username: nikokomninos)","service":"pachingo","timestamp":"2026-01-17 16:17:10"}
{"level":"info","message":"USER: User retrieved (Username: nikokomninos)","service":"pachingo","timestamp":"2026-01-17 16:17:10"}
{"level":"info","message":"USER: User retrieved (Username: nikokomninos)","service":"pachingo","timestamp":"2026-01-17 16:17:10"}
{"level":"info","message":"USER: User retrieved (Username: nikokomninos)","service":"pachingo","timestamp":"2026-01-17 16:17:10"}
{"level":"info","message":"USER: User retrieved (Username: nikokomninos)","service":"pachingo","timestamp":"2026-01-17 16:17:10"}
{"level":"info","message":"USER: User retrieved (Username: nikokomninos)","service":"pachingo","timestamp":"2026-01-17 16:17:10"}
{"level":"info","message":"USER: User retrieved (Username: nikokomninos)","service":"pachingo","timestamp":"2026-01-17 16:17:10"}
{"level":"info","message":"USER: User retrieved (Username: nikokomninos)","service":"pachingo","timestamp":"2026-01-17 16:17:10"}
{"level":"info","message":"USER: User retrieved (Username: nikokomninos)","service":"pachingo","timestamp":"2026-01-17 16:17:11"}
{"level":"info","message":"USER: User retrieved (Username: nikokomninos)","service":"pachingo","timestamp":"2026-01-17 16:17:11"}
{"level":"info","message":"USER: User retrieved (Username: nikokomninos)","service":"pachingo","timestamp":"2026-01-17 16:17:11"}
{"level":"info","message":"USER: User retrieved (Username: nikokomninos)","service":"pachingo","timestamp":"2026-01-17 16:17:11"}
{"level":"info","message":"USER: User retrieved (Username: nikokomninos)","service":"pachingo","timestamp":"2026-01-17 16:17:11"}
{"level":"info","message":"USER: User retrieved (Username: nikokomninos)","service":"pachingo","timestamp":"2026-01-17 16:17:11"}
{"level":"info","message":"USER: User retrieved (Username: nikokomninos)","service":"pachingo","timestamp":"2026-01-17 16:17:11"}
{"level":"info","message":"USER: User retrieved (Username: nikokomninos)","service":"pachingo","timestamp":"2026-01-17 16:17:11"}
{"level":"info","message":"USER: User retrieved (Username: nikokomninos)","service":"pachingo","timestamp":"2026-01-17 16:17:11"}
{"level":"info","message":"USER: User retrieved (Username: nikokomninos)","service":"pachingo","timestamp":"2026-01-17 16:17:11"}
{"level":"info","message":"USER: User retrieved (Username: nikokomninos)","service":"pachingo","timestamp":"2026-01-17 16:17:11"}
{"level":"info","message":"USER: User retrieved (Username: nikokomninos)","service":"pachingo","timestamp":"2026-01-17 16:17:11"}
{"level":"info","message":"USER: User retrieved (Username: nikokomninos)","service":"pachingo","timestamp":"2026-01-17 16:17:11"}
{"level":"info","message":"USER: User retrieved (Username: nikokomninos)","service":"pachingo","timestamp":"2026-01-17 16:17:11"}
{"level":"info","message":"USER: User retrieved (Username: nikokomninos)","service":"pachingo","timestamp":"2026-01-17 16:17:11"}
{"level":"info","message":"USER: User retrieved (Username: nikokomninos)","service":"pachingo","timestamp":"2026-01-17 16:17:11"}
{"level":"info","message":"USER: User retrieved (Username: nikokomninos)","service":"pachingo","timestamp":"2026-01-17 16:17:11"}
{"level":"info","message":"USER: User retrieved (Username: nikokomninos)","service":"pachingo","timestamp":"2026-01-17 16:17:11"}
{"level":"info","message":"USER: User retrieved (Username: nikokomninos)","service":"pachingo","timestamp":"2026-01-17 16:17:11"}
{"level":"info","message":"USER: User retrieved (Username: nikokomninos)","service":"pachingo","timestamp":"2026-01-17 16:17:11"}
{"level":"info","message":"USER: User retrieved (Username: nikokomninos)","service":"pachingo","timestamp":"2026-01-17 16:17:12"}
{"level":"info","message":"USER: User retrieved (Username: nikokomninos)","service":"pachingo","timestamp":"2026-01-17 16:17:12"}
{"level":"info","message":"USER: User retrieved (Username: nikokomninos)","service":"pachingo","timestamp":"2026-01-17 16:17:12"}
{"level":"info","message":"USER: User retrieved (Username: nikokomninos)","service":"pachingo","timestamp":"2026-01-17 16:17:12"}
{"level":"info","message":"USER: User retrieved (Username: nikokomninos)","service":"pachingo","timestamp":"2026-01-17 16:17:12"}
{"level":"info","message":"USER: User retrieved (Username: nikokomninos)","service":"pachingo","timestamp":"2026-01-17 16:17:12"}
{"level":"info","message":"USER: User retrieved (Username: nikokomninos)","service":"pachingo","timestamp":"2026-01-17 16:17:12"}
{"level":"info","message":"USER: User retrieved (Username: nikokomninos)","service":"pachingo","timestamp":"2026-01-17 16:17:12"}
{"level":"info","message":"USER: User retrieved (Username: nikokomninos)","service":"pachingo","timestamp":"2026-01-17 16:17:12"}
{"level":"info","message":"USER: User retrieved (Username: nikokomninos)","service":"pachingo","timestamp":"2026-01-17 16:17:12"}
{"level":"info","message":"USER: User retrieved (Username: nikokomninos)","service":"pachingo","timestamp":"2026-01-17 16:17:12"}
{"level":"info","message":"USER: User retrieved (Username: nikokomninos)","service":"pachingo","timestamp":"2026-01-17 16:17:12"}
{"level":"info","message":"USER: User retrieved (Username: nikokomninos)","service":"pachingo","timestamp":"2026-01-17 16:17:12"}
{"level":"info","message":"USER: User retrieved (Username: nikokomninos)","service":"pachingo","timestamp":"2026-01-17 16:17:12"}
{"level":"info","message":"USER: User retrieved (Username: nikokomninos)","service":"pachingo","timestamp":"2026-01-17 16:17:12"}
{"level":"info","message":"USER: User retrieved (Username: nikokomninos)","service":"pachingo","timestamp":"2026-01-17 16:17:12"}
{"level":"info","message":"USER: User retrieved (Username: nikokomninos)","service":"pachingo","timestamp":"2026-01-17 16:17:12"}
{"level":"info","message":"USER: User retrieved (Username: nikokomninos)","service":"pachingo","timestamp":"2026-01-17 16:17:12"}
{"level":"info","message":"USER: User retrieved (Username: nikokomninos)","service":"pachingo","timestamp":"2026-01-17 16:17:12"}
{"level":"info","message":"USER: User retrieved (Username: nikokomninos)","service":"pachingo","timestamp":"2026-01-17 16:17:12"}
{"level":"info","message":"USER: User retrieved (Username: nikokomninos)","service":"pachingo","timestamp":"2026-01-17 16:17:17"}
{"level":"info","message":"USER: User retrieved (Username: nikokomninos)","service":"pachingo","timestamp":"2026-01-17 16:17:17"}
{"level":"info","message":"USER: User retrieved (Username: nikokomninos)","service":"pachingo","timestamp":"2026-01-17 16:17:17"}
{"level":"info","message":"USER: User retrieved (Username: nikokomninos)","service":"pachingo","timestamp":"2026-01-17 16:17:17"}
{"level":"info","message":"USER: User retrieved (Username: nikokomninos)","service":"pachingo","timestamp":"2026-01-17 16:17:17"}
{"level":"info","message":"USER: User retrieved (Username: nikokomninos)","service":"pachingo","timestamp":"2026-01-17 16:17:17"}
{"level":"info","message":"USER: User retrieved (Username: nikokomninos)","service":"pachingo","timestamp":"2026-01-17 16:17:17"}
{"level":"info","message":"USER: User retrieved (Username: nikokomninos)","service":"pachingo","timestamp":"2026-01-17 16:17:17"}
{"level":"info","message":"USER: User retrieved (Username: nikokomninos)","service":"pachingo","timestamp":"2026-01-17 16:17:17"}
{"level":"info","message":"USER: User retrieved (Username: nikokomninos)","service":"pachingo","timestamp":"2026-01-17 16:17:17"}
{"level":"info","message":"USER: User retrieved (Username: nikokomninos)","service":"pachingo","timestamp":"2026-01-17 16:17:17"}
{"level":"info","message":"USER: User retrieved (Username: nikokomninos)","service":"pachingo","timestamp":"2026-01-17 16:17:17"}
{"level":"info","message":"USER: User retrieved (Username: nikokomninos)","service":"pachingo","timestamp":"2026-01-17 16:17:18"}
{"level":"info","message":"USER: User retrieved (Username: nikokomninos)","service":"pachingo","timestamp":"2026-01-17 16:17:18"}
{"level":"info","message":"USER: User retrieved (Username: nikokomninos)","service":"pachingo","timestamp":"2026-01-17 16:17:18"}
{"level":"info","message":"USER: User retrieved (Username: nikokomninos)","service":"pachingo","timestamp":"2026-01-17 16:17:18"}
{"level":"info","message":"USER: User retrieved (Username: nikokomninos)","service":"pachingo","timestamp":"2026-01-17 16:17:18"}
{"level":"info","message":"USER: User retrieved (Username: nikokomninos)","service":"pachingo","timestamp":"2026-01-17 16:17:18"}
{"level":"info","message":"USER: User retrieved (Username: nikokomninos)","service":"pachingo","timestamp":"2026-01-17 16:17:18"}
{"level":"info","message":"USER: User retrieved (Username: nikokomninos)","service":"pachingo","timestamp":"2026-01-17 16:17:18"}
{"level":"info","message":"USER: User retrieved (Username: nikokomninos)","service":"pachingo","timestamp":"2026-01-17 16:17:18"}
{"level":"info","message":"USER: User retrieved (Username: nikokomninos)","service":"pachingo","timestamp":"2026-01-17 16:17:18"}
{"level":"info","message":"USER: User retrieved (Username: nikokomninos)","service":"pachingo","timestamp":"2026-01-17 16:17:18"}
{"level":"info","message":"USER: User retrieved (Username: nikokomninos)","service":"pachingo","timestamp":"2026-01-17 16:17:18"}
{"level":"info","message":"USER: User retrieved (Username: nikokomninos)","service":"pachingo","timestamp":"2026-01-17 16:17:18"}
{"level":"info","message":"USER: User retrieved (Username: nikokomninos)","service":"pachingo","timestamp":"2026-01-17 16:17:18"}
{"level":"info","message":"USER: User retrieved (Username: nikokomninos)","service":"pachingo","timestamp":"2026-01-17 16:17:18"}
{"level":"info","message":"USER: User retrieved (Username: nikokomninos)","service":"pachingo","timestamp":"2026-01-17 16:17:18"}
{"level":"info","message":"USER: User retrieved (Username: nikokomninos)","service":"pachingo","timestamp":"2026-01-17 16:17:18"}
{"level":"info","message":"USER: User retrieved (Username: nikokomninos)","service":"pachingo","timestamp":"2026-01-17 16:17:18"}
{"level":"info","message":"USER: User retrieved (Username: nikokomninos)","service":"pachingo","timestamp":"2026-01-17 16:17:18"}
{"level":"info","message":"USER: User retrieved (Username: nikokomninos)","service":"pachingo","timestamp":"2026-01-17 16:17:18"}
{"level":"info","message":"USER: User retrieved (Username: nikokomninos)","service":"pachingo","timestamp":"2026-01-17 16:17:19"}
{"level":"info","message":"USER: User retrieved (Username: nikokomninos)","service":"pachingo","timestamp":"2026-01-17 16:17:19"}
{"level":"info","message":"USER: User retrieved (Username: nikokomninos)","service":"pachingo","timestamp":"2026-01-17 16:17:19"}
{"level":"info","message":"USER: User retrieved (Username: nikokomninos)","service":"pachingo","timestamp":"2026-01-17 16:17:19"}
{"level":"info","message":"USER: User retrieved (Username: nikokomninos)","service":"pachingo","timestamp":"2026-01-17 16:17:19"}
{"level":"info","message":"USER: User retrieved (Username: nikokomninos)","service":"pachingo","timestamp":"2026-01-17 16:18:00"}
{"level":"info","message":"USER: User retrieved (Username: nikokomninos)","service":"pachingo","timestamp":"2026-01-17 16:18:00"}
{"level":"info","message":"USER: User retrieved (Username: nikokomninos)","service":"pachingo","timestamp":"2026-01-17 16:18:00"}
{"level":"info","message":"USER: User retrieved (Username: nikokomninos)","service":"pachingo","timestamp":"2026-01-17 16:18:00"}
{"level":"info","message":"USER: User retrieved (Username: nikokomninos)","service":"pachingo","timestamp":"2026-01-17 16:18:00"}
{"level":"info","message":"USER: User retrieved (Username: nikokomninos)","service":"pachingo","timestamp":"2026-01-17 16:18:00"}
{"level":"info","message":"USER: User retrieved (Username: nikokomninos)","service":"pachingo","timestamp":"2026-01-17 16:18:00"}
{"level":"info","message":"USER: User retrieved (Username: nikokomninos)","service":"pachingo","timestamp":"2026-01-17 16:18:00"}
{"level":"info","message":"USER: User retrieved (Username: nikokomninos)","service":"pachingo","timestamp":"2026-01-17 16:18:00"}
{"level":"info","message":"USER: User retrieved (Username: nikokomninos)","service":"pachingo","timestamp":"2026-01-17 16:18:00"}
{"level":"info","message":"USER: User retrieved (Username: nikokomninos)","service":"pachingo","timestamp":"2026-01-17 16:18:00"}
{"level":"info","message":"USER: User retrieved (Username: nikokomninos)","service":"pachingo","timestamp":"2026-01-17 16:18:00"}
{"level":"info","message":"USER: User retrieved (Username: nikokomninos)","service":"pachingo","timestamp":"2026-01-17 16:18:00"}
{"level":"info","message":"USER: User retrieved (Username: nikokomninos)","service":"pachingo","timestamp":"2026-01-17 16:18:01"}
{"level":"info","message":"USER: User retrieved (Username: nikokomninos)","service":"pachingo","timestamp":"2026-01-17 16:18:01"}
{"level":"info","message":"USER: User retrieved (Username: nikokomninos)","service":"pachingo","timestamp":"2026-01-17 16:18:01"}
{"level":"info","message":"USER: User retrieved (Username: nikokomninos)","service":"pachingo","timestamp":"2026-01-17 16:18:01"}
{"level":"info","message":"USER: User retrieved (Username: nikokomninos)","service":"pachingo","timestamp":"2026-01-17 16:18:01"}
{"level":"info","message":"USER: User retrieved (Username: nikokomninos)","service":"pachingo","timestamp":"2026-01-17 16:18:01"}
{"level":"info","message":"USER: User retrieved (Username: nikokomninos)","service":"pachingo","timestamp":"2026-01-17 16:18:01"}
{"level":"info","message":"USER: User retrieved (Username: nikokomninos)","service":"pachingo","timestamp":"2026-01-17 16:18:02"}
{"level":"info","message":"USER: User retrieved (Username: nikokomninos)","service":"pachingo","timestamp":"2026-01-17 16:18:02"}
{"level":"info","message":"USER: User retrieved (Username: nikokomninos)","service":"pachingo","timestamp":"2026-01-17 16:18:02"}
{"level":"info","message":"USER: User retrieved (Username: nikokomninos)","service":"pachingo","timestamp":"2026-01-17 16:18:02"}
{"level":"info","message":"USER: User retrieved (Username: nikokomninos)","service":"pachingo","timestamp":"2026-01-17 16:19:08"}
{"level":"info","message":"USER: User retrieved (Username: nikokomninos)","service":"pachingo","timestamp":"2026-01-17 16:19:08"}
{"level":"info","message":"USER: User retrieved (Username: nikokomninos)","service":"pachingo","timestamp":"2026-01-17 16:19:08"}
{"level":"info","message":"USER: User retrieved (Username: nikokomninos)","service":"pachingo","timestamp":"2026-01-17 16:19:08"}
{"level":"info","message":"USER: User retrieved (Username: nikokomninos)","service":"pachingo","timestamp":"2026-01-17 16:19:08"}
{"level":"info","message":"USER: User retrieved (Username: nikokomninos)","service":"pachingo","timestamp":"2026-01-17 16:19:08"}
{"level":"info","message":"USER: User retrieved (Username: nikokomninos)","service":"pachingo","timestamp":"2026-01-17 16:19:08"}
{"level":"info","message":"USER: User retrieved (Username: nikokomninos)","service":"pachingo","timestamp":"2026-01-17 16:19:43"}
{"level":"info","message":"USER: User retrieved (Username: nikokomninos)","service":"pachingo","timestamp":"2026-01-17 16:19:43"}
{"level":"info","message":"USER: User retrieved (Username: nikokomninos)","service":"pachingo","timestamp":"2026-01-17 16:19:43"}
{"level":"info","message":"USER: User retrieved (Username: nikokomninos)","service":"pachingo","timestamp":"2026-01-17 16:19:44"}
{"level":"info","message":"USER: User retrieved (Username: nikokomninos)","service":"pachingo","timestamp":"2026-01-17 16:19:44"}
{"level":"info","message":"USER: User retrieved (Username: nikokomninos)","service":"pachingo","timestamp":"2026-01-17 16:19:44"}
{"level":"info","message":"USER: User retrieved (Username: nikokomninos)","service":"pachingo","timestamp":"2026-01-17 16:19:45"}
{"level":"info","message":"USER: User retrieved (Username: nikokomninos)","service":"pachingo","timestamp":"2026-01-17 16:19:45"}
{"level":"info","message":"USER: User retrieved (Username: nikokomninos)","service":"pachingo","timestamp":"2026-01-17 16:19:45"}
{"level":"info","message":"USER: User retrieved (Username: nikokomninos)","service":"pachingo","timestamp":"2026-01-17 16:19:45"}
{"level":"info","message":"USER: User retrieved (Username: nikokomninos)","service":"pachingo","timestamp":"2026-01-17 16:19:45"}
{"level":"info","message":"USER: User retrieved (Username: nikokomninos)","service":"pachingo","timestamp":"2026-01-17 16:19:45"}
{"level":"info","message":"USER: User retrieved (Username: nikokomninos)","service":"pachingo","timestamp":"2026-01-17 16:19:45"}
{"level":"info","message":"USER: User retrieved (Username: nikokomninos)","service":"pachingo","timestamp":"2026-01-17 16:19:45"}
{"level":"info","message":"USER: User retrieved (Username: nikokomninos)","service":"pachingo","timestamp":"2026-01-17 16:19:45"}
{"level":"info","message":"USER: User retrieved (Username: nikokomninos)","service":"pachingo","timestamp":"2026-01-17 16:19:45"}
{"level":"info","message":"USER: User retrieved (Username: nikokomninos)","service":"pachingo","timestamp":"2026-01-17 16:19:45"}
{"level":"info","message":"USER: User retrieved (Username: nikokomninos)","service":"pachingo","timestamp":"2026-01-17 16:19:46"}
{"level":"info","message":"USER: User retrieved (Username: nikokomninos)","service":"pachingo","timestamp":"2026-01-17 16:19:46"}
{"level":"info","message":"USER: User retrieved (Username: nikokomninos)","service":"pachingo","timestamp":"2026-01-17 16:19:46"}
{"level":"info","message":"USER: User retrieved (Username: nikokomninos)","service":"pachingo","timestamp":"2026-01-17 16:19:46"}
{"level":"info","message":"USER: User retrieved (Username: nikokomninos)","service":"pachingo","timestamp":"2026-01-17 16:20:54"}
{"level":"info","message":"USER: User retrieved (Username: nikokomninos)","service":"pachingo","timestamp":"2026-01-17 16:20:54"}
{"level":"info","message":"USER: User retrieved (Username: nikokomninos)","service":"pachingo","timestamp":"2026-01-17 16:20:54"}
{"level":"info","message":"USER: User retrieved (Username: nikokomninos)","service":"pachingo","timestamp":"2026-01-17 16:20:54"}
{"level":"info","message":"USER: User retrieved (Username: nikokomninos)","service":"pachingo","timestamp":"2026-01-17 16:20:54"}
{"level":"info","message":"USER: User retrieved (Username: nikokomninos)","service":"pachingo","timestamp":"2026-01-17 16:20:54"}
{"level":"info","message":"USER: User retrieved (Username: nikokomninos)","service":"pachingo","timestamp":"2026-01-17 16:20:54"}
{"level":"info","message":"USER: User retrieved (Username: nikokomninos)","service":"pachingo","timestamp":"2026-01-17 16:20:54"}
{"level":"info","message":"USER: User retrieved (Username: nikokomninos)","service":"pachingo","timestamp":"2026-01-17 16:20:54"}
{"level":"info","message":"USER: User retrieved (Username: nikokomninos)","service":"pachingo","timestamp":"2026-01-17 16:20:54"}
{"level":"info","message":"USER: User retrieved (Username: nikokomninos)","service":"pachingo","timestamp":"2026-01-17 16:20:54"}
{"level":"info","message":"USER: User retrieved (Username: nikokomninos)","service":"pachingo","timestamp":"2026-01-17 16:20:55"}
{"level":"info","message":"USER: User retrieved (Username: nikokomninos)","service":"pachingo","timestamp":"2026-01-17 16:20:55"}
{"level":"info","message":"USER: User retrieved (Username: nikokomninos)","service":"pachingo","timestamp":"2026-01-17 16:20:55"}
{"level":"info","message":"USER: User retrieved (Username: nikokomninos)","service":"pachingo","timestamp":"2026-01-17 16:20:55"}
{"level":"info","message":"USER: User retrieved (Username: nikokomninos)","service":"pachingo","timestamp":"2026-01-17 16:20:55"}
{"level":"info","message":"USER: User retrieved (Username: nikokomninos)","service":"pachingo","timestamp":"2026-01-17 16:20:55"}
{"level":"info","message":"USER: User retrieved (Username: nikokomninos)","service":"pachingo","timestamp":"2026-01-17 16:20:55"}
{"level":"info","message":"USER: User retrieved (Username: nikokomninos)","service":"pachingo","timestamp":"2026-01-17 16:20:55"}
{"level":"info","message":"USER: User retrieved (Username: nikokomninos)","service":"pachingo","timestamp":"2026-01-17 16:20:55"}
{"level":"info","message":"USER: User retrieved (Username: nikokomninos)","service":"pachingo","timestamp":"2026-01-17 16:20:55"}
{"level":"info","message":"USER: User retrieved (Username: nikokomninos)","service":"pachingo","timestamp":"2026-01-17 16:20:56"}
{"level":"info","message":"USER: User retrieved (Username: nikokomninos)","service":"pachingo","timestamp":"2026-01-17 16:20:56"}
{"level":"info","message":"USER: User retrieved (Username: nikokomninos)","service":"pachingo","timestamp":"2026-01-17 16:20:56"}
{"level":"info","message":"USER: User retrieved (Username: nikokomninos)","service":"pachingo","timestamp":"2026-01-17 16:20:56"}
{"level":"info","message":"USER: User retrieved (Username: nikokomninos)","service":"pachingo","timestamp":"2026-01-17 16:20:56"}
{"level":"info","message":"USER: User retrieved (Username: nikokomninos)","service":"pachingo","timestamp":"2026-01-17 16:20:56"}
{"level":"info","message":"USER: User retrieved (Username: nikokomninos)","service":"pachingo","timestamp":"2026-01-17 16:20:57"}
{"level":"info","message":"USER: User retrieved (Username: nikokomninos)","service":"pachingo","timestamp":"2026-01-17 16:20:57"}
{"level":"info","message":"USER: User retrieved (Username: nikokomninos)","service":"pachingo","timestamp":"2026-01-17 16:20:57"}
{"level":"info","message":"USER: User retrieved (Username: nikokomninos)","service":"pachingo","timestamp":"2026-01-17 16:20:57"}
{"level":"info","message":"USER: User retrieved (Username: nikokomninos)","service":"pachingo","timestamp":"2026-01-17 16:20:57"}
{"level":"info","message":"USER: User retrieved (Username: nikokomninos)","service":"pachingo","timestamp":"2026-01-17 16:20:57"}
{"level":"info","message":"USER: User retrieved (Username: nikokomninos)","service":"pachingo","timestamp":"2026-01-17 16:20:57"}
{"level":"info","message":"USER: User retrieved (Username: nikokomninos)","service":"pachingo","timestamp":"2026-01-17 16:20:57"}
{"level":"info","message":"USER: User retrieved (Username: nikokomninos)","service":"pachingo","timestamp":"2026-01-17 16:20:57"}
{"level":"info","message":"USER: User retrieved (Username: nikokomninos)","service":"pachingo","timestamp":"2026-01-17 16:20:57"}
{"level":"info","message":"USER: User retrieved (Username: nikokomninos)","service":"pachingo","timestamp":"2026-01-17 16:20:57"}
{"level":"info","message":"USER: User retrieved (Username: nikokomninos)","service":"pachingo","timestamp":"2026-01-17 16:20:57"}
{"level":"info","message":"USER: User retrieved (Username: nikokomninos)","service":"pachingo","timestamp":"2026-01-17 16:20:57"}
{"level":"info","message":"USER: User retrieved (Username: nikokomninos)","service":"pachingo","timestamp":"2026-01-17 16:20:57"}
{"level":"info","message":"USER: User retrieved (Username: nikokomninos)","service":"pachingo","timestamp":"2026-01-17 16:20:57"}
{"level":"info","message":"USER: User retrieved (Username: nikokomninos)","service":"pachingo","timestamp":"2026-01-17 16:20:57"}
{"level":"info","message":"USER: User retrieved (Username: nikokomninos)","service":"pachingo","timestamp":"2026-01-17 16:20:57"}
{"level":"info","message":"USER: User retrieved (Username: nikokomninos)","service":"pachingo","timestamp":"2026-01-17 16:20:57"}
{"level":"info","message":"USER: User retrieved (Username: nikokomninos)","service":"pachingo","timestamp":"2026-01-17 16:20:58"}
{"level":"info","message":"USER: User retrieved (Username: nikokomninos)","service":"pachingo","timestamp":"2026-01-17 16:20:58"}
{"level":"info","message":"USER: User retrieved (Username: nikokomninos)","service":"pachingo","timestamp":"2026-01-17 16:20:58"}
{"level":"info","message":"USER: User retrieved (Username: nikokomninos)","service":"pachingo","timestamp":"2026-01-17 16:20:58"}
{"level":"info","message":"USER: User retrieved (Username: nikokomninos)","service":"pachingo","timestamp":"2026-01-17 16:20:58"}
{"level":"info","message":"USER: User retrieved (Username: nikokomninos)","service":"pachingo","timestamp":"2026-01-17 16:20:58"}
{"level":"info","message":"USER: User retrieved (Username: nikokomninos)","service":"pachingo","timestamp":"2026-01-17 16:20:58"}
{"level":"info","message":"USER: User retrieved (Username: nikokomninos)","service":"pachingo","timestamp":"2026-01-17 16:20:58"}
{"level":"info","message":"USER: User retrieved (Username: nikokomninos)","service":"pachingo","timestamp":"2026-01-17 16:20:58"}
{"level":"info","message":"USER: User retrieved (Username: nikokomninos)","service":"pachingo","timestamp":"2026-01-17 16:20:58"}
{"level":"info","message":"USER: User retrieved (Username: nikokomninos)","service":"pachingo","timestamp":"2026-01-17 16:20:58"}
{"level":"info","message":"USER: User retrieved (Username: nikokomninos)","service":"pachingo","timestamp":"2026-01-17 16:20:58"}
{"level":"info","message":"USER: User retrieved (Username: nikokomninos)","service":"pachingo","timestamp":"2026-01-17 16:20:58"}
{"level":"info","message":"USER: User retrieved (Username: nikokomninos)","service":"pachingo","timestamp":"2026-01-17 16:20:58"}
{"level":"info","message":"USER: User retrieved (Username: nikokomninos)","service":"pachingo","timestamp":"2026-01-17 16:20:58"}
{"level":"info","message":"USER: User retrieved (Username: nikokomninos)","service":"pachingo","timestamp":"2026-01-17 16:20:58"}
{"level":"info","message":"USER: User retrieved (Username: nikokomninos)","service":"pachingo","timestamp":"2026-01-17 16:20:58"}
{"level":"info","message":"USER: User retrieved (Username: nikokomninos)","service":"pachingo","timestamp":"2026-01-17 16:20:58"}
{"level":"info","message":"USER: User retrieved (Username: nikokomninos)","service":"pachingo","timestamp":"2026-01-17 16:20:58"}
{"level":"info","message":"USER: User retrieved (Username: nikokomninos)","service":"pachingo","timestamp":"2026-01-17 16:20:58"}
{"level":"info","message":"USER: User retrieved (Username: nikokomninos)","service":"pachingo","timestamp":"2026-01-17 16:20:59"}
{"level":"info","message":"USER: User retrieved (Username: nikokomninos)","service":"pachingo","timestamp":"2026-01-17 16:20:59"}
{"level":"info","message":"USER: User retrieved (Username: nikokomninos)","service":"pachingo","timestamp":"2026-01-17 16:20:59"}
{"level":"info","message":"USER: User retrieved (Username: nikokomninos)","service":"pachingo","timestamp":"2026-01-17 16:20:59"}
{"level":"info","message":"USER: User retrieved (Username: nikokomninos)","service":"pachingo","timestamp":"2026-01-17 16:20:59"}
{"level":"info","message":"USER: User retrieved (Username: nikokomninos)","service":"pachingo","timestamp":"2026-01-17 16:20:59"}
{"level":"info","message":"USER: User retrieved (Username: nikokomninos)","service":"pachingo","timestamp":"2026-01-17 16:20:59"}
{"level":"info","message":"USER: User retrieved (Username: nikokomninos)","service":"pachingo","timestamp":"2026-01-17 16:21:01"}
{"level":"info","message":"USER: User retrieved (Username: nikokomninos)","service":"pachingo","timestamp":"2026-01-17 16:21:01"}
{"level":"info","message":"USER: User retrieved (Username: nikokomninos)","service":"pachingo","timestamp":"2026-01-17 16:21:01"}
{"level":"info","message":"USER: User retrieved (Username: nikokomninos)","service":"pachingo","timestamp":"2026-01-17 16:21:02"}
{"level":"info","message":"USER: User retrieved (Username: nikokomninos)","service":"pachingo","timestamp":"2026-01-17 16:21:02"}
{"level":"info","message":"USER: User retrieved (Username: nikokomninos)","service":"pachingo","timestamp":"2026-01-17 16:21:02"}
{"level":"info","message":"USER: User retrieved (Username: nikokomninos)","service":"pachingo","timestamp":"2026-01-17 16:21:02"}
{"level":"info","message":"USER: User retrieved (Username: nikokomninos)","service":"pachingo","timestamp":"2026-01-17 16:21:02"}
{"level":"info","message":"USER: User retrieved (Username: nikokomninos)","service":"pachingo","timestamp":"2026-01-17 16:21:02"}
{"level":"info","message":"USER: User retrieved (Username: nikokomninos)","service":"pachingo","timestamp":"2026-01-17 16:21:02"}
{"level":"info","message":"USER: User retrieved (Username: nikokomninos)","service":"pachingo","timestamp":"2026-01-17 16:21:02"}
{"level":"info","message":"USER: User retrieved (Username: nikokomninos)","service":"pachingo","timestamp":"2026-01-17 16:21:02"}
{"level":"info","message":"USER: User retrieved (Username: nikokomninos)","service":"pachingo","timestamp":"2026-01-17 16:21:03"}
{"level":"info","message":"USER: User retrieved (Username: nikokomninos)","service":"pachingo","timestamp":"2026-01-17 16:21:03"}
{"level":"info","message":"USER: User retrieved (Username: nikokomninos)","service":"pachingo","timestamp":"2026-01-17 16:21:03"}
{"level":"info","message":"USER: User retrieved (Username: nikokomninos)","service":"pachingo","timestamp":"2026-01-17 16:21:03"}
{"level":"info","message":"USER: User retrieved (Username: nikokomninos)","service":"pachingo","timestamp":"2026-01-17 16:21:03"}
{"level":"info","message":"USER: User retrieved (Username: nikokomninos)","service":"pachingo","timestamp":"2026-01-17 16:21:03"}
{"level":"info","message":"USER: User retrieved (Username: nikokomninos)","service":"pachingo","timestamp":"2026-01-17 16:21:03"}
{"level":"info","message":"USER: User retrieved (Username: nikokomninos)","service":"pachingo","timestamp":"2026-01-17 16:21:03"}
{"level":"info","message":"USER: User retrieved (Username: nikokomninos)","service":"pachingo","timestamp":"2026-01-17 16:21:03"}
{"level":"info","message":"USER: User retrieved (Username: nikokomninos)","service":"pachingo","timestamp":"2026-01-17 16:21:03"}
{"level":"info","message":"USER: User retrieved (Username: nikokomninos)","service":"pachingo","timestamp":"2026-01-17 16:21:03"}
{"level":"info","message":"USER: User retrieved (Username: nikokomninos)","service":"pachingo","timestamp":"2026-01-17 16:21:03"}
{"level":"info","message":"USER: User retrieved (Username: nikokomninos)","service":"pachingo","timestamp":"2026-01-17 16:21:03"}
{"level":"info","message":"USER: User retrieved (Username: nikokomninos)","service":"pachingo","timestamp":"2026-01-17 16:21:04"}
{"level":"info","message":"USER: User retrieved (Username: nikokomninos)","service":"pachingo","timestamp":"2026-01-17 16:21:04"}
{"level":"info","message":"USER: User retrieved (Username: nikokomninos)","service":"pachingo","timestamp":"2026-01-17 16:21:04"}
{"level":"info","message":"USER: User retrieved (Username: nikokomninos)","service":"pachingo","timestamp":"2026-01-17 16:21:04"}
{"level":"info","message":"USER: User retrieved (Username: nikokomninos)","service":"pachingo","timestamp":"2026-01-17 16:21:04"}
{"level":"info","message":"USER: User retrieved (Username: nikokomninos)","service":"pachingo","timestamp":"2026-01-17 16:21:04"}
{"level":"info","message":"USER: User retrieved (Username: nikokomninos)","service":"pachingo","timestamp":"2026-01-17 16:21:04"}
{"level":"info","message":"USER: User retrieved (Username: nikokomninos)","service":"pachingo","timestamp":"2026-01-17 16:21:04"}
{"level":"info","message":"USER: User retrieved (Username: nikokomninos)","service":"pachingo","timestamp":"2026-01-17 16:21:04"}
{"level":"info","message":"USER: User retrieved (Username: nikokomninos)","service":"pachingo","timestamp":"2026-01-17 16:21:04"}
{"level":"info","message":"USER: User retrieved (Username: nikokomninos)","service":"pachingo","timestamp":"2026-01-17 16:21:05"}
{"level":"info","message":"USER: User retrieved (Username: nikokomninos)","service":"pachingo","timestamp":"2026-01-17 16:21:05"}
{"level":"info","message":"USER: User retrieved (Username: nikokomninos)","service":"pachingo","timestamp":"2026-01-17 16:21:05"}
{"level":"info","message":"USER: User retrieved (Username: nikokomninos)","service":"pachingo","timestamp":"2026-01-17 16:21:05"}
{"level":"info","message":"USER: User retrieved (Username: nikokomninos)","service":"pachingo","timestamp":"2026-01-17 16:21:05"}
{"level":"info","message":"USER: User retrieved (Username: nikokomninos)","service":"pachingo","timestamp":"2026-01-17 16:21:05"}
{"level":"info","message":"USER: User retrieved (Username: nikokomninos)","service":"pachingo","timestamp":"2026-01-17 16:21:05"}
{"level":"info","message":"USER: User retrieved (Username: nikokomninos)","service":"pachingo","timestamp":"2026-01-17 16:21:05"}
{"level":"info","message":"USER: User retrieved (Username: nikokomninos)","service":"pachingo","timestamp":"2026-01-17 16:21:05"}
{"level":"info","message":"USER: User retrieved (Username: nikokomninos)","service":"pachingo","timestamp":"2026-01-17 16:21:05"}
{"level":"info","message":"USER: User retrieved (Username: nikokomninos)","service":"pachingo","timestamp":"2026-01-17 16:21:05"}
{"level":"info","message":"USER: User retrieved (Username: nikokomninos)","service":"pachingo","timestamp":"2026-01-17 16:21:06"}
{"level":"info","message":"USER: User retrieved (Username: nikokomninos)","service":"pachingo","timestamp":"2026-01-17 16:21:06"}
{"level":"info","message":"USER: User retrieved (Username: nikokomninos)","service":"pachingo","timestamp":"2026-01-17 16:21:20"}
{"level":"info","message":"USER: User retrieved (Username: nikokomninos)","service":"pachingo","timestamp":"2026-01-17 16:21:20"}
{"level":"info","message":"USER: User retrieved (Username: nikokomninos)","service":"pachingo","timestamp":"2026-01-17 16:21:20"}
{"level":"info","message":"USER: User retrieved (Username: nikokomninos)","service":"pachingo","timestamp":"2026-01-17 16:21:20"}
{"level":"info","message":"USER: User retrieved (Username: nikokomninos)","service":"pachingo","timestamp":"2026-01-17 16:21:20"}
{"level":"info","message":"USER: User retrieved (Username: nikokomninos)","service":"pachingo","timestamp":"2026-01-17 16:21:20"}
{"level":"info","message":"USER: User retrieved (Username: nikokomninos)","service":"pachingo","timestamp":"2026-01-17 16:21:21"}
{"level":"info","message":"USER: User retrieved (Username: nikokomninos)","service":"pachingo","timestamp":"2026-01-17 16:21:21"}
{"level":"info","message":"USER: User retrieved (Username: nikokomninos)","service":"pachingo","timestamp":"2026-01-17 16:21:21"}
{"level":"info","message":"USER: User retrieved (Username: nikokomninos)","service":"pachingo","timestamp":"2026-01-17 16:21:21"}
{"level":"info","message":"USER: User retrieved (Username: nikokomninos)","service":"pachingo","timestamp":"2026-01-17 16:21:21"}
{"level":"info","message":"USER: User retrieved (Username: nikokomninos)","service":"pachingo","timestamp":"2026-01-17 16:21:21"}
{"level":"info","message":"USER: User retrieved (Username: nikokomninos)","service":"pachingo","timestamp":"2026-01-17 16:21:21"}
{"level":"info","message":"USER: User retrieved (Username: nikokomninos)","service":"pachingo","timestamp":"2026-01-17 16:21:21"}
{"level":"info","message":"USER: User retrieved (Username: nikokomninos)","service":"pachingo","timestamp":"2026-01-17 16:21:21"}
{"level":"info","message":"USER: User retrieved (Username: nikokomninos)","service":"pachingo","timestamp":"2026-01-17 16:21:21"}
{"level":"info","message":"USER: User retrieved (Username: nikokomninos)","service":"pachingo","timestamp":"2026-01-17 16:21:21"}
{"level":"info","message":"USER: User retrieved (Username: nikokomninos)","service":"pachingo","timestamp":"2026-01-17 16:21:21"}
{"level":"info","message":"USER: User retrieved (Username: nikokomninos)","service":"pachingo","timestamp":"2026-01-17 16:21:22"}
{"level":"info","message":"USER: User retrieved (Username: nikokomninos)","service":"pachingo","timestamp":"2026-01-17 16:21:22"}
{"level":"info","message":"USER: User retrieved (Username: nikokomninos)","service":"pachingo","timestamp":"2026-01-17 16:21:22"}
{"level":"info","message":"USER: User retrieved (Username: nikokomninos)","service":"pachingo","timestamp":"2026-01-17 16:21:22"}
{"level":"info","message":"USER: User retrieved (Username: nikokomninos)","service":"pachingo","timestamp":"2026-01-17 16:21:22"}
{"level":"info","message":"USER: User retrieved (Username: nikokomninos)","service":"pachingo","timestamp":"2026-01-17 16:21:22"}
{"level":"info","message":"USER: User retrieved (Username: nikokomninos)","service":"pachingo","timestamp":"2026-01-17 16:21:23"}
{"level":"info","message":"USER: User retrieved (Username: nikokomninos)","service":"pachingo","timestamp":"2026-01-17 16:21:23"}
{"level":"info","message":"USER: User retrieved (Username: nikokomninos)","service":"pachingo","timestamp":"2026-01-17 16:21:23"}
{"level":"info","message":"USER: User retrieved (Username: nikokomninos)","service":"pachingo","timestamp":"2026-01-17 16:21:23"}
{"level":"info","message":"USER: User retrieved (Username: nikokomninos)","service":"pachingo","timestamp":"2026-01-17 16:21:23"}
{"level":"info","message":"USER: User retrieved (Username: nikokomninos)","service":"pachingo","timestamp":"2026-01-17 16:21:23"}
{"level":"info","message":"USER: User retrieved (Username: nikokomninos)","service":"pachingo","timestamp":"2026-01-17 16:21:23"}
{"level":"info","message":"USER: User retrieved (Username: nikokomninos)","service":"pachingo","timestamp":"2026-01-17 16:21:23"}
{"level":"info","message":"USER: User retrieved (Username: nikokomninos)","service":"pachingo","timestamp":"2026-01-17 16:21:23"}
{"level":"info","message":"USER: User retrieved (Username: nikokomninos)","service":"pachingo","timestamp":"2026-01-17 16:21:23"}
{"level":"info","message":"USER: User retrieved (Username: nikokomninos)","service":"pachingo","timestamp":"2026-01-17 16:21:24"}
{"level":"info","message":"USER: User retrieved (Username: nikokomninos)","service":"pachingo","timestamp":"2026-01-17 16:21:24"}
{"level":"info","message":"USER: User retrieved (Username: nikokomninos)","service":"pachingo","timestamp":"2026-01-17 16:21:24"}
{"level":"info","message":"USER: User retrieved (Username: nikokomninos)","service":"pachingo","timestamp":"2026-01-17 16:21:24"}
{"level":"info","message":"USER: User retrieved (Username: nikokomninos)","service":"pachingo","timestamp":"2026-01-17 16:21:24"}
{"level":"info","message":"USER: User retrieved (Username: nikokomninos)","service":"pachingo","timestamp":"2026-01-17 16:21:24"}
{"level":"info","message":"USER: User retrieved (Username: nikokomninos)","service":"pachingo","timestamp":"2026-01-17 16:21:24"}
{"level":"info","message":"USER: User retrieved (Username: nikokomninos)","service":"pachingo","timestamp":"2026-01-17 16:21:24"}
{"level":"info","message":"USER: User retrieved (Username: nikokomninos)","service":"pachingo","timestamp":"2026-01-17 16:21:24"}
{"level":"info","message":"USER: User retrieved (Username: nikokomninos)","service":"pachingo","timestamp":"2026-01-17 16:21:25"}
{"level":"info","message":"USER: User retrieved (Username: nikokomninos)","service":"pachingo","timestamp":"2026-01-17 16:21:25"}
{"level":"info","message":"USER: User retrieved (Username: nikokomninos)","service":"pachingo","timestamp":"2026-01-17 16:21:25"}
{"level":"info","message":"USER: User retrieved (Username: nikokomninos)","service":"pachingo","timestamp":"2026-01-17 16:21:25"}
{"level":"info","message":"USER: User retrieved (Username: nikokomninos)","service":"pachingo","timestamp":"2026-01-17 16:21:25"}
{"level":"info","message":"USER: User retrieved (Username: nikokomninos)","service":"pachingo","timestamp":"2026-01-17 16:21:25"}
{"level":"info","message":"USER: User retrieved (Username: nikokomninos)","service":"pachingo","timestamp":"2026-01-17 16:21:25"}
{"level":"info","message":"USER: User retrieved (Username: nikokomninos)","service":"pachingo","timestamp":"2026-01-17 16:21:25"}
{"level":"info","message":"USER: User retrieved (Username: nikokomninos)","service":"pachingo","timestamp":"2026-01-17 16:21:25"}
{"level":"info","message":"USER: User retrieved (Username: nikokomninos)","service":"pachingo","timestamp":"2026-01-17 16:21:26"}
{"level":"info","message":"USER: User retrieved (Username: nikokomninos)","service":"pachingo","timestamp":"2026-01-17 16:21:26"}
{"level":"info","message":"USER: User retrieved (Username: nikokomninos)","service":"pachingo","timestamp":"2026-01-17 16:21:26"}
{"level":"info","message":"USER: User retrieved (Username: nikokomninos)","service":"pachingo","timestamp":"2026-01-17 16:21:26"}
{"level":"info","message":"USER: User retrieved (Username: nikokomninos)","service":"pachingo","timestamp":"2026-01-17 16:21:26"}
{"level":"info","message":"USER: User retrieved (Username: nikokomninos)","service":"pachingo","timestamp":"2026-01-17 16:21:26"}
{"level":"info","message":"USER: User retrieved (Username: nikokomninos)","service":"pachingo","timestamp":"2026-01-17 16:21:26"}
{"level":"info","message":"USER: User retrieved (Username: nikokomninos)","service":"pachingo","timestamp":"2026-01-17 16:21:26"}
{"level":"info","message":"USER: User retrieved (Username: nikokomninos)","service":"pachingo","timestamp":"2026-01-17 16:21:26"}
{"level":"info","message":"USER: User retrieved (Username: nikokomninos)","service":"pachingo","timestamp":"2026-01-17 16:21:26"}
{"level":"info","message":"USER: User retrieved (Username: nikokomninos)","service":"pachingo","timestamp":"2026-01-17 16:21:26"}
{"level":"info","message":"USER: User retrieved (Username: nikokomninos)","service":"pachingo","timestamp":"2026-01-17 16:21:27"}
{"level":"info","message":"USER: User retrieved (Username: nikokomninos)","service":"pachingo","timestamp":"2026-01-17 16:21:27"}
{"level":"info","message":"USER: User retrieved (Username: nikokomninos)","service":"pachingo","timestamp":"2026-01-17 16:21:27"}
{"level":"info","message":"USER: User retrieved (Username: nikokomninos)","service":"pachingo","timestamp":"2026-01-17 16:21:27"}
{"level":"info","message":"USER: User retrieved (Username: nikokomninos)","service":"pachingo","timestamp":"2026-01-17 16:21:27"}
{"level":"info","message":"USER: User retrieved (Username: nikokomninos)","service":"pachingo","timestamp":"2026-01-17 16:21:27"}
{"level":"info","message":"USER: User retrieved (Username: nikokomninos)","service":"pachingo","timestamp":"2026-01-17 16:21:27"}
{"level":"info","message":"USER: User retrieved (Username: nikokomninos)","service":"pachingo","timestamp":"2026-01-17 16:21:27"}
{"level":"info","message":"USER: User retrieved (Username: nikokomninos)","service":"pachingo","timestamp":"2026-01-17 16:21:27"}
{"level":"info","message":"USER: User retrieved (Username: nikokomninos)","service":"pachingo","timestamp":"2026-01-17 16:21:27"}
{"level":"info","message":"USER: User retrieved (Username: nikokomninos)","service":"pachingo","timestamp":"2026-01-17 16:21:28"}
{"level":"info","message":"USER: User retrieved (Username: nikokomninos)","service":"pachingo","timestamp":"2026-01-17 16:21:28"}
{"level":"info","message":"USER: User retrieved (Username: nikokomninos)","service":"pachingo","timestamp":"2026-01-17 16:21:28"}
{"level":"info","message":"USER: User retrieved (Username: nikokomninos)","service":"pachingo","timestamp":"2026-01-17 16:21:28"}
{"level":"info","message":"USER: User retrieved (Username: nikokomninos)","service":"pachingo","timestamp":"2026-01-17 16:21:28"}
{"level":"info","message":"USER: User retrieved (Username: nikokomninos)","service":"pachingo","timestamp":"2026-01-17 16:21:28"}
{"level":"info","message":"USER: User retrieved (Username: nikokomninos)","service":"pachingo","timestamp":"2026-01-17 16:21:28"}
{"level":"info","message":"USER: User retrieved (Username: nikokomninos)","service":"pachingo","timestamp":"2026-01-17 16:21:28"}
{"level":"info","message":"USER: User retrieved (Username: nikokomninos)","service":"pachingo","timestamp":"2026-01-17 16:21:28"}
{"level":"info","message":"USER: User retrieved (Username: nikokomninos)","service":"pachingo","timestamp":"2026-01-17 16:21:28"}
{"level":"info","message":"USER: User retrieved (Username: nikokomninos)","service":"pachingo","timestamp":"2026-01-17 16:21:29"}
{"level":"info","message":"USER: User retrieved (Username: nikokomninos)","service":"pachingo","timestamp":"2026-01-17 16:21:29"}
{"level":"info","message":"USER: User retrieved (Username: nikokomninos)","service":"pachingo","timestamp":"2026-01-17 16:21:29"}
{"level":"info","message":"USER: User retrieved (Username: nikokomninos)","service":"pachingo","timestamp":"2026-01-17 16:21:29"}
{"level":"info","message":"USER: User retrieved (Username: nikokomninos)","service":"pachingo","timestamp":"2026-01-17 16:21:29"}
{"level":"info","message":"USER: User retrieved (Username: nikokomninos)","service":"pachingo","timestamp":"2026-01-17 16:21:29"}
{"level":"info","message":"USER: User retrieved (Username: nikokomninos)","service":"pachingo","timestamp":"2026-01-17 16:21:29"}
{"level":"info","message":"USER: User retrieved (Username: nikokomninos)","service":"pachingo","timestamp":"2026-01-17 16:21:29"}
{"level":"info","message":"USER: User retrieved (Username: nikokomninos)","service":"pachingo","timestamp":"2026-01-17 16:21:30"}
{"level":"info","message":"USER: User retrieved (Username: nikokomninos)","service":"pachingo","timestamp":"2026-01-17 16:21:30"}
{"level":"info","message":"USER: User retrieved (Username: nikokomninos)","service":"pachingo","timestamp":"2026-01-17 16:21:30"}
{"level":"info","message":"USER: User retrieved (Username: nikokomninos)","service":"pachingo","timestamp":"2026-01-17 16:21:30"}
{"level":"info","message":"USER: User retrieved (Username: nikokomninos)","service":"pachingo","timestamp":"2026-01-17 16:21:30"}
{"level":"info","message":"USER: User retrieved (Username: nikokomninos)","service":"pachingo","timestamp":"2026-01-17 16:21:30"}
{"level":"info","message":"USER: User retrieved (Username: nikokomninos)","service":"pachingo","timestamp":"2026-01-17 16:21:30"}
{"level":"info","message":"USER: User retrieved (Username: nikokomninos)","service":"pachingo","timestamp":"2026-01-17 16:21:30"}
{"level":"info","message":"USER: User retrieved (Username: nikokomninos)","service":"pachingo","timestamp":"2026-01-17 16:21:30"}
{"level":"info","message":"USER: User retrieved (Username: nikokomninos)","service":"pachingo","timestamp":"2026-01-17 16:21:31"}
{"level":"info","message":"USER: User retrieved (Username: nikokomninos)","service":"pachingo","timestamp":"2026-01-17 16:21:31"}
{"level":"info","message":"USER: User retrieved (Username: nikokomninos)","service":"pachingo","timestamp":"2026-01-17 16:21:31"}
{"level":"info","message":"USER: User retrieved (Username: nikokomninos)","service":"pachingo","timestamp":"2026-01-17 16:21:31"}
{"level":"info","message":"USER: User retrieved (Username: nikokomninos)","service":"pachingo","timestamp":"2026-01-17 16:21:31"}
{"level":"info","message":"USER: User retrieved (Username: nikokomninos)","service":"pachingo","timestamp":"2026-01-17 16:21:31"}
{"level":"info","message":"USER: User retrieved (Username: nikokomninos)","service":"pachingo","timestamp":"2026-01-17 16:21:31"}
{"level":"info","message":"USER: User retrieved (Username: nikokomninos)","service":"pachingo","timestamp":"2026-01-17 16:21:31"}
{"level":"info","message":"USER: User retrieved (Username: nikokomninos)","service":"pachingo","timestamp":"2026-01-17 16:21:31"}
{"level":"info","message":"USER: User retrieved (Username: nikokomninos)","service":"pachingo","timestamp":"2026-01-17 16:21:31"}
{"level":"info","message":"USER: User retrieved (Username: nikokomninos)","service":"pachingo","timestamp":"2026-01-17 16:21:32"}
{"level":"info","message":"USER: User retrieved (Username: nikokomninos)","service":"pachingo","timestamp":"2026-01-17 16:21:32"}
{"level":"info","message":"USER: User retrieved (Username: nikokomninos)","service":"pachingo","timestamp":"2026-01-17 16:21:32"}
{"level":"info","message":"USER: User retrieved (Username: nikokomninos)","service":"pachingo","timestamp":"2026-01-17 16:21:32"}
{"level":"info","message":"USER: User retrieved (Username: nikokomninos)","service":"pachingo","timestamp":"2026-01-17 16:21:32"}
{"level":"info","message":"USER: User retrieved (Username: nikokomninos)","service":"pachingo","timestamp":"2026-01-17 16:21:32"}
{"level":"info","message":"USER: User retrieved (Username: nikokomninos)","service":"pachingo","timestamp":"2026-01-17 16:21:32"}
{"level":"info","message":"USER: User retrieved (Username: nikokomninos)","service":"pachingo","timestamp":"2026-01-17 16:21:32"}
{"level":"info","message":"USER: User retrieved (Username: nikokomninos)","service":"pachingo","timestamp":"2026-01-17 16:21:32"}
{"level":"info","message":"USER: User retrieved (Username: nikokomninos)","service":"pachingo","timestamp":"2026-01-17 16:21:32"}
{"level":"info","message":"USER: User retrieved (Username: nikokomninos)","service":"pachingo","timestamp":"2026-01-17 16:21:33"}
{"level":"info","message":"USER: User retrieved (Username: nikokomninos)","service":"pachingo","timestamp":"2026-01-17 16:21:33"}
{"level":"info","message":"USER: User retrieved (Username: nikokomninos)","service":"pachingo","timestamp":"2026-01-17 16:21:33"}
{"level":"info","message":"USER: User retrieved (Username: nikokomninos)","service":"pachingo","timestamp":"2026-01-17 16:21:33"}
{"level":"info","message":"USER: User retrieved (Username: nikokomninos)","service":"pachingo","timestamp":"2026-01-17 16:21:33"}
{"level":"info","message":"USER: User retrieved (Username: nikokomninos)","service":"pachingo","timestamp":"2026-01-17 16:21:33"}
{"level":"info","message":"USER: User retrieved (Username: nikokomninos)","service":"pachingo","timestamp":"2026-01-17 16:21:33"}
{"level":"info","message":"USER: User retrieved (Username: nikokomninos)","service":"pachingo","timestamp":"2026-01-17 16:21:33"}
{"level":"info","message":"USER: User retrieved (Username: nikokomninos)","service":"pachingo","timestamp":"2026-01-17 16:21:33"}
{"level":"info","message":"USER: User retrieved (Username: nikokomninos)","service":"pachingo","timestamp":"2026-01-17 16:21:33"}
{"level":"info","message":"USER: User retrieved (Username: nikokomninos)","service":"pachingo","timestamp":"2026-01-17 16:21:33"}
{"level":"info","message":"USER: User retrieved (Username: nikokomninos)","service":"pachingo","timestamp":"2026-01-17 16:21:34"}
{"level":"info","message":"USER: User retrieved (Username: nikokomninos)","service":"pachingo","timestamp":"2026-01-17 16:21:34"}
{"level":"info","message":"USER: User retrieved (Username: nikokomninos)","service":"pachingo","timestamp":"2026-01-17 16:21:34"}
{"level":"info","message":"USER: User retrieved (Username: nikokomninos)","service":"pachingo","timestamp":"2026-01-17 16:21:34"}
{"level":"info","message":"USER: User retrieved (Username: nikokomninos)","service":"pachingo","timestamp":"2026-01-17 16:21:34"}
{"level":"info","message":"USER: User retrieved (Username: nikokomninos)","service":"pachingo","timestamp":"2026-01-17 16:21:34"}
{"level":"info","message":"USER: User retrieved (Username: nikokomninos)","service":"pachingo","timestamp":"2026-01-17 16:21:34"}
{"level":"info","message":"USER: User retrieved (Username: nikokomninos)","service":"pachingo","timestamp":"2026-01-17 16:21:34"}
{"level":"info","message":"USER: User retrieved (Username: nikokomninos)","service":"pachingo","timestamp":"2026-01-17 16:21:34"}
{"level":"info","message":"USER: User retrieved (Username: nikokomninos)","service":"pachingo","timestamp":"2026-01-17 16:21:35"}
{"level":"info","message":"USER: User retrieved (Username: nikokomninos)","service":"pachingo","timestamp":"2026-01-17 16:21:35"}
{"level":"info","message":"USER: User retrieved (Username: nikokomninos)","service":"pachingo","timestamp":"2026-01-17 16:21:35"}
{"level":"info","message":"USER: User retrieved (Username: nikokomninos)","service":"pachingo","timestamp":"2026-01-17 16:21:35"}
{"level":"info","message":"USER: User retrieved (Username: nikokomninos)","service":"pachingo","timestamp":"2026-01-17 16:21:35"}
{"level":"info","message":"USER: User retrieved (Username: nikokomninos)","service":"pachingo","timestamp":"2026-01-17 16:21:35"}
{"level":"info","message":"USER: User retrieved (Username: nikokomninos)","service":"pachingo","timestamp":"2026-01-17 16:21:35"}
{"level":"info","message":"USER: User retrieved (Username: nikokomninos)","service":"pachingo","timestamp":"2026-01-17 16:21:35"}
{"level":"info","message":"USER: User retrieved (Username: nikokomninos)","service":"pachingo","timestamp":"2026-01-17 16:21:36"}
{"level":"info","message":"USER: User retrieved (Username: nikokomninos)","service":"pachingo","timestamp":"2026-01-17 16:21:36"}
{"level":"info","message":"USER: User retrieved (Username: nikokomninos)","service":"pachingo","timestamp":"2026-01-17 16:21:36"}
{"level":"info","message":"USER: User retrieved (Username: nikokomninos)","service":"pachingo","timestamp":"2026-01-17 16:21:36"}
{"level":"info","message":"USER: User retrieved (Username: nikokomninos)","service":"pachingo","timestamp":"2026-01-17 16:21:51"}
{"level":"info","message":"USER: User retrieved (Username: nikokomninos)","service":"pachingo","timestamp":"2026-01-17 16:21:51"}
{"level":"info","message":"USER: User retrieved (Username: nikokomninos)","service":"pachingo","timestamp":"2026-01-17 16:21:51"}
{"level":"info","message":"USER: User retrieved (Username: nikokomninos)","service":"pachingo","timestamp":"2026-01-17 16:21:51"}
{"level":"info","message":"USER: User retrieved (Username: nikokomninos)","service":"pachingo","timestamp":"2026-01-17 16:21:51"}
{"level":"info","message":"USER: User retrieved (Username: nikokomninos)","service":"pachingo","timestamp":"2026-01-17 16:21:51"}
{"level":"info","message":"USER: User retrieved (Username: nikokomninos)","service":"pachingo","timestamp":"2026-01-17 16:21:51"}
{"level":"info","message":"USER: User retrieved (Username: nikokomninos)","service":"pachingo","timestamp":"2026-01-17 16:21:51"}
{"level":"info","message":"USER: User retrieved (Username: nikokomninos)","service":"pachingo","timestamp":"2026-01-17 16:21:51"}
{"level":"info","message":"USER: User retrieved (Username: nikokomninos)","service":"pachingo","timestamp":"2026-01-17 16:21:51"}
{"level":"info","message":"USER: User retrieved (Username: nikokomninos)","service":"pachingo","timestamp":"2026-01-17 16:21:52"}
{"level":"info","message":"USER: User retrieved (Username: nikokomninos)","service":"pachingo","timestamp":"2026-01-17 16:21:52"}
{"level":"info","message":"USER: User retrieved (Username: nikokomninos)","service":"pachingo","timestamp":"2026-01-17 16:21:52"}
{"level":"info","message":"USER: User retrieved (Username: nikokomninos)","service":"pachingo","timestamp":"2026-01-17 16:21:52"}
{"level":"info","message":"USER: User retrieved (Username: nikokomninos)","service":"pachingo","timestamp":"2026-01-17 16:21:52"}
{"level":"info","message":"USER: User retrieved (Username: nikokomninos)","service":"pachingo","timestamp":"2026-01-17 16:21:52"}
{"level":"info","message":"USER: User retrieved (Username: nikokomninos)","service":"pachingo","timestamp":"2026-01-17 16:21:52"}
{"level":"info","message":"USER: User retrieved (Username: nikokomninos)","service":"pachingo","timestamp":"2026-01-17 16:21:52"}
{"level":"info","message":"USER: User retrieved (Username: nikokomninos)","service":"pachingo","timestamp":"2026-01-17 16:21:52"}
{"level":"info","message":"USER: User retrieved (Username: nikokomninos)","service":"pachingo","timestamp":"2026-01-17 16:21:52"}
{"level":"info","message":"USER: User retrieved (Username: nikokomninos)","service":"pachingo","timestamp":"2026-01-17 16:21:52"}
{"level":"info","message":"USER: User retrieved (Username: nikokomninos)","service":"pachingo","timestamp":"2026-01-17 16:21:52"}
{"level":"info","message":"USER: User retrieved (Username: nikokomninos)","service":"pachingo","timestamp":"2026-01-17 16:21:52"}
{"level":"info","message":"USER: User retrieved (Username: nikokomninos)","service":"pachingo","timestamp":"2026-01-17 16:21:52"}
{"level":"info","message":"USER: User retrieved (Username: nikokomninos)","service":"pachingo","timestamp":"2026-01-17 16:21:52"}
{"level":"info","message":"USER: User retrieved (Username: nikokomninos)","service":"pachingo","timestamp":"2026-01-17 16:21:52"}
{"level":"info","message":"USER: User retrieved (Username: nikokomninos)","service":"pachingo","timestamp":"2026-01-17 16:21:52"}
{"level":"info","message":"USER: User retrieved (Username: nikokomninos)","service":"pachingo","timestamp":"2026-01-17 16:21:52"}
{"level":"info","message":"USER: User retrieved (Username: nikokomninos)","service":"pachingo","timestamp":"2026-01-17 16:21:53"}
{"level":"info","message":"USER: User retrieved (Username: nikokomninos)","service":"pachingo","timestamp":"2026-01-17 16:21:53"}
{"level":"info","message":"USER: User retrieved (Username: nikokomninos)","service":"pachingo","timestamp":"2026-01-17 16:21:53"}
{"level":"info","message":"USER: User retrieved (Username: nikokomninos)","service":"pachingo","timestamp":"2026-01-17 16:21:53"}
{"level":"info","message":"USER: User retrieved (Username: nikokomninos)","service":"pachingo","timestamp":"2026-01-17 16:21:53"}
{"level":"info","message":"USER: User retrieved (Username: nikokomninos)","service":"pachingo","timestamp":"2026-01-17 16:21:53"}
{"level":"info","message":"USER: User retrieved (Username: nikokomninos)","service":"pachingo","timestamp":"2026-01-17 16:21:54"}
{"level":"info","message":"USER: User retrieved (Username: nikokomninos)","service":"pachingo","timestamp":"2026-01-17 16:21:54"}
{"level":"info","message":"USER: User retrieved (Username: nikokomninos)","service":"pachingo","timestamp":"2026-01-17 16:21:54"}
{"level":"info","message":"USER: User retrieved (Username: nikokomninos)","service":"pachingo","timestamp":"2026-01-17 16:21:54"}
{"level":"info","message":"USER: User retrieved (Username: nikokomninos)","service":"pachingo","timestamp":"2026-01-17 16:21:54"}
{"level":"info","message":"USER: User retrieved (Username: nikokomninos)","service":"pachingo","timestamp":"2026-01-17 16:21:54"}
{"level":"info","message":"USER: User retrieved (Username: nikokomninos)","service":"pachingo","timestamp":"2026-01-17 16:21:54"}
{"level":"info","message":"USER: User retrieved (Username: nikokomninos)","service":"pachingo","timestamp":"2026-01-17 16:21:55"}
{"level":"info","message":"USER: User retrieved (Username: nikokomninos)","service":"pachingo","timestamp":"2026-01-17 16:21:55"}
{"level":"info","message":"USER: User retrieved (Username: nikokomninos)","service":"pachingo","timestamp":"2026-01-17 16:21:55"}
{"level":"info","message":"USER: User retrieved (Username: nikokomninos)","service":"pachingo","timestamp":"2026-01-17 16:21:55"}
{"level":"info","message":"USER: User retrieved (Username: nikokomninos)","service":"pachingo","timestamp":"2026-01-17 16:21:55"}
{"level":"info","message":"USER: User retrieved (Username: nikokomninos)","service":"pachingo","timestamp":"2026-01-17 16:21:55"}
{"level":"info","message":"USER: User retrieved (Username: nikokomninos)","service":"pachingo","timestamp":"2026-01-17 16:21:56"}
{"level":"info","message":"USER: User retrieved (Username: nikokomninos)","service":"pachingo","timestamp":"2026-01-17 16:21:56"}
{"level":"info","message":"USER: User retrieved (Username: nikokomninos)","service":"pachingo","timestamp":"2026-01-17 16:21:56"}
{"level":"info","message":"USER: User retrieved (Username: nikokomninos)","service":"pachingo","timestamp":"2026-01-17 16:21:56"}
{"level":"info","message":"USER: User retrieved (Username: nikokomninos)","service":"pachingo","timestamp":"2026-01-17 16:21:56"}
{"level":"info","message":"USER: User retrieved (Username: nikokomninos)","service":"pachingo","timestamp":"2026-01-17 16:21:56"}
{"level":"info","message":"USER: User retrieved (Username: nikokomninos)","service":"pachingo","timestamp":"2026-01-17 16:21:56"}
{"level":"info","message":"USER: User retrieved (Username: nikokomninos)","service":"pachingo","timestamp":"2026-01-17 16:21:56"}
{"level":"info","message":"USER: User retrieved (Username: nikokomninos)","service":"pachingo","timestamp":"2026-01-17 16:21:56"}
{"level":"info","message":"USER: User retrieved (Username: nikokomninos)","service":"pachingo","timestamp":"2026-01-17 16:21:56"}
{"level":"info","message":"USER: User retrieved (Username: nikokomninos)","service":"pachingo","timestamp":"2026-01-17 16:21:56"}
{"level":"info","message":"USER: User retrieved (Username: nikokomninos)","service":"pachingo","timestamp":"2026-01-17 16:21:57"}
{"level":"info","message":"USER: User retrieved (Username: nikokomninos)","service":"pachingo","timestamp":"2026-01-17 16:21:57"}
{"level":"info","message":"USER: User retrieved (Username: nikokomninos)","service":"pachingo","timestamp":"2026-01-17 16:21:57"}
{"level":"info","message":"USER: User retrieved (Username: nikokomninos)","service":"pachingo","timestamp":"2026-01-17 16:21:57"}
{"level":"info","message":"USER: User retrieved (Username: nikokomninos)","service":"pachingo","timestamp":"2026-01-17 16:21:57"}
{"level":"info","message":"USER: User retrieved (Username: nikokomninos)","service":"pachingo","timestamp":"2026-01-17 16:21:57"}
{"level":"info","message":"USER: User retrieved (Username: nikokomninos)","service":"pachingo","timestamp":"2026-01-17 16:21:57"}
{"level":"info","message":"USER: User retrieved (Username: nikokomninos)","service":"pachingo","timestamp":"2026-01-17 16:21:57"}
{"level":"info","message":"USER: User retrieved (Username: nikokomninos)","service":"pachingo","timestamp":"2026-01-17 16:21:57"}
{"level":"info","message":"USER: User retrieved (Username: nikokomninos)","service":"pachingo","timestamp":"2026-01-17 16:21:57"}
{"level":"info","message":"USER: User retrieved (Username: nikokomninos)","service":"pachingo","timestamp":"2026-01-17 16:21:57"}
{"level":"info","message":"USER: User retrieved (Username: nikokomninos)","service":"pachingo","timestamp":"2026-01-17 16:21:57"}
{"level":"info","message":"USER: User retrieved (Username: nikokomninos)","service":"pachingo","timestamp":"2026-01-17 16:21:58"}
{"level":"info","message":"USER: User retrieved (Username: nikokomninos)","service":"pachingo","timestamp":"2026-01-17 16:21:58"}
{"level":"info","message":"USER: User retrieved (Username: nikokomninos)","service":"pachingo","timestamp":"2026-01-17 16:21:58"}
{"level":"info","message":"USER: User retrieved (Username: nikokomninos)","service":"pachingo","timestamp":"2026-01-17 16:21:58"}
{"level":"info","message":"USER: User retrieved (Username: nikokomninos)","service":"pachingo","timestamp":"2026-01-17 16:21:58"}
{"level":"info","message":"USER: User retrieved (Username: nikokomninos)","service":"pachingo","timestamp":"2026-01-17 16:21:58"}
{"level":"info","message":"USER: User retrieved (Username: nikokomninos)","service":"pachingo","timestamp":"2026-01-17 16:21:58"}
{"level":"info","message":"USER: User retrieved (Username: nikokomninos)","service":"pachingo","timestamp":"2026-01-17 16:21:58"}
{"level":"info","message":"USER: User retrieved (Username: nikokomninos)","service":"pachingo","timestamp":"2026-01-17 16:21:58"}
{"level":"info","message":"USER: User retrieved (Username: nikokomninos)","service":"pachingo","timestamp":"2026-01-17 16:21:58"}
{"level":"info","message":"USER: User retrieved (Username: nikokomninos)","service":"pachingo","timestamp":"2026-01-17 16:21:59"}
{"level":"info","message":"USER: User retrieved (Username: nikokomninos)","service":"pachingo","timestamp":"2026-01-17 16:21:59"}
{"level":"info","message":"USER: User retrieved (Username: nikokomninos)","service":"pachingo","timestamp":"2026-01-17 16:21:59"}
{"level":"info","message":"USER: User retrieved (Username: nikokomninos)","service":"pachingo","timestamp":"2026-01-17 16:22:00"}
{"level":"info","message":"USER: User retrieved (Username: nikokomninos)","service":"pachingo","timestamp":"2026-01-17 16:22:00"}
{"level":"info","message":"USER: User retrieved (Username: nikokomninos)","service":"pachingo","timestamp":"2026-01-17 16:22:00"}
{"level":"info","message":"USER: User retrieved (Username: nikokomninos)","service":"pachingo","timestamp":"2026-01-17 16:22:00"}
{"level":"info","message":"USER: User retrieved (Username: nikokomninos)","service":"pachingo","timestamp":"2026-01-17 16:22:00"}
{"level":"info","message":"USER: User retrieved (Username: nikokomninos)","service":"pachingo","timestamp":"2026-01-17 16:22:00"}
{"level":"info","message":"USER: User retrieved (Username: nikokomninos)","service":"pachingo","timestamp":"2026-01-17 16:22:00"}
{"level":"info","message":"USER: User retrieved (Username: nikokomninos)","service":"pachingo","timestamp":"2026-01-17 16:22:00"}
{"level":"info","message":"USER: User retrieved (Username: nikokomninos)","service":"pachingo","timestamp":"2026-01-17 16:22:00"}
{"level":"info","message":"USER: User retrieved (Username: nikokomninos)","service":"pachingo","timestamp":"2026-01-17 16:22:00"}
{"level":"info","message":"USER: User retrieved (Username: nikokomninos)","service":"pachingo","timestamp":"2026-01-17 16:22:01"}
{"level":"info","message":"USER: User retrieved (Username: nikokomninos)","service":"pachingo","timestamp":"2026-01-17 16:22:01"}
{"level":"info","message":"USER: User retrieved (Username: nikokomninos)","service":"pachingo","timestamp":"2026-01-17 16:22:01"}
{"level":"info","message":"USER: User retrieved (Username: nikokomninos)","service":"pachingo","timestamp":"2026-01-17 16:22:01"}
{"level":"info","message":"USER: User retrieved (Username: nikokomninos)","service":"pachingo","timestamp":"2026-01-17 16:22:01"}
{"level":"info","message":"USER: User retrieved (Username: nikokomninos)","service":"pachingo","timestamp":"2026-01-17 16:22:01"}
{"level":"info","message":"USER: User retrieved (Username: nikokomninos)","service":"pachingo","timestamp":"2026-01-17 16:22:01"}
{"level":"info","message":"USER: User retrieved (Username: nikokomninos)","service":"pachingo","timestamp":"2026-01-17 16:22:01"}
{"level":"info","message":"USER: User retrieved (Username: nikokomninos)","service":"pachingo","timestamp":"2026-01-17 16:22:01"}
{"level":"info","message":"USER: User retrieved (Username: nikokomninos)","service":"pachingo","timestamp":"2026-01-17 16:22:01"}
{"level":"info","message":"USER: User retrieved (Username: nikokomninos)","service":"pachingo","timestamp":"2026-01-17 16:22:02"}
{"level":"info","message":"USER: User retrieved (Username: nikokomninos)","service":"pachingo","timestamp":"2026-01-17 16:22:02"}
{"level":"info","message":"USER: User retrieved (Username: nikokomninos)","service":"pachingo","timestamp":"2026-01-17 16:22:02"}
{"level":"info","message":"USER: User retrieved (Username: nikokomninos)","service":"pachingo","timestamp":"2026-01-17 16:22:02"}
{"level":"info","message":"USER: User retrieved (Username: nikokomninos)","service":"pachingo","timestamp":"2026-01-17 16:22:02"}
{"level":"info","message":"USER: User retrieved (Username: nikokomninos)","service":"pachingo","timestamp":"2026-01-17 16:22:02"}
{"level":"info","message":"USER: User retrieved (Username: nikokomninos)","service":"pachingo","timestamp":"2026-01-17 16:22:04"}
{"level":"info","message":"USER: User retrieved (Username: nikokomninos)","service":"pachingo","timestamp":"2026-01-17 16:22:04"}
{"level":"info","message":"USER: User retrieved (Username: nikokomninos)","service":"pachingo","timestamp":"2026-01-17 16:22:04"}
{"level":"info","message":"USER: User retrieved (Username: nikokomninos)","service":"pachingo","timestamp":"2026-01-17 16:22:04"}
{"level":"info","message":"USER: User retrieved (Username: nikokomninos)","service":"pachingo","timestamp":"2026-01-17 16:22:04"}
{"level":"info","message":"USER: User retrieved (Username: nikokomninos)","service":"pachingo","timestamp":"2026-01-17 16:22:04"}
{"level":"info","message":"USER: User retrieved (Username: nikokomninos)","service":"pachingo","timestamp":"2026-01-17 16:22:04"}
{"level":"info","message":"USER: User retrieved (Username: nikokomninos)","service":"pachingo","timestamp":"2026-01-17 16:22:04"}
{"level":"info","message":"USER: User retrieved (Username: nikokomninos)","service":"pachingo","timestamp":"2026-01-17 16:22:05"}
{"level":"info","message":"USER: User retrieved (Username: nikokomninos)","service":"pachingo","timestamp":"2026-01-17 16:22:05"}
{"level":"info","message":"USER: User retrieved (Username: nikokomninos)","service":"pachingo","timestamp":"2026-01-17 16:22:06"}
{"level":"info","message":"USER: User retrieved (Username: nikokomninos)","service":"pachingo","timestamp":"2026-01-17 16:22:06"}
{"level":"info","message":"USER: User retrieved (Username: nikokomninos)","service":"pachingo","timestamp":"2026-01-17 16:22:06"}
{"level":"info","message":"USER: User retrieved (Username: nikokomninos)","service":"pachingo","timestamp":"2026-01-17 16:22:06"}
{"level":"info","message":"USER: User retrieved (Username: nikokomninos)","service":"pachingo","timestamp":"2026-01-17 16:22:06"}
{"level":"info","message":"USER: User retrieved (Username: nikokomninos)","service":"pachingo","timestamp":"2026-01-17 16:22:06"}
{"level":"info","message":"USER: User retrieved (Username: nikokomninos)","service":"pachingo","timestamp":"2026-01-17 16:22:06"}
{"level":"info","message":"USER: User retrieved (Username: nikokomninos)","service":"pachingo","timestamp":"2026-01-17 16:22:06"}
{"level":"info","message":"USER: User retrieved (Username: nikokomninos)","service":"pachingo","timestamp":"2026-01-17 16:22:06"}
{"level":"info","message":"USER: User retrieved (Username: nikokomninos)","service":"pachingo","timestamp":"2026-01-17 16:22:06"}
{"level":"info","message":"USER: User retrieved (Username: nikokomninos)","service":"pachingo","timestamp":"2026-01-17 16:22:06"}
{"level":"info","message":"USER: User retrieved (Username: nikokomninos)","service":"pachingo","timestamp":"2026-01-17 16:22:06"}
{"level":"info","message":"USER: User retrieved (Username: nikokomninos)","service":"pachingo","timestamp":"2026-01-17 16:22:07"}
{"level":"info","message":"USER: User retrieved (Username: nikokomninos)","service":"pachingo","timestamp":"2026-01-17 16:22:07"}
{"level":"info","message":"USER: User retrieved (Username: nikokomninos)","service":"pachingo","timestamp":"2026-01-17 16:22:07"}
{"level":"info","message":"USER: User retrieved (Username: nikokomninos)","service":"pachingo","timestamp":"2026-01-17 16:22:07"}
{"level":"info","message":"USER: User retrieved (Username: nikokomninos)","service":"pachingo","timestamp":"2026-01-17 16:22:07"}
{"level":"info","message":"USER: User retrieved (Username: nikokomninos)","service":"pachingo","timestamp":"2026-01-17 16:22:07"}
{"level":"info","message":"USER: User retrieved (Username: nikokomninos)","service":"pachingo","timestamp":"2026-01-17 16:22:07"}
{"level":"info","message":"USER: User retrieved (Username: nikokomninos)","service":"pachingo","timestamp":"2026-01-17 16:22:07"}
{"level":"info","message":"USER: User retrieved (Username: nikokomninos)","service":"pachingo","timestamp":"2026-01-17 16:22:07"}
{"level":"info","message":"USER: User retrieved (Username: nikokomninos)","service":"pachingo","timestamp":"2026-01-17 16:22:07"}
{"level":"info","message":"USER: User retrieved (Username: nikokomninos)","service":"pachingo","timestamp":"2026-01-17 16:22:07"}
{"level":"info","message":"USER: User retrieved (Username: nikokomninos)","service":"pachingo","timestamp":"2026-01-17 16:22:07"}
{"level":"info","message":"USER: User retrieved (Username: nikokomninos)","service":"pachingo","timestamp":"2026-01-17 16:22:07"}
{"level":"info","message":"USER: User retrieved (Username: nikokomninos)","service":"pachingo","timestamp":"2026-01-17 16:22:07"}
{"level":"info","message":"USER: User retrieved (Username: nikokomninos)","service":"pachingo","timestamp":"2026-01-17 16:22:08"}
{"level":"info","message":"USER: User retrieved (Username: nikokomninos)","service":"pachingo","timestamp":"2026-01-17 16:22:08"}
{"level":"info","message":"USER: User retrieved (Username: nikokomninos)","service":"pachingo","timestamp":"2026-01-17 16:22:08"}
{"level":"info","message":"USER: User retrieved (Username: nikokomninos)","service":"pachingo","timestamp":"2026-01-17 16:22:08"}
{"level":"info","message":"USER: User retrieved (Username: nikokomninos)","service":"pachingo","timestamp":"2026-01-17 16:22:08"}
{"level":"info","message":"USER: User retrieved (Username: nikokomninos)","service":"pachingo","timestamp":"2026-01-17 16:22:08"}
{"level":"info","message":"USER: User retrieved (Username: nikokomninos)","service":"pachingo","timestamp":"2026-01-17 16:22:08"}
{"level":"info","message":"USER: User retrieved (Username: nikokomninos)","service":"pachingo","timestamp":"2026-01-17 16:22:08"}
{"level":"info","message":"USER: User retrieved (Username: nikokomninos)","service":"pachingo","timestamp":"2026-01-17 16:22:09"}
{"level":"info","message":"USER: User retrieved (Username: nikokomninos)","service":"pachingo","timestamp":"2026-01-17 16:22:09"}
{"level":"info","message":"USER: User retrieved (Username: nikokomninos)","service":"pachingo","timestamp":"2026-01-17 16:22:09"}
{"level":"info","message":"USER: User retrieved (Username: nikokomninos)","service":"pachingo","timestamp":"2026-01-17 16:22:09"}
{"level":"info","message":"USER: User retrieved (Username: nikokomninos)","service":"pachingo","timestamp":"2026-01-17 16:22:09"}
{"level":"info","message":"USER: User retrieved (Username: nikokomninos)","service":"pachingo","timestamp":"2026-01-17 16:22:09"}
{"level":"info","message":"USER: User retrieved (Username: nikokomninos)","service":"pachingo","timestamp":"2026-01-17 16:22:09"}
{"level":"info","message":"USER: User retrieved (Username: nikokomninos)","service":"pachingo","timestamp":"2026-01-17 16:22:09"}
{"level":"info","message":"USER: User retrieved (Username: nikokomninos)","service":"pachingo","timestamp":"2026-01-17 16:22:09"}
{"level":"info","message":"USER: User retrieved (Username: nikokomninos)","service":"pachingo","timestamp":"2026-01-17 16:22:09"}
{"level":"info","message":"USER: User retrieved (Username: nikokomninos)","service":"pachingo","timestamp":"2026-01-17 16:22:09"}
{"level":"info","message":"USER: User retrieved (Username: nikokomninos)","service":"pachingo","timestamp":"2026-01-17 16:22:09"}
{"level":"info","message":"SERVER: Server running on Port 9000","service":"pachingo","timestamp":"2026-01-17 16:22:31"}
{"level":"info","message":"SERVER: MongoDB session connected","service":"pachingo","timestamp":"2026-01-17 16:22:32"}
{"level":"info","message":"SEARCH: Most recent users retrieved","service":"pachingo","timestamp":"2026-01-17 16:41:25"}
{"level":"info","message":"SEARCH: Most recent levels retrieved","service":"pachingo","timestamp":"2026-01-17 16:41:27"}
{"level":"info","message":"USER: User retrieved (Username: nikokomninos)","service":"pachingo","timestamp":"2026-01-17 16:43:48"}
{"level":"info","message":"USER: User retrieved (Username: nikokomninos)","service":"pachingo","timestamp":"2026-01-17 16:43:48"}
{"level":"info","message":"USER: User retrieved (Username: nikokomninos)","service":"pachingo","timestamp":"2026-01-17 16:43:48"}
{"level":"info","message":"USER: User retrieved (Username: nikokomninos)","service":"pachingo","timestamp":"2026-01-17 16:43:48"}
{"level":"info","message":"USER: User retrieved (Username: nikokomninos)","service":"pachingo","timestamp":"2026-01-17 16:43:49"}
{"level":"info","message":"USER: User retrieved (Username: nikokomninos)","service":"pachingo","timestamp":"2026-01-17 16:43:49"}
{"level":"info","message":"USER: User retrieved (Username: nikokomninos)","service":"pachingo","timestamp":"2026-01-17 16:43:49"}
{"level":"info","message":"USER: User retrieved (Username: nikokomninos)","service":"pachingo","timestamp":"2026-01-17 16:43:49"}
{"level":"info","message":"USER: User retrieved (Username: nikokomninos)","service":"pachingo","timestamp":"2026-01-17 16:43:49"}
{"level":"info","message":"USER: User retrieved (Username: nikokomninos)","service":"pachingo","timestamp":"2026-01-17 16:43:49"}
{"level":"info","message":"USER: User retrieved (Username: nikokomninos)","service":"pachingo","timestamp":"2026-01-17 16:43:49"}
{"level":"info","message":"USER: User retrieved (Username: nikokomninos)","service":"pachingo","timestamp":"2026-01-17 16:43:49"}
{"level":"info","message":"USER: User retrieved (Username: nikokomninos)","service":"pachingo","timestamp":"2026-01-17 16:43:49"}
{"level":"info","message":"USER: User retrieved (Username: nikokomninos)","service":"pachingo","timestamp":"2026-01-17 16:43:49"}
{"level":"info","message":"USER: User retrieved (Username: nikokomninos)","service":"pachingo","timestamp":"2026-01-17 16:43:49"}
{"level":"info","message":"USER: User retrieved (Username: nikokomninos)","service":"pachingo","timestamp":"2026-01-17 16:43:49"}
{"level":"info","message":"USER: User retrieved (Username: nikokomninos)","service":"pachingo","timestamp":"2026-01-17 16:43:49"}
{"level":"info","message":"USER: User retrieved (Username: nikokomninos)","service":"pachingo","timestamp":"2026-01-17 16:43:49"}
{"level":"info","message":"USER: User retrieved (Username: nikokomninos)","service":"pachingo","timestamp":"2026-01-17 16:43:49"}
{"level":"info","message":"USER: User retrieved (Username: nikokomninos)","service":"pachingo","timestamp":"2026-01-17 16:43:50"}
{"level":"info","message":"USER: User retrieved (Username: nikokomninos)","service":"pachingo","timestamp":"2026-01-17 16:43:50"}
{"level":"info","message":"USER: User retrieved (Username: nikokomninos)","service":"pachingo","timestamp":"2026-01-17 16:43:50"}
{"level":"info","message":"USER: User retrieved (Username: nikokomninos)","service":"pachingo","timestamp":"2026-01-17 16:43:50"}
{"level":"info","message":"USER: User retrieved (Username: nikokomninos)","service":"pachingo","timestamp":"2026-01-17 16:43:50"}
{"level":"info","message":"SEARCH: Most recent levels retrieved","service":"pachingo","timestamp":"2026-01-17 16:43:50"}
{"level":"info","message":"USER: User retrieved (Username: nikokomninos)","service":"pachingo","timestamp":"2026-01-17 16:43:50"}
{"level":"info","message":"USER: User retrieved (Username: nikokomninos)","service":"pachingo","timestamp":"2026-01-17 16:43:50"}
{"level":"info","message":"USER: User retrieved (Username: nikokomninos)","service":"pachingo","timestamp":"2026-01-17 16:43:50"}
{"level":"info","message":"USER: User retrieved (Username: nikokomninos)","service":"pachingo","timestamp":"2026-01-17 16:43:51"}
{"level":"info","message":"USER: User retrieved (Username: nikokomninos)","service":"pachingo","timestamp":"2026-01-17 16:43:51"}
{"level":"info","message":"USER: User retrieved (Username: nikokomninos)","service":"pachingo","timestamp":"2026-01-17 16:43:51"}
{"level":"info","message":"USER: User retrieved (Username: nikokomninos)","service":"pachingo","timestamp":"2026-01-17 16:43:51"}
{"level":"info","message":"USER: User retrieved (Username: nikokomninos)","service":"pachingo","timestamp":"2026-01-17 16:43:51"}
{"level":"info","message":"USER: User retrieved (Username: nikokomninos)","service":"pachingo","timestamp":"2026-01-17 16:43:51"}
{"level":"info","message":"USER: User retrieved (Username: nikokomninos)","service":"pachingo","timestamp":"2026-01-17 16:43:51"}
{"level":"info","message":"USER: User retrieved (Username: nikokomninos)","service":"pachingo","timestamp":"2026-01-17 16:43:51"}
{"level":"info","message":"USER: User retrieved (Username: nikokomninos)","service":"pachingo","timestamp":"2026-01-17 16:43:51"}
{"level":"info","message":"USER: User retrieved (Username: nikokomninos)","service":"pachingo","timestamp":"2026-01-17 16:43:52"}
{"level":"info","message":"USER: User retrieved (Username: nikokomninos)","service":"pachingo","timestamp":"2026-01-17 16:43:52"}
{"level":"info","message":"USER: User retrieved (Username: nikokomninos)","service":"pachingo","timestamp":"2026-01-17 16:43:52"}
{"level":"info","message":"USER: User retrieved (Username: nikokomninos)","service":"pachingo","timestamp":"2026-01-17 16:43:52"}
{"level":"info","message":"USER: User retrieved (Username: nikokomninos)","service":"pachingo","timestamp":"2026-01-17 16:43:52"}
{"level":"info","message":"USER: User retrieved (Username: nikokomninos)","service":"pachingo","timestamp":"2026-01-17 16:43:52"}
{"level":"info","message":"USER: User retrieved (Username: nikokomninos)","service":"pachingo","timestamp":"2026-01-17 16:43:52"}
{"level":"info","message":"USER: User retrieved (Username: nikokomninos)","service":"pachingo","timestamp":"2026-01-17 16:43:52"}
{"level":"info","message":"USER: User retrieved (Username: nikokomninos)","service":"pachingo","timestamp":"2026-01-17 16:43:52"}
{"level":"info","message":"USER: User retrieved (Username: nikokomninos)","service":"pachingo","timestamp":"2026-01-17 16:43:53"}
{"level":"info","message":"USER: User retrieved (Username: nikokomninos)","service":"pachingo","timestamp":"2026-01-17 16:43:53"}
{"level":"info","message":"USER: User retrieved (Username: nikokomninos)","service":"pachingo","timestamp":"2026-01-17 16:43:53"}
{"level":"info","message":"USER: User retrieved (Username: nikokomninos)","service":"pachingo","timestamp":"2026-01-17 16:43:53"}
{"level":"info","message":"USER: User retrieved (Username: nikokomninos)","service":"pachingo","timestamp":"2026-01-17 16:43:53"}
{"level":"info","message":"USER: User retrieved (Username: nikokomninos)","service":"pachingo","timestamp":"2026-01-17 16:43:53"}
{"level":"info","message":"USER: User retrieved (Username: nikokomninos)","service":"pachingo","timestamp":"2026-01-17 16:43:53"}
{"level":"info","message":"USER: User retrieved (Username: nikokomninos)","service":"pachingo","timestamp":"2026-01-17 16:43:53"}
{"level":"info","message":"USER: User retrieved (Username: nikokomninos)","service":"pachingo","timestamp":"2026-01-17 16:43:53"}
{"level":"info","message":"USER: User retrieved (Username: nikokomninos)","service":"pachingo","timestamp":"2026-01-17 16:45:23"}
{"level":"info","message":"USER: User retrieved (Username: nikokomninos)","service":"pachingo","timestamp":"2026-01-17 16:45:23"}
{"level":"info","message":"USER: User retrieved (Username: nikokomninos)","service":"pachingo","timestamp":"2026-01-17 16:45:23"}
{"level":"info","message":"USER: User retrieved (Username: nikokomninos)","service":"pachingo","timestamp":"2026-01-17 16:45:23"}
{"level":"info","message":"USER: User retrieved (Username: nikokomninos)","service":"pachingo","timestamp":"2026-01-17 16:45:23"}
{"level":"info","message":"USER: User retrieved (Username: nikokomninos)","service":"pachingo","timestamp":"2026-01-17 16:45:23"}
{"level":"info","message":"USER: User retrieved (Username: nikokomninos)","service":"pachingo","timestamp":"2026-01-17 16:45:23"}
{"level":"info","message":"USER: User retrieved (Username: nikokomninos)","service":"pachingo","timestamp":"2026-01-17 16:45:23"}
{"level":"info","message":"USER: User retrieved (Username: nikokomninos)","service":"pachingo","timestamp":"2026-01-17 16:45:23"}
{"level":"info","message":"USER: User retrieved (Username: nikokomninos)","service":"pachingo","timestamp":"2026-01-17 16:45:23"}
{"level":"info","message":"USER: User retrieved (Username: nikokomninos)","service":"pachingo","timestamp":"2026-01-17 16:45:24"}
{"level":"info","message":"USER: User retrieved (Username: nikokomninos)","service":"pachingo","timestamp":"2026-01-17 16:45:24"}
{"level":"info","message":"USER: User retrieved (Username: nikokomninos)","service":"pachingo","timestamp":"2026-01-17 16:45:24"}
{"level":"info","message":"USER: User retrieved (Username: nikokomninos)","service":"pachingo","timestamp":"2026-01-17 16:45:24"}
{"level":"info","message":"USER: User retrieved (Username: nikokomninos)","service":"pachingo","timestamp":"2026-01-17 16:45:24"}
{"level":"info","message":"USER: User retrieved (Username: nikokomninos)","service":"pachingo","timestamp":"2026-01-17 16:45:24"}
{"level":"info","message":"USER: User retrieved (Username: nikokomninos)","service":"pachingo","timestamp":"2026-01-17 16:45:24"}
{"level":"info","message":"USER: User retrieved (Username: nikokomninos)","service":"pachingo","timestamp":"2026-01-17 16:45:24"}
{"level":"info","message":"USER: User retrieved (Username: nikokomninos)","service":"pachingo","timestamp":"2026-01-17 16:45:24"}
{"level":"info","message":"USER: User retrieved (Username: nikokomninos)","service":"pachingo","timestamp":"2026-01-17 16:45:24"}
{"level":"info","message":"USER: User retrieved (Username: nikokomninos)","service":"pachingo","timestamp":"2026-01-17 16:45:24"}
{"level":"info","message":"USER: User retrieved (Username: nikokomninos)","service":"pachingo","timestamp":"2026-01-17 16:45:24"}
{"level":"info","message":"USER: User retrieved (Username: nikokomninos)","service":"pachingo","timestamp":"2026-01-17 16:45:24"}
{"level":"info","message":"USER: User retrieved (Username: nikokomninos)","service":"pachingo","timestamp":"2026-01-17 16:45:24"}
{"level":"info","message":"USER: User retrieved (Username: nikokomninos)","service":"pachingo","timestamp":"2026-01-17 16:45:24"}
{"level":"info","message":"USER: User retrieved (Username: nikokomninos)","service":"pachingo","timestamp":"2026-01-17 16:45:24"}
{"level":"info","message":"USER: User retrieved (Username: nikokomninos)","service":"pachingo","timestamp":"2026-01-17 16:45:24"}
{"level":"info","message":"USER: User retrieved (Username: nikokomninos)","service":"pachingo","timestamp":"2026-01-17 16:45:24"}
{"level":"info","message":"USER: User retrieved (Username: nikokomninos)","service":"pachingo","timestamp":"2026-01-17 16:45:25"}
{"level":"info","message":"USER: User retrieved (Username: nikokomninos)","service":"pachingo","timestamp":"2026-01-17 16:45:25"}
{"level":"info","message":"USER: User retrieved (Username: nikokomninos)","service":"pachingo","timestamp":"2026-01-17 16:45:25"}
{"level":"info","message":"USER: User retrieved (Username: nikokomninos)","service":"pachingo","timestamp":"2026-01-17 16:45:25"}
{"level":"info","message":"USER: User retrieved (Username: nikokomninos)","service":"pachingo","timestamp":"2026-01-17 16:45:25"}
{"level":"info","message":"USER: User retrieved (Username: nikokomninos)","service":"pachingo","timestamp":"2026-01-17 16:45:25"}
{"level":"info","message":"USER: User retrieved (Username: nikokomninos)","service":"pachingo","timestamp":"2026-01-17 16:45:25"}
{"level":"info","message":"USER: User retrieved (Username: nikokomninos)","service":"pachingo","timestamp":"2026-01-17 16:45:25"}
{"level":"info","message":"USER: User retrieved (Username: nikokomninos)","service":"pachingo","timestamp":"2026-01-17 16:45:25"}
{"level":"info","message":"USER: User retrieved (Username: nikokomninos)","service":"pachingo","timestamp":"2026-01-17 16:45:25"}
{"level":"info","message":"USER: User retrieved (Username: nikokomninos)","service":"pachingo","timestamp":"2026-01-17 16:45:25"}
{"level":"info","message":"USER: User retrieved (Username: nikokomninos)","service":"pachingo","timestamp":"2026-01-17 16:45:25"}
{"level":"info","message":"USER: User retrieved (Username: nikokomninos)","service":"pachingo","timestamp":"2026-01-17 16:45:25"}
{"level":"info","message":"USER: User retrieved (Username: nikokomninos)","service":"pachingo","timestamp":"2026-01-17 16:45:25"}
{"level":"info","message":"USER: User retrieved (Username: nikokomninos)","service":"pachingo","timestamp":"2026-01-17 16:45:25"}
{"level":"info","message":"USER: User retrieved (Username: nikokomninos)","service":"pachingo","timestamp":"2026-01-17 16:45:25"}
{"level":"info","message":"USER: User retrieved (Username: nikokomninos)","service":"pachingo","timestamp":"2026-01-17 16:45:25"}
{"level":"info","message":"USER: User retrieved (Username: nikokomninos)","service":"pachingo","timestamp":"2026-01-17 16:45:25"}
{"level":"info","message":"USER: User retrieved (Username: nikokomninos)","service":"pachingo","timestamp":"2026-01-17 16:45:25"}
{"level":"info","message":"USER: User retrieved (Username: nikokomninos)","service":"pachingo","timestamp":"2026-01-17 16:45:25"}
{"level":"info","message":"USER: User retrieved (Username: nikokomninos)","service":"pachingo","timestamp":"2026-01-17 16:45:25"}
{"level":"info","message":"USER: User retrieved (Username: nikokomninos)","service":"pachingo","timestamp":"2026-01-17 16:45:26"}
{"level":"info","message":"USER: User retrieved (Username: nikokomninos)","service":"pachingo","timestamp":"2026-01-17 16:45:26"}
{"level":"info","message":"USER: User retrieved (Username: nikokomninos)","service":"pachingo","timestamp":"2026-01-17 16:45:27"}
{"level":"info","message":"USER: User retrieved (Username: nikokomninos)","service":"pachingo","timestamp":"2026-01-17 16:45:27"}
{"level":"info","message":"USER: User retrieved (Username: nikokomninos)","service":"pachingo","timestamp":"2026-01-17 16:45:27"}
{"level":"info","message":"USER: User retrieved (Username: nikokomninos)","service":"pachingo","timestamp":"2026-01-17 16:45:27"}
{"level":"info","message":"USER: User retrieved (Username: nikokomninos)","service":"pachingo","timestamp":"2026-01-17 16:45:27"}
{"level":"info","message":"USER: User retrieved (Username: nikokomninos)","service":"pachingo","timestamp":"2026-01-17 16:45:27"}
{"level":"info","message":"USER: User retrieved (Username: nikokomninos)","service":"pachingo","timestamp":"2026-01-17 16:45:27"}
{"level":"info","message":"USER: User retrieved (Username: nikokomninos)","service":"pachingo","timestamp":"2026-01-17 16:45:28"}
{"level":"info","message":"USER: User retrieved (Username: nikokomninos)","service":"pachingo","timestamp":"2026-01-17 16:45:28"}
{"level":"info","message":"USER: User retrieved (Username: nikokomninos)","service":"pachingo","timestamp":"2026-01-17 16:45:28"}
{"level":"info","message":"USER: User retrieved (Username: nikokomninos)","service":"pachingo","timestamp":"2026-01-17 16:45:28"}
{"level":"info","message":"USER: User retrieved (Username: nikokomninos)","service":"pachingo","timestamp":"2026-01-17 16:45:28"}
{"level":"info","message":"USER: User retrieved (Username: nikokomninos)","service":"pachingo","timestamp":"2026-01-17 16:45:28"}
{"level":"info","message":"USER: User retrieved (Username: nikokomninos)","service":"pachingo","timestamp":"2026-01-17 16:45:28"}
{"level":"info","message":"USER: User retrieved (Username: nikokomninos)","service":"pachingo","timestamp":"2026-01-17 16:45:28"}
{"level":"info","message":"USER: User retrieved (Username: nikokomninos)","service":"pachingo","timestamp":"2026-01-17 16:45:28"}
{"level":"info","message":"USER: User retrieved (Username: nikokomninos)","service":"pachingo","timestamp":"2026-01-17 16:45:28"}
{"level":"info","message":"USER: User retrieved (Username: nikokomninos)","service":"pachingo","timestamp":"2026-01-17 16:45:28"}
{"level":"info","message":"USER: User retrieved (Username: nikokomninos)","service":"pachingo","timestamp":"2026-01-17 16:45:28"}
{"level":"info","message":"USER: User retrieved (Username: nikokomninos)","service":"pachingo","timestamp":"2026-01-17 16:45:28"}
{"level":"info","message":"USER: User retrieved (Username: nikokomninos)","service":"pachingo","timestamp":"2026-01-17 16:45:28"}
{"level":"info","message":"USER: User retrieved (Username: nikokomninos)","service":"pachingo","timestamp":"2026-01-17 16:45:28"}
{"level":"info","message":"USER: User retrieved (Username: nikokomninos)","service":"pachingo","timestamp":"2026-01-17 16:45:28"}
{"level":"info","message":"USER: User retrieved (Username: nikokomninos)","service":"pachingo","timestamp":"2026-01-17 16:45:28"}
{"level":"info","message":"USER: User retrieved (Username: nikokomninos)","service":"pachingo","timestamp":"2026-01-17 16:45:29"}
{"level":"info","message":"USER: User retrieved (Username: nikokomninos)","service":"pachingo","timestamp":"2026-01-17 16:45:29"}
{"level":"info","message":"USER: User retrieved (Username: nikokomninos)","service":"pachingo","timestamp":"2026-01-17 16:45:29"}
{"level":"info","message":"USER: User retrieved (Username: nikokomninos)","service":"pachingo","timestamp":"2026-01-17 16:45:29"}
{"level":"info","message":"USER: User retrieved (Username: nikokomninos)","service":"pachingo","timestamp":"2026-01-17 16:45:29"}
{"level":"info","message":"USER: User retrieved (Username: nikokomninos)","service":"pachingo","timestamp":"2026-01-17 16:45:29"}
{"level":"info","message":"USER: User retrieved (Username: nikokomninos)","service":"pachingo","timestamp":"2026-01-17 16:45:29"}
{"level":"info","message":"USER: User retrieved (Username: nikokomninos)","service":"pachingo","timestamp":"2026-01-17 16:45:29"}
{"level":"info","message":"USER: User retrieved (Username: nikokomninos)","service":"pachingo","timestamp":"2026-01-17 16:45:29"}
{"level":"info","message":"USER: User retrieved (Username: nikokomninos)","service":"pachingo","timestamp":"2026-01-17 16:45:29"}
{"level":"info","message":"USER: User retrieved (Username: nikokomninos)","service":"pachingo","timestamp":"2026-01-17 16:45:29"}
{"level":"info","message":"USER: User retrieved (Username: nikokomninos)","service":"pachingo","timestamp":"2026-01-17 16:45:29"}
{"level":"info","message":"USER: User retrieved (Username: nikokomninos)","service":"pachingo","timestamp":"2026-01-17 16:45:29"}
{"level":"info","message":"USER: User retrieved (Username: nikokomninos)","service":"pachingo","timestamp":"2026-01-17 16:45:29"}
{"level":"info","message":"USER: User retrieved (Username: nikokomninos)","service":"pachingo","timestamp":"2026-01-17 16:45:29"}
{"level":"info","message":"USER: User retrieved (Username: nikokomninos)","service":"pachingo","timestamp":"2026-01-17 16:45:29"}
{"level":"info","message":"USER: User retrieved (Username: nikokomninos)","service":"pachingo","timestamp":"2026-01-17 16:45:29"}
{"level":"info","message":"USER: User retrieved (Username: nikokomninos)","service":"pachingo","timestamp":"2026-01-17 16:45:29"}
{"level":"info","message":"USER: User retrieved (Username: nikokomninos)","service":"pachingo","timestamp":"2026-01-17 16:45:29"}
{"level":"info","message":"USER: User retrieved (Username: nikokomninos)","service":"pachingo","timestamp":"2026-01-17 16:45:29"}
{"level":"info","message":"USER: User retrieved (Username: nikokomninos)","service":"pachingo","timestamp":"2026-01-17 16:45:30"}
{"level":"info","message":"USER: User retrieved (Username: nikokomninos)","service":"pachingo","timestamp":"2026-01-17 16:45:30"}
{"level":"info","message":"USER: User retrieved (Username: nikokomninos)","service":"pachingo","timestamp":"2026-01-17 16:45:30"}
{"level":"info","message":"USER: User retrieved (Username: nikokomninos)","service":"pachingo","timestamp":"2026-01-17 16:45:30"}
{"level":"info","message":"USER: User retrieved (Username: nikokomninos)","service":"pachingo","timestamp":"2026-01-17 16:45:30"}
{"level":"info","message":"USER: User retrieved (Username: nikokomninos)","service":"pachingo","timestamp":"2026-01-17 16:45:30"}
{"level":"info","message":"USER: User retrieved (Username: nikokomninos)","service":"pachingo","timestamp":"2026-01-17 16:45:30"}
{"level":"info","message":"USER: User retrieved (Username: nikokomninos)","service":"pachingo","timestamp":"2026-01-17 16:45:30"}
{"level":"info","message":"USER: User retrieved (Username: nikokomninos)","service":"pachingo","timestamp":"2026-01-17 16:45:30"}
{"level":"info","message":"USER: User retrieved (Username: nikokomninos)","service":"pachingo","timestamp":"2026-01-17 16:45:30"}
{"level":"info","message":"USER: User retrieved (Username: nikokomninos)","service":"pachingo","timestamp":"2026-01-17 16:45:30"}
{"level":"info","message":"USER: User retrieved (Username: nikokomninos)","service":"pachingo","timestamp":"2026-01-17 16:45:30"}
{"level":"info","message":"USER: User retrieved (Username: nikokomninos)","service":"pachingo","timestamp":"2026-01-17 16:45:30"}
{"level":"info","message":"USER: User retrieved (Username: nikokomninos)","service":"pachingo","timestamp":"2026-01-17 16:45:30"}
{"level":"info","message":"USER: User retrieved (Username: nikokomninos)","service":"pachingo","timestamp":"2026-01-17 16:45:30"}
{"level":"info","message":"USER: User retrieved (Username: nikokomninos)","service":"pachingo","timestamp":"2026-01-17 16:45:30"}
{"level":"info","message":"USER: User retrieved (Username: nikokomninos)","service":"pachingo","timestamp":"2026-01-17 16:45:30"}
{"level":"info","message":"USER: User retrieved (Username: nikokomninos)","service":"pachingo","timestamp":"2026-01-17 16:45:30"}
{"level":"info","message":"USER: User retrieved (Username: nikokomninos)","service":"pachingo","timestamp":"2026-01-17 16:45:30"}
{"level":"info","message":"USER: User retrieved (Username: nikokomninos)","service":"pachingo","timestamp":"2026-01-17 16:45:31"}
{"level":"info","message":"USER: User retrieved (Username: nikokomninos)","service":"pachingo","timestamp":"2026-01-17 16:45:31"}
{"level":"info","message":"USER: User retrieved (Username: nikokomninos)","service":"pachingo","timestamp":"2026-01-17 16:45:31"}
{"level":"info","message":"USER: User retrieved (Username: nikokomninos)","service":"pachingo","timestamp":"2026-01-17 16:45:31"}
{"level":"info","message":"USER: User retrieved (Username: nikokomninos)","service":"pachingo","timestamp":"2026-01-17 16:45:31"}
{"level":"info","message":"USER: User retrieved (Username: nikokomninos)","service":"pachingo","timestamp":"2026-01-17 16:45:31"}
{"level":"info","message":"USER: User retrieved (Username: nikokomninos)","service":"pachingo","timestamp":"2026-01-17 16:45:31"}
{"level":"info","message":"USER: User retrieved (Username: nikokomninos)","service":"pachingo","timestamp":"2026-01-17 16:45:31"}
{"level":"info","message":"USER: User retrieved (Username: nikokomninos)","service":"pachingo","timestamp":"2026-01-17 16:45:31"}
{"level":"info","message":"USER: User retrieved (Username: nikokomninos)","service":"pachingo","timestamp":"2026-01-17 16:45:31"}
{"level":"info","message":"USER: User retrieved (Username: nikokomninos)","service":"pachingo","timestamp":"2026-01-17 16:45:31"}
{"level":"info","message":"USER: User retrieved (Username: nikokomninos)","service":"pachingo","timestamp":"2026-01-17 16:45:31"}
{"level":"info","message":"USER: User retrieved (Username: nikokomninos)","service":"pachingo","timestamp":"2026-01-17 16:45:31"}
{"level":"info","message":"USER: User retrieved (Username: nikokomninos)","service":"pachingo","timestamp":"2026-01-17 16:45:31"}
{"level":"info","message":"USER: User retrieved (Username: nikokomninos)","service":"pachingo","timestamp":"2026-01-17 16:45:31"}
{"level":"info","message":"USER: User retrieved (Username: nikokomninos)","service":"pachingo","timestamp":"2026-01-17 16:45:31"}
{"level":"info","message":"USER: User retrieved (Username: nikokomninos)","service":"pachingo","timestamp":"2026-01-17 16:45:31"}
{"level":"info","message":"USER: User retrieved (Username: nikokomninos)","service":"pachingo","timestamp":"2026-01-17 16:45:31"}
{"level":"info","message":"USER: User retrieved (Username: nikokomninos)","service":"pachingo","timestamp":"2026-01-17 16:45:31"}
{"level":"info","message":"USER: User retrieved (Username: nikokomninos)","service":"pachingo","timestamp":"2026-01-17 16:45:31"}
{"level":"info","message":"USER: User retrieved (Username: nikokomninos)","service":"pachingo","timestamp":"2026-01-17 16:45:32"}
{"level":"info","message":"USER: User retrieved (Username: nikokomninos)","service":"pachingo","timestamp":"2026-01-17 16:45:32"}
{"level":"info","message":"USER: User retrieved (Username: nikokomninos)","service":"pachingo","timestamp":"2026-01-17 16:45:32"}
{"level":"info","message":"USER: User retrieved (Username: nikokomninos)","service":"pachingo","timestamp":"2026-01-17 16:45:32"}
{"level":"info","message":"USER: User retrieved (Username: nikokomninos)","service":"pachingo","timestamp":"2026-01-17 16:45:32"}
{"level":"info","message":"USER: User retrieved (Username: nikokomninos)","service":"pachingo","timestamp":"2026-01-17 16:45:32"}
{"level":"info","message":"USER: User retrieved (Username: nikokomninos)","service":"pachingo","timestamp":"2026-01-17 16:45:32"}
{"level":"info","message":"USER: User retrieved (Username: nikokomninos)","service":"pachingo","timestamp":"2026-01-17 16:45:32"}
{"level":"info","message":"USER: User retrieved (Username: nikokomninos)","service":"pachingo","timestamp":"2026-01-17 16:45:32"}
{"level":"info","message":"USER: User retrieved (Username: nikokomninos)","service":"pachingo","timestamp":"2026-01-17 16:45:32"}
{"level":"info","message":"USER: User retrieved (Username: nikokomninos)","service":"pachingo","timestamp":"2026-01-17 16:45:32"}
{"level":"info","message":"USER: User retrieved (Username: nikokomninos)","service":"pachingo","timestamp":"2026-01-17 16:45:32"}
{"level":"info","message":"USER: User retrieved (Username: nikokomninos)","service":"pachingo","timestamp":"2026-01-17 16:45:32"}
{"level":"info","message":"USER: User retrieved (Username: nikokomninos)","service":"pachingo","timestamp":"2026-01-17 16:45:32"}
{"level":"info","message":"USER: User retrieved (Username: nikokomninos)","service":"pachingo","timestamp":"2026-01-17 16:45:32"}
{"level":"info","message":"USER: User retrieved (Username: nikokomninos)","service":"pachingo","timestamp":"2026-01-17 16:45:32"}
{"level":"info","message":"USER: User retrieved (Username: nikokomninos)","service":"pachingo","timestamp":"2026-01-17 16:45:32"}
{"level":"info","message":"USER: User retrieved (Username: nikokomninos)","service":"pachingo","timestamp":"2026-01-17 16:45:33"}
{"level":"info","message":"USER: User retrieved (Username: nikokomninos)","service":"pachingo","timestamp":"2026-01-17 16:45:33"}
{"level":"info","message":"USER: User retrieved (Username: nikokomninos)","service":"pachingo","timestamp":"2026-01-17 16:45:33"}
{"level":"info","message":"USER: User retrieved (Username: nikokomninos)","service":"pachingo","timestamp":"2026-01-17 16:45:33"}
{"level":"info","message":"USER: User retrieved (Username: nikokomninos)","service":"pachingo","timestamp":"2026-01-17 16:45:33"}
{"level":"info","message":"USER: User retrieved (Username: nikokomninos)","service":"pachingo","timestamp":"2026-01-17 16:45:33"}
{"level":"info","message":"USER: User retrieved (Username: nikokomninos)","service":"pachingo","timestamp":"2026-01-17 16:45:33"}
{"level":"info","message":"USER: User retrieved (Username: nikokomninos)","service":"pachingo","timestamp":"2026-01-17 16:45:33"}
{"level":"info","message":"USER: User retrieved (Username: nikokomninos)","service":"pachingo","timestamp":"2026-01-17 16:45:33"}
{"level":"info","message":"USER: User retrieved (Username: nikokomninos)","service":"pachingo","timestamp":"2026-01-17 16:45:33"}
{"level":"info","message":"USER: User retrieved (Username: nikokomninos)","service":"pachingo","timestamp":"2026-01-17 16:45:33"}
{"level":"info","message":"USER: User retrieved (Username: nikokomninos)","service":"pachingo","timestamp":"2026-01-17 16:45:33"}
{"level":"info","message":"USER: User retrieved (Username: nikokomninos)","service":"pachingo","timestamp":"2026-01-17 16:45:33"}
{"level":"info","message":"USER: User retrieved (Username: nikokomninos)","service":"pachingo","timestamp":"2026-01-17 16:45:33"}
{"level":"info","message":"USER: User retrieved (Username: nikokomninos)","service":"pachingo","timestamp":"2026-01-17 16:45:33"}
{"level":"info","message":"USER: User retrieved (Username: nikokomninos)","service":"pachingo","timestamp":"2026-01-17 16:45:33"}
{"level":"info","message":"USER: User retrieved (Username: nikokomninos)","service":"pachingo","timestamp":"2026-01-17 16:45:33"}
{"level":"info","message":"USER: User retrieved (Username: nikokomninos)","service":"pachingo","timestamp":"2026-01-17 16:45:33"}
{"level":"info","message":"USER: User retrieved (Username: nikokomninos)","service":"pachingo","timestamp":"2026-01-17 16:45:33"}
{"level":"info","message":"USER: User retrieved (Username: nikokomninos)","service":"pachingo","timestamp":"2026-01-17 16:45:33"}
{"level":"info","message":"USER: User retrieved (Username: nikokomninos)","service":"pachingo","timestamp":"2026-01-17 16:45:33"}
{"level":"info","message":"USER: User retrieved (Username: nikokomninos)","service":"pachingo","timestamp":"2026-01-17 16:45:34"}
{"level":"info","message":"USER: User retrieved (Username: nikokomninos)","service":"pachingo","timestamp":"2026-01-17 16:45:34"}
{"level":"info","message":"USER: User retrieved (Username: nikokomninos)","service":"pachingo","timestamp":"2026-01-17 16:45:34"}
{"level":"info","message":"USER: User retrieved (Username: nikokomninos)","service":"pachingo","timestamp":"2026-01-17 16:45:34"}
{"level":"info","message":"USER: User retrieved (Username: nikokomninos)","service":"pachingo","timestamp":"2026-01-17 16:45:34"}
{"level":"info","message":"USER: User retrieved (Username: nikokomninos)","service":"pachingo","timestamp":"2026-01-17 16:45:34"}
{"level":"info","message":"USER: User retrieved (Username: nikokomninos)","service":"pachingo","timestamp":"2026-01-17 16:45:34"}
{"level":"info","message":"USER: User retrieved (Username: nikokomninos)","service":"pachingo","timestamp":"2026-01-17 16:45:34"}
{"level":"info","message":"USER: User retrieved (Username: nikokomninos)","service":"pachingo","timestamp":"2026-01-17 16:45:34"}
{"level":"info","message":"USER: User retrieved (Username: nikokomninos)","service":"pachingo","timestamp":"2026-01-17 16:45:34"}
{"level":"info","message":"USER: User retrieved (Username: nikokomninos)","service":"pachingo","timestamp":"2026-01-17 16:45:34"}
{"level":"info","message":"USER: User retrieved (Username: nikokomninos)","service":"pachingo","timestamp":"2026-01-17 16:45:34"}
{"level":"info","message":"USER: User retrieved (Username: nikokomninos)","service":"pachingo","timestamp":"2026-01-17 16:45:34"}
{"level":"info","message":"USER: User retrieved (Username: nikokomninos)","service":"pachingo","timestamp":"2026-01-17 16:45:34"}
{"level":"info","message":"USER: User retrieved (Username: nikokomninos)","service":"pachingo","timestamp":"2026-01-17 16:45:34"}
{"level":"info","message":"USER: User retrieved (Username: nikokomninos)","service":"pachingo","timestamp":"2026-01-17 16:45:35"}
{"level":"info","message":"USER: User retrieved (Username: nikokomninos)","service":"pachingo","timestamp":"2026-01-17 16:45:35"}
{"level":"info","message":"USER: User retrieved (Username: nikokomninos)","service":"pachingo","timestamp":"2026-01-17 16:45:35"}
{"level":"info","message":"USER: User retrieved (Username: nikokomninos)","service":"pachingo","timestamp":"2026-01-17 16:45:35"}
{"level":"info","message":"USER: User retrieved (Username: nikokomninos)","service":"pachingo","timestamp":"2026-01-17 16:45:35"}
{"level":"info","message":"USER: User retrieved (Username: nikokomninos)","service":"pachingo","timestamp":"2026-01-17 16:45:35"}
{"level":"info","message":"USER: User retrieved (Username: nikokomninos)","service":"pachingo","timestamp":"2026-01-17 16:45:35"}
{"level":"info","message":"USER: User retrieved (Username: nikokomninos)","service":"pachingo","timestamp":"2026-01-17 16:45:35"}
{"level":"info","message":"USER: User retrieved (Username: nikokomninos)","service":"pachingo","timestamp":"2026-01-17 16:45:35"}
{"level":"info","message":"USER: User retrieved (Username: nikokomninos)","service":"pachingo","timestamp":"2026-01-17 16:45:35"}
{"level":"info","message":"USER: User retrieved (Username: nikokomninos)","service":"pachingo","timestamp":"2026-01-17 16:45:35"}
{"level":"info","message":"USER: User retrieved (Username: nikokomninos)","service":"pachingo","timestamp":"2026-01-17 16:45:35"}
{"level":"info","message":"USER: User retrieved (Username: nikokomninos)","service":"pachingo","timestamp":"2026-01-17 16:45:35"}
{"level":"info","message":"USER: User retrieved (Username: nikokomninos)","service":"pachingo","timestamp":"2026-01-17 16:45:35"}
{"level":"info","message":"USER: User retrieved (Username: nikokomninos)","service":"pachingo","timestamp":"2026-01-17 16:45:35"}
{"level":"info","message":"USER: User retrieved (Username: nikokomninos)","service":"pachingo","timestamp":"2026-01-17 16:45:35"}
{"level":"info","message":"USER: User retrieved (Username: nikokomninos)","service":"pachingo","timestamp":"2026-01-17 16:45:35"}
{"level":"info","message":"USER: User retrieved (Username: nikokomninos)","service":"pachingo","timestamp":"2026-01-17 16:45:35"}
{"level":"info","message":"USER: User retrieved (Username: nikokomninos)","service":"pachingo","timestamp":"2026-01-17 16:45:36"}
{"level":"info","message":"USER: User retrieved (Username: nikokomninos)","service":"pachingo","timestamp":"2026-01-17 16:45:36"}
{"level":"info","message":"USER: User retrieved (Username: nikokomninos)","service":"pachingo","timestamp":"2026-01-17 16:45:36"}
{"level":"info","message":"USER: User retrieved (Username: nikokomninos)","service":"pachingo","timestamp":"2026-01-17 16:45:36"}
{"level":"info","message":"USER: User retrieved (Username: nikokomninos)","service":"pachingo","timestamp":"2026-01-17 16:45:36"}
{"level":"info","message":"USER: User retrieved (Username: nikokomninos)","service":"pachingo","timestamp":"2026-01-17 16:45:36"}
{"level":"info","message":"USER: User retrieved (Username: nikokomninos)","service":"pachingo","timestamp":"2026-01-17 16:45:36"}
{"level":"info","message":"USER: User retrieved (Username: nikokomninos)","service":"pachingo","timestamp":"2026-01-17 16:45:36"}
{"level":"info","message":"USER: User retrieved (Username: nikokomninos)","service":"pachingo","timestamp":"2026-01-17 16:45:36"}
{"level":"info","message":"USER: User retrieved (Username: nikokomninos)","service":"pachingo","timestamp":"2026-01-17 16:45:36"}
{"level":"info","message":"USER: User retrieved (Username: nikokomninos)","service":"pachingo","timestamp":"2026-01-17 16:45:36"}
{"level":"info","message":"USER: User retrieved (Username: nikokomninos)","service":"pachingo","timestamp":"2026-01-17 16:45:36"}
{"level":"info","message":"USER: User retrieved (Username: nikokomninos)","service":"pachingo","timestamp":"2026-01-17 16:45:36"}
{"level":"info","message":"USER: User retrieved (Username: nikokomninos)","service":"pachingo","timestamp":"2026-01-17 16:45:36"}
{"level":"info","message":"USER: User retrieved (Username: nikokomninos)","service":"pachingo","timestamp":"2026-01-17 16:45:36"}
{"level":"info","message":"USER: User retrieved (Username: nikokomninos)","service":"pachingo","timestamp":"2026-01-17 16:45:36"}
{"level":"info","message":"USER: User retrieved (Username: nikokomninos)","service":"pachingo","timestamp":"2026-01-17 16:45:36"}
{"level":"info","message":"USER: User retrieved (Username: nikokomninos)","service":"pachingo","timestamp":"2026-01-17 16:45:36"}
{"level":"info","message":"USER: User retrieved (Username: nikokomninos)","service":"pachingo","timestamp":"2026-01-17 16:45:36"}
{"level":"info","message":"USER: User retrieved (Username: nikokomninos)","service":"pachingo","timestamp":"2026-01-17 16:45:36"}
{"level":"info","message":"USER: User retrieved (Username: nikokomninos)","service":"pachingo","timestamp":"2026-01-17 16:45:36"}
{"level":"info","message":"USER: User retrieved (Username: nikokomninos)","service":"pachingo","timestamp":"2026-01-17 16:45:37"}
{"level":"info","message":"USER: User retrieved (Username: nikokomninos)","service":"pachingo","timestamp":"2026-01-17 16:45:37"}
{"level":"info","message":"USER: User retrieved (Username: nikokomninos)","service":"pachingo","timestamp":"2026-01-17 16:45:37"}
{"level":"info","message":"USER: User retrieved (Username: nikokomninos)","service":"pachingo","timestamp":"2026-01-17 16:45:37"}
{"level":"info","message":"USER: User retrieved (Username: nikokomninos)","service":"pachingo","timestamp":"2026-01-17 16:45:37"}
{"level":"info","message":"USER: User retrieved (Username: nikokomninos)","service":"pachingo","timestamp":"2026-01-17 16:45:37"}
{"level":"info","message":"USER: User retrieved (Username: nikokomninos)","service":"pachingo","timestamp":"2026-01-17 16:45:37"}
{"level":"info","message":"USER: User retrieved (Username: nikokomninos)","service":"pachingo","timestamp":"2026-01-17 16:45:37"}
{"level":"info","message":"USER: User retrieved (Username: nikokomninos)","service":"pachingo","timestamp":"2026-01-17 16:45:37"}
{"level":"info","message":"USER: User retrieved (Username: nikokomninos)","service":"pachingo","timestamp":"2026-01-17 16:45:37"}
{"level":"info","message":"SERVER: Server running on Port 9000","service":"pachingo","timestamp":"2026-01-17 16:45:59"}
{"level":"info","message":"SERVER: MongoDB session connected","service":"pachingo","timestamp":"2026-01-17 16:45:59"}
{"level":"info","message":"SEARCH: Most recent levels retrieved","service":"pachingo","timestamp":"2026-01-17 16:46:04"}
{"level":"info","message":"USER: User retrieved (Username: nikokomninos)","service":"pachingo","timestamp":"2026-01-17 16:46:08"}
{"level":"info","message":"USER: User retrieved (Username: nikokomninos)","service":"pachingo","timestamp":"2026-01-17 16:46:08"}
{"level":"info","message":"USER: User retrieved (Username: nikokomninos)","service":"pachingo","timestamp":"2026-01-17 16:46:08"}
{"level":"info","message":"USER: User retrieved (Username: nikokomninos)","service":"pachingo","timestamp":"2026-01-17 16:46:08"}
{"level":"info","message":"USER: User retrieved (Username: nikokomninos)","service":"pachingo","timestamp":"2026-01-17 16:46:08"}
{"level":"info","message":"USER: User retrieved (Username: nikokomninos)","service":"pachingo","timestamp":"2026-01-17 16:46:08"}
{"level":"info","message":"USER: User retrieved (Username: nikokomninos)","service":"pachingo","timestamp":"2026-01-17 16:46:08"}
{"level":"info","message":"USER: User retrieved (Username: nikokomninos)","service":"pachingo","timestamp":"2026-01-17 16:46:16"}
{"level":"info","message":"USER: User retrieved (Username: nikokomninos)","service":"pachingo","timestamp":"2026-01-17 16:46:16"}
{"level":"info","message":"USER: User retrieved (Username: nikokomninos)","service":"pachingo","timestamp":"2026-01-17 16:46:16"}
{"level":"info","message":"USER: User retrieved (Username: nikokomninos)","service":"pachingo","timestamp":"2026-01-17 16:46:16"}
{"level":"info","message":"USER: User retrieved (Username: nikokomninos)","service":"pachingo","timestamp":"2026-01-17 16:46:16"}
{"level":"info","message":"USER: User retrieved (Username: nikokomninos)","service":"pachingo","timestamp":"2026-01-17 16:46:16"}
{"level":"info","message":"USER: User retrieved (Username: nikokomninos)","service":"pachingo","timestamp":"2026-01-17 16:46:16"}
{"level":"info","message":"USER: User retrieved (Username: nikokomninos)","service":"pachingo","timestamp":"2026-01-17 16:46:16"}
{"level":"info","message":"USER: User retrieved (Username: nikokomninos)","service":"pachingo","timestamp":"2026-01-17 16:46:17"}
{"level":"info","message":"USER: User retrieved (Username: nikokomninos)","service":"pachingo","timestamp":"2026-01-17 16:46:17"}
{"level":"info","message":"USER: User retrieved (Username: nikokomninos)","service":"pachingo","timestamp":"2026-01-17 16:46:17"}
{"level":"info","message":"USER: User retrieved (Username: nikokomninos)","service":"pachingo","timestamp":"2026-01-17 16:46:17"}
{"level":"info","message":"USER: User retrieved (Username: nikokomninos)","service":"pachingo","timestamp":"2026-01-17 16:46:17"}
{"level":"info","message":"USER: User retrieved (Username: nikokomninos)","service":"pachingo","timestamp":"2026-01-17 16:46:17"}
{"level":"info","message":"USER: User retrieved (Username: nikokomninos)","service":"pachingo","timestamp":"2026-01-17 16:46:17"}
{"level":"info","message":"USER: User retrieved (Username: nikokomninos)","service":"pachingo","timestamp":"2026-01-17 16:46:17"}
{"level":"info","message":"USER: User retrieved (Username: nikokomninos)","service":"pachingo","timestamp":"2026-01-17 16:46:17"}
{"level":"info","message":"USER: User retrieved (Username: nikokomninos)","service":"pachingo","timestamp":"2026-01-17 16:46:17"}
{"level":"info","message":"USER: User retrieved (Username: nikokomninos)","service":"pachingo","timestamp":"2026-01-17 16:46:18"}
{"level":"info","message":"USER: User retrieved (Username: nikokomninos)","service":"pachingo","timestamp":"2026-01-17 16:46:18"}
{"level":"info","message":"USER: User retrieved (Username: nikokomninos)","service":"pachingo","timestamp":"2026-01-17 16:46:18"}
{"level":"info","message":"USER: User retrieved (Username: nikokomninos)","service":"pachingo","timestamp":"2026-01-17 16:46:18"}
{"level":"info","message":"USER: User retrieved (Username: nikokomninos)","service":"pachingo","timestamp":"2026-01-17 16:46:18"}
{"level":"info","message":"USER: User retrieved (Username: nikokomninos)","service":"pachingo","timestamp":"2026-01-17 16:46:18"}
{"level":"info","message":"USER: User retrieved (Username: nikokomninos)","service":"pachingo","timestamp":"2026-01-17 16:46:18"}
{"level":"info","message":"USER: User retrieved (Username: nikokomninos)","service":"pachingo","timestamp":"2026-01-17 16:46:18"}
{"level":"info","message":"USER: User retrieved (Username: nikokomninos)","service":"pachingo","timestamp":"2026-01-17 16:46:18"}
{"level":"info","message":"USER: User retrieved (Username: nikokomninos)","service":"pachingo","timestamp":"2026-01-17 16:46:18"}
{"level":"info","message":"USER: User retrieved (Username: nikokomninos)","service":"pachingo","timestamp":"2026-01-17 16:46:19"}
{"level":"info","message":"USER: User retrieved (Username: nikokomninos)","service":"pachingo","timestamp":"2026-01-17 16:46:19"}
{"level":"info","message":"USER: User retrieved (Username: nikokomninos)","service":"pachingo","timestamp":"2026-01-17 16:46:19"}
{"level":"info","message":"USER: User retrieved (Username: nikokomninos)","service":"pachingo","timestamp":"2026-01-17 16:46:19"}
{"level":"info","message":"USER: User retrieved (Username: nikokomninos)","service":"pachingo","timestamp":"2026-01-17 16:46:19"}
{"level":"info","message":"USER: User retrieved (Username: nikokomninos)","service":"pachingo","timestamp":"2026-01-17 16:46:19"}
{"level":"info","message":"USER: User retrieved (Username: nikokomninos)","service":"pachingo","timestamp":"2026-01-17 16:46:19"}
{"level":"info","message":"USER: User retrieved (Username: nikokomninos)","service":"pachingo","timestamp":"2026-01-17 16:46:19"}
{"level":"info","message":"USER: User retrieved (Username: nikokomninos)","service":"pachingo","timestamp":"2026-01-17 16:46:19"}
{"level":"info","message":"USER: User retrieved (Username: nikokomninos)","service":"pachingo","timestamp":"2026-01-17 16:46:20"}
{"level":"info","message":"USER: User retrieved (Username: nikokomninos)","service":"pachingo","timestamp":"2026-01-17 16:46:20"}
{"level":"info","message":"USER: User retrieved (Username: nikokomninos)","service":"pachingo","timestamp":"2026-01-17 16:46:20"}
{"level":"info","message":"SERVER: Server running on Port 9000","service":"pachingo","timestamp":"2026-01-17 16:46:37"}
{"level":"info","message":"SERVER: MongoDB session connected","service":"pachingo","timestamp":"2026-01-17 16:46:37"}
{"level":"info","message":"SEARCH: Most recent levels retrieved","service":"pachingo","timestamp":"2026-01-17 16:46:49"}
{"level":"info","message":"USER: User retrieved (Username: nikokomninos)","service":"pachingo","timestamp":"2026-01-17 16:50:06"}
{"level":"info","message":"USER: User retrieved (Username: nikokomninos)","service":"pachingo","timestamp":"2026-01-17 16:50:07"}
{"level":"info","message":"SERVER: Server running on Port 9000","service":"pachingo","timestamp":"2026-01-17 16:50:48"}
{"level":"info","message":"SERVER: MongoDB session connected","service":"pachingo","timestamp":"2026-01-17 16:50:48"}
{"level":"info","message":"SEARCH: Most recent levels retrieved","service":"pachingo","timestamp":"2026-01-17 16:50:49"}
{"level":"info","message":"USER: User retrieved (Username: nikokomninos)","service":"pachingo","timestamp":"2026-01-17 16:50:50"}
{"level":"info","message":"USER: User retrieved (Username: nikokomninos)","service":"pachingo","timestamp":"2026-01-17 16:50:50"}
{"level":"info","message":"SERVER: Server running on Port 9000","service":"pachingo","timestamp":"2026-01-17 16:51:12"}
{"level":"info","message":"SERVER: MongoDB session connected","service":"pachingo","timestamp":"2026-01-17 16:51:12"}
{"level":"info","message":"SERVER: Server running on Port 9000","service":"pachingo","timestamp":"2026-01-17 16:53:11"}
{"level":"info","message":"SERVER: MongoDB session connected","service":"pachingo","timestamp":"2026-01-17 16:53:11"}
{"level":"info","message":"SEARCH: Most recent levels retrieved","service":"pachingo","timestamp":"2026-01-17 16:54:46"}
{"level":"info","message":"USER: User retrieved (Username: nikokomninos)","service":"pachingo","timestamp":"2026-01-17 16:54:48"}
{"level":"info","message":"USER: User retrieved (Username: nikokomninos)","service":"pachingo","timestamp":"2026-01-17 16:54:48"}
{"level":"info","message":"SERVER: Server running on Port 9000","service":"pachingo","timestamp":"2026-01-17 16:56:06"}
{"level":"info","message":"SERVER: MongoDB session connected","service":"pachingo","timestamp":"2026-01-17 16:56:07"}
{"level":"info","message":"SERVER: Server running on Port 9000","service":"pachingo","timestamp":"2026-01-17 16:56:23"}
{"level":"info","message":"SERVER: MongoDB session connected","service":"pachingo","timestamp":"2026-01-17 16:56:23"}
{"level":"info","message":"SERVER: Server running on Port 9000","service":"pachingo","timestamp":"2026-01-17 16:59:28"}
{"level":"info","message":"SERVER: MongoDB session connected","service":"pachingo","timestamp":"2026-01-17 16:59:29"}
{"level":"info","message":"SERVER: Server running on Port 9000","service":"pachingo","timestamp":"2026-01-17 16:59:30"}
{"level":"info","message":"SERVER: MongoDB session connected","service":"pachingo","timestamp":"2026-01-17 16:59:30"}
{"level":"info","message":"SERVER: Server running on Port 9000","service":"pachingo","timestamp":"2026-01-17 16:59:47"}
{"level":"info","message":"SERVER: MongoDB session connected","service":"pachingo","timestamp":"2026-01-17 16:59:47"}
{"level":"info","message":"SERVER: Server running on Port 9000","service":"pachingo","timestamp":"2026-01-17 16:59:56"}
{"level":"info","message":"SERVER: MongoDB session connected","service":"pachingo","timestamp":"2026-01-17 16:59:57"}
{"level":"info","message":"SERVER: Server running on Port 9000","service":"pachingo","timestamp":"2026-01-17 17:00:26"}
{"level":"info","message":"SERVER: MongoDB session connected","service":"pachingo","timestamp":"2026-01-17 17:00:26"}
{"level":"info","message":"SEARCH: Most recent levels retrieved","service":"pachingo","timestamp":"2026-01-17 17:00:26"}
{"level":"info","message":"USER: User retrieved (Username: nikokomninos)","service":"pachingo","timestamp":"2026-01-17 17:00:27"}
{"level":"info","message":"USER: User retrieved (Username: nikokomninos)","service":"pachingo","timestamp":"2026-01-17 17:00:27"}
{"level":"info","message":"SERVER: Server running on Port 9000","service":"pachingo","timestamp":"2026-01-17 17:01:52"}
{"level":"info","message":"SERVER: MongoDB session connected","service":"pachingo","timestamp":"2026-01-17 17:01:53"}
{"level":"info","message":"SEARCH: Most recent levels retrieved","service":"pachingo","timestamp":"2026-01-17 17:01:53"}
{"level":"info","message":"USER: User retrieved (Username: nikokomninos)","service":"pachingo","timestamp":"2026-01-17 17:01:54"}
{"level":"info","message":"USER: User retrieved (Username: nikokomninos)","service":"pachingo","timestamp":"2026-01-17 17:01:54"}
{"level":"info","message":"SERVER: Server running on Port 9000","service":"pachingo","timestamp":"2026-01-17 17:02:07"}
{"level":"info","message":"SERVER: MongoDB session connected","service":"pachingo","timestamp":"2026-01-17 17:02:07"}
{"level":"info","message":"SERVER: Server running on Port 9000","service":"pachingo","timestamp":"2026-01-17 17:03:21"}
{"level":"info","message":"SERVER: MongoDB session connected","service":"pachingo","timestamp":"2026-01-17 17:03:22"}
{"level":"info","message":"SEARCH: Most recent levels retrieved","service":"pachingo","timestamp":"2026-01-17 17:03:22"}
{"level":"info","message":"USER: User retrieved (Username: nikokomninos)","service":"pachingo","timestamp":"2026-01-17 17:03:24"}
{"level":"info","message":"USER: User retrieved (Username: nikokomninos)","service":"pachingo","timestamp":"2026-01-17 17:03:24"}
{"level":"info","message":"SERVER: Server running on Port 9000","service":"pachingo","timestamp":"2026-01-17 17:04:11"}
{"level":"info","message":"SERVER: MongoDB session connected","service":"pachingo","timestamp":"2026-01-17 17:04:11"}
{"level":"info","message":"SEARCH: Most recent levels retrieved","service":"pachingo","timestamp":"2026-01-17 17:04:14"}
{"level":"info","message":"USER: User retrieved (Username: nikokomninos)","service":"pachingo","timestamp":"2026-01-17 17:04:16"}
{"level":"info","message":"USER: User retrieved (Username: nikokomninos)","service":"pachingo","timestamp":"2026-01-17 17:04:17"}
{"level":"info","message":"SERVER: Server running on Port 9000","service":"pachingo","timestamp":"2026-01-17 17:10:57"}
{"level":"info","message":"SERVER: MongoDB session connected","service":"pachingo","timestamp":"2026-01-17 17:10:58"}
{"level":"info","message":"SERVER: Server running on Port 9000","service":"pachingo","timestamp":"2026-01-17 17:11:08"}
{"level":"info","message":"SERVER: MongoDB session connected","service":"pachingo","timestamp":"2026-01-17 17:11:08"}
{"level":"info","message":"SEARCH: Most recent levels retrieved","service":"pachingo","timestamp":"2026-01-17 17:12:33"}
{"level":"info","message":"USER: User retrieved (Username: nikokomninos)","service":"pachingo","timestamp":"2026-01-17 17:12:35"}
{"level":"info","message":"USER: User retrieved (Username: nikokomninos)","service":"pachingo","timestamp":"2026-01-17 17:12:35"}
{"level":"info","message":"SERVER: Server running on Port 9000","service":"pachingo","timestamp":"2026-01-17 17:13:07"}
{"level":"info","message":"SERVER: MongoDB session connected","service":"pachingo","timestamp":"2026-01-17 17:13:07"}
{"level":"info","message":"SERVER: Server running on Port 9000","service":"pachingo","timestamp":"2026-01-17 17:13:15"}
{"level":"info","message":"SERVER: MongoDB session connected","service":"pachingo","timestamp":"2026-01-17 17:13:15"}
{"level":"info","message":"SEARCH: Most recent levels retrieved","service":"pachingo","timestamp":"2026-01-17 17:13:16"}
{"level":"info","message":"USER: User retrieved (Username: nikokomninos)","service":"pachingo","timestamp":"2026-01-17 17:13:18"}
{"level":"info","message":"USER: User retrieved (Username: nikokomninos)","service":"pachingo","timestamp":"2026-01-17 17:13:18"}
{"level":"info","message":"SEARCH: Most recent levels retrieved","service":"pachingo","timestamp":"2026-01-17 17:14:45"}
{"level":"info","message":"USER: User retrieved (Username: nikokomninos)","service":"pachingo","timestamp":"2026-01-17 17:14:46"}
{"level":"info","message":"USER: User retrieved (Username: nikokomninos)","service":"pachingo","timestamp":"2026-01-17 17:14:46"}
{"level":"info","message":"SEARCH: Most recent levels retrieved","service":"pachingo","timestamp":"2026-01-17 17:16:25"}
{"level":"info","message":"USER: User retrieved (Username: nikokomninos)","service":"pachingo","timestamp":"2026-01-17 17:16:27"}
{"level":"info","message":"USER: User retrieved (Username: nikokomninos)","service":"pachingo","timestamp":"2026-01-17 17:16:27"}
{"level":"info","message":"SERVER: Server running on Port 9000","service":"pachingo","timestamp":"2026-01-17 17:18:51"}
{"level":"info","message":"SERVER: MongoDB session connected","service":"pachingo","timestamp":"2026-01-17 17:18:52"}
{"level":"info","message":"USER: User retrieved (Username: nikokomninos)","service":"pachingo","timestamp":"2026-01-17 17:19:01"}
{"level":"info","message":"USER: User retrieved (Username: nikokomninos)","service":"pachingo","timestamp":"2026-01-17 17:19:01"}
{"level":"info","message":"USER: User retrieved (Username: nikokomninos)","service":"pachingo","timestamp":"2026-01-17 17:19:01"}
{"level":"info","message":"LEVEL: Like added to level: (User: nikokomninos, ID: 30)","service":"pachingo","timestamp":"2026-01-17 17:19:01"}
{"level":"info","message":"USER: User retrieved (Username: nikokomninos)","service":"pachingo","timestamp":"2026-01-17 17:19:10"}
{"level":"info","message":"USER: User retrieved (Username: nikokomninos)","service":"pachingo","timestamp":"2026-01-17 17:19:10"}
{"level":"info","message":"USER: User retrieved (Username: nikokomninos)","service":"pachingo","timestamp":"2026-01-17 17:23:24"}
{"level":"info","message":"USER: User retrieved (Username: nikokomninos)","service":"pachingo","timestamp":"2026-01-17 17:23:24"}
{"level":"info","message":"USER: User retrieved (Username: nikokomninos)","service":"pachingo","timestamp":"2026-01-17 17:23:26"}
{"level":"info","message":"USER: User retrieved (Username: nikokomninos)","service":"pachingo","timestamp":"2026-01-17 17:23:26"}
{"level":"info","message":"USER: User retrieved (Username: nikokomninos)","service":"pachingo","timestamp":"2026-01-17 17:23:37"}
{"level":"info","message":"USER: User retrieved (Username: nikokomninos)","service":"pachingo","timestamp":"2026-01-17 17:23:37"}
{"level":"info","message":"USER: User retrieved (Username: nikokomninos)","service":"pachingo","timestamp":"2026-01-17 17:23:38"}
{"level":"info","message":"USER: User retrieved (Username: nikokomninos)","service":"pachingo","timestamp":"2026-01-17 17:23:38"}
{"level":"info","message":"USER: User retrieved (Username: nikokomninos)","service":"pachingo","timestamp":"2026-01-17 17:23:40"}
{"level":"info","message":"USER: User retrieved (Username: nikokomninos)","service":"pachingo","timestamp":"2026-01-17 17:23:40"}
{"level":"info","message":"USER: User retrieved (Username: nikokomninos)","service":"pachingo","timestamp":"2026-01-17 17:23:51"}
{"level":"info","message":"USER: User retrieved (Username: nikokomninos)","service":"pachingo","timestamp":"2026-01-17 17:23:51"}
{"level":"info","message":"USER: User retrieved (Username: nikokomninos)","service":"pachingo","timestamp":"2026-01-17 17:23:53"}
{"level":"info","message":"USER: User retrieved (Username: nikokomninos)","service":"pachingo","timestamp":"2026-01-17 17:23:53"}
{"level":"info","message":"USER: User retrieved (Username: nikokomninos)","service":"pachingo","timestamp":"2026-01-17 17:23:54"}
{"level":"info","message":"USER: User retrieved (Username: nikokomninos)","service":"pachingo","timestamp":"2026-01-17 17:23:54"}
{"level":"info","message":"SERVER: Server running on Port 9000","service":"pachingo","timestamp":"2026-01-17 17:26:11"}
{"level":"info","message":"SERVER: MongoDB session connected","service":"pachingo","timestamp":"2026-01-17 17:26:11"}
{"level":"info","message":"USER: User retrieved (Username: nikokomninos)","service":"pachingo","timestamp":"2026-01-17 17:26:36"}
{"level":"info","message":"USER: User retrieved (Username: nikokomninos)","service":"pachingo","timestamp":"2026-01-17 17:26:36"}
{"level":"info","message":"USER: User retrieved (Username: nikokomninos)","service":"pachingo","timestamp":"2026-01-17 17:28:49"}
{"level":"info","message":"USER: User retrieved (Username: nikokomninos)","service":"pachingo","timestamp":"2026-01-17 17:28:49"}
{"level":"info","message":"USER: User retrieved (Username: nikokomninos)","service":"pachingo","timestamp":"2026-01-17 17:28:51"}
{"level":"info","message":"USER: User retrieved (Username: nikokomninos)","service":"pachingo","timestamp":"2026-01-17 17:28:51"}
{"level":"info","message":"USER: User retrieved (Username: nikokomninos)","service":"pachingo","timestamp":"2026-01-17 17:28:52"}
{"level":"info","message":"USER: User retrieved (Username: nikokomninos)","service":"pachingo","timestamp":"2026-01-17 17:28:52"}
{"level":"info","message":"USER: User retrieved (Username: nikokomninos)","service":"pachingo","timestamp":"2026-01-17 17:28:53"}
{"level":"info","message":"USER: User retrieved (Username: nikokomninos)","service":"pachingo","timestamp":"2026-01-17 17:28:53"}
{"level":"info","message":"USER: User retrieved (Username: nikokomninos)","service":"pachingo","timestamp":"2026-01-17 17:29:09"}
{"level":"info","message":"USER: User retrieved (Username: nikokomninos)","service":"pachingo","timestamp":"2026-01-17 17:29:09"}
{"level":"info","message":"USER: User retrieved (Username: nikokomninos)","service":"pachingo","timestamp":"2026-01-17 17:29:10"}
{"level":"info","message":"USER: User retrieved (Username: nikokomninos)","service":"pachingo","timestamp":"2026-01-17 17:29:10"}
{"level":"info","message":"USER: User retrieved (Username: nikokomninos)","service":"pachingo","timestamp":"2026-01-17 17:29:11"}
{"level":"info","message":"USER: User retrieved (Username: nikokomninos)","service":"pachingo","timestamp":"2026-01-17 17:29:11"}
{"level":"info","message":"USER: User retrieved (Username: nikokomninos)","service":"pachingo","timestamp":"2026-01-17 17:29:12"}
{"level":"info","message":"USER: User retrieved (Username: nikokomninos)","service":"pachingo","timestamp":"2026-01-17 17:29:12"}
{"level":"info","message":"USER: User retrieved (Username: nikokomninos)","service":"pachingo","timestamp":"2026-01-17 17:29:22"}
{"level":"info","message":"USER: User retrieved (Username: nikokomninos)","service":"pachingo","timestamp":"2026-01-17 17:29:22"}
{"level":"info","message":"USER: User retrieved (Username: nikokomninos)","service":"pachingo","timestamp":"2026-01-17 17:29:23"}
{"level":"info","message":"USER: User retrieved (Username: nikokomninos)","service":"pachingo","timestamp":"2026-01-17 17:29:23"}
{"level":"info","message":"USER: User retrieved (Username: nikokomninos)","service":"pachingo","timestamp":"2026-01-17 17:29:24"}
{"level":"info","message":"USER: User retrieved (Username: nikokomninos)","service":"pachingo","timestamp":"2026-01-17 17:29:24"}
{"level":"info","message":"USER: User retrieved (Username: nikokomninos)","service":"pachingo","timestamp":"2026-01-17 17:29:41"}
{"level":"info","message":"USER: User retrieved (Username: nikokomninos)","service":"pachingo","timestamp":"2026-01-17 17:29:41"}
{"level":"info","message":"USER: User retrieved (Username: nikokomninos)","service":"pachingo","timestamp":"2026-01-17 17:29:42"}
{"level":"info","message":"USER: User retrieved (Username: nikokomninos)","service":"pachingo","timestamp":"2026-01-17 17:29:42"}
{"level":"info","message":"USER: User retrieved (Username: nikokomninos)","service":"pachingo","timestamp":"2026-01-17 17:29:43"}
{"level":"info","message":"USER: User retrieved (Username: nikokomninos)","service":"pachingo","timestamp":"2026-01-17 17:29:43"}
{"level":"info","message":"USER: User retrieved (Username: nikokomninos)","service":"pachingo","timestamp":"2026-01-17 17:29:44"}
{"level":"info","message":"USER: User retrieved (Username: nikokomninos)","service":"pachingo","timestamp":"2026-01-17 17:29:44"}
{"level":"info","message":"USER: User retrieved (Username: nikokomninos)","service":"pachingo","timestamp":"2026-01-17 17:29:54"}
{"level":"info","message":"USER: User retrieved (Username: nikokomninos)","service":"pachingo","timestamp":"2026-01-17 17:29:54"}
{"level":"info","message":"USER: User retrieved (Username: nikokomninos)","service":"pachingo","timestamp":"2026-01-17 17:29:55"}
{"level":"info","message":"USER: User retrieved (Username: nikokomninos)","service":"pachingo","timestamp":"2026-01-17 17:29:55"}
{"level":"info","message":"USER: User retrieved (Username: nikokomninos)","service":"pachingo","timestamp":"2026-01-17 17:29:56"}
{"level":"info","message":"USER: User retrieved (Username: nikokomninos)","service":"pachingo","timestamp":"2026-01-17 17:29:56"}
{"level":"info","message":"USER: User retrieved (Username: nikokomninos)","service":"pachingo","timestamp":"2026-01-17 17:31:21"}
{"level":"info","message":"USER: User retrieved (Username: nikokomninos)","service":"pachingo","timestamp":"2026-01-17 17:31:21"}
{"level":"info","message":"USER: User retrieved (Username: nikokomninos)","service":"pachingo","timestamp":"2026-01-17 17:31:22"}
{"level":"info","message":"USER: User retrieved (Username: nikokomninos)","service":"pachingo","timestamp":"2026-01-17 17:31:22"}
{"level":"info","message":"USER: User retrieved (Username: nikokomninos)","service":"pachingo","timestamp":"2026-01-17 17:31:42"}
{"level":"info","message":"USER: User retrieved (Username: nikokomninos)","service":"pachingo","timestamp":"2026-01-17 17:31:42"}
{"level":"info","message":"USER: User retrieved (Username: nikokomninos)","service":"pachingo","timestamp":"2026-01-17 17:31:43"}
{"level":"info","message":"USER: User retrieved (Username: nikokomninos)","service":"pachingo","timestamp":"2026-01-17 17:31:43"}
{"level":"info","message":"USER: User retrieved (Username: nikokomninos)","service":"pachingo","timestamp":"2026-01-17 17:31:44"}
{"level":"info","message":"USER: User retrieved (Username: nikokomninos)","service":"pachingo","timestamp":"2026-01-17 17:31:44"}
{"level":"info","message":"USER: User retrieved (Username: nikokomninos)","service":"pachingo","timestamp":"2026-01-17 17:31:45"}
{"level":"info","message":"USER: User retrieved (Username: nikokomninos)","service":"pachingo","timestamp":"2026-01-17 17:31:45"}
{"level":"info","message":"USER: User retrieved (Username: nikokomninos)","service":"pachingo","timestamp":"2026-01-17 17:31:55"}
{"level":"info","message":"USER: User retrieved (Username: nikokomninos)","service":"pachingo","timestamp":"2026-01-17 17:31:55"}
{"level":"info","message":"USER: User retrieved (Username: nikokomninos)","service":"pachingo","timestamp":"2026-01-17 17:32:00"}
{"level":"info","message":"USER: User retrieved (Username: nikokomninos)","service":"pachingo","timestamp":"2026-01-17 17:32:00"}
{"level":"info","message":"USER: User retrieved (Username: nikokomninos)","service":"pachingo","timestamp":"2026-01-17 17:32:05"}
{"level":"info","message":"USER: User retrieved (Username: nikokomninos)","service":"pachingo","timestamp":"2026-01-17 17:32:05"}
{"level":"info","message":"USER: User retrieved (Username: nikokomninos)","service":"pachingo","timestamp":"2026-01-17 17:32:10"}
{"level":"info","message":"USER: User retrieved (Username: nikokomninos)","service":"pachingo","timestamp":"2026-01-17 17:32:10"}
{"level":"info","message":"USER: User retrieved (Username: nikokomninos)","service":"pachingo","timestamp":"2026-01-17 17:32:13"}
{"level":"info","message":"USER: User retrieved (Username: nikokomninos)","service":"pachingo","timestamp":"2026-01-17 17:32:13"}
{"level":"info","message":"USER: User retrieved (Username: nikokomninos)","service":"pachingo","timestamp":"2026-01-17 17:32:15"}
{"level":"info","message":"USER: User retrieved (Username: nikokomninos)","service":"pachingo","timestamp":"2026-01-17 17:32:15"}
{"level":"info","message":"USER: User retrieved (Username: nikokomninos)","service":"pachingo","timestamp":"2026-01-17 17:32:16"}
{"level":"info","message":"USER: User retrieved (Username: nikokomninos)","service":"pachingo","timestamp":"2026-01-17 17:32:16"}
{"level":"info","message":"USER: User retrieved (Username: nikokomninos)","service":"pachingo","timestamp":"2026-01-17 17:32:19"}
{"level":"info","message":"USER: User retrieved (Username: nikokomninos)","service":"pachingo","timestamp":"2026-01-17 17:32:19"}
{"level":"info","message":"USER: User retrieved (Username: nikokomninos)","service":"pachingo","timestamp":"2026-01-17 17:32:20"}
{"level":"info","message":"USER: User retrieved (Username: nikokomninos)","service":"pachingo","timestamp":"2026-01-17 17:32:20"}
{"level":"info","message":"USER: User retrieved (Username: nikokomninos)","service":"pachingo","timestamp":"2026-01-17 17:33:17"}
{"level":"info","message":"USER: User retrieved (Username: nikokomninos)","service":"pachingo","timestamp":"2026-01-17 17:33:17"}
{"level":"info","message":"USER: User retrieved (Username: nikokomninos)","service":"pachingo","timestamp":"2026-01-17 17:33:18"}
{"level":"info","message":"USER: User retrieved (Username: nikokomninos)","service":"pachingo","timestamp":"2026-01-17 17:33:18"}
{"level":"info","message":"USER: User retrieved (Username: nikokomninos)","service":"pachingo","timestamp":"2026-01-17 17:33:19"}
{"level":"info","message":"USER: User retrieved (Username: nikokomninos)","service":"pachingo","timestamp":"2026-01-17 17:33:19"}
{"level":"info","message":"USER: User retrieved (Username: nikokomninos)","service":"pachingo","timestamp":"2026-01-17 17:33:20"}
{"level":"info","message":"USER: User retrieved (Username: nikokomninos)","service":"pachingo","timestamp":"2026-01-17 17:33:20"}
{"level":"info","message":"USER: User retrieved (Username: nikokomninos)","service":"pachingo","timestamp":"2026-01-17 17:33:21"}
{"level":"info","message":"USER: User retrieved (Username: nikokomninos)","service":"pachingo","timestamp":"2026-01-17 17:33:21"}
{"level":"info","message":"USER: User retrieved (Username: nikokomninos)","service":"pachingo","timestamp":"2026-01-17 17:33:22"}
{"level":"info","message":"USER: User retrieved (Username: nikokomninos)","service":"pachingo","timestamp":"2026-01-17 17:33:22"}
{"level":"info","message":"USER: User retrieved (Username: nikokomninos)","service":"pachingo","timestamp":"2026-01-17 17:33:24"}
{"level":"info","message":"USER: User retrieved (Username: nikokomninos)","service":"pachingo","timestamp":"2026-01-17 17:33:24"}
{"level":"info","message":"USER: User retrieved (Username: nikokomninos)","service":"pachingo","timestamp":"2026-01-17 17:33:25"}
{"level":"info","message":"USER: User retrieved (Username: nikokomninos)","service":"pachingo","timestamp":"2026-01-17 17:33:25"}
{"level":"info","message":"USER: User retrieved (Username: nikokomninos)","service":"pachingo","timestamp":"2026-01-17 17:33:42"}
{"level":"info","message":"USER: User retrieved (Username: nikokomninos)","service":"pachingo","timestamp":"2026-01-17 17:33:42"}
{"level":"info","message":"USER: User retrieved (Username: nikokomninos)","service":"pachingo","timestamp":"2026-01-17 17:33:43"}
{"level":"info","message":"USER: User retrieved (Username: nikokomninos)","service":"pachingo","timestamp":"2026-01-17 17:33:43"}
{"level":"info","message":"USER: User retrieved (Username: nikokomninos)","service":"pachingo","timestamp":"2026-01-17 17:33:44"}
{"level":"info","message":"USER: User retrieved (Username: nikokomninos)","service":"pachingo","timestamp":"2026-01-17 17:33:44"}
{"level":"info","message":"USER: User retrieved (Username: nikokomninos)","service":"pachingo","timestamp":"2026-01-17 17:33:45"}
{"level":"info","message":"USER: User retrieved (Username: nikokomninos)","service":"pachingo","timestamp":"2026-01-17 17:33:45"}
{"level":"info","message":"USER: User retrieved (Username: nikokomninos)","service":"pachingo","timestamp":"2026-01-17 17:33:46"}
{"level":"info","message":"USER: User retrieved (Username: nikokomninos)","service":"pachingo","timestamp":"2026-01-17 17:33:46"}
{"level":"info","message":"USER: User retrieved (Username: nikokomninos)","service":"pachingo","timestamp":"2026-01-17 17:33:47"}
{"level":"info","message":"USER: User retrieved (Username: nikokomninos)","service":"pachingo","timestamp":"2026-01-17 17:33:47"}
{"level":"info","message":"USER: User retrieved (Username: nikokomninos)","service":"pachingo","timestamp":"2026-01-17 17:33:48"}
{"level":"info","message":"USER: User retrieved (Username: nikokomninos)","service":"pachingo","timestamp":"2026-01-17 17:33:48"}
{"level":"info","message":"USER: User retrieved (Username: nikokomninos)","service":"pachingo","timestamp":"2026-01-17 17:33:49"}
{"level":"info","message":"USER: User retrieved (Username: nikokomninos)","service":"pachingo","timestamp":"2026-01-17 17:33:49"}
{"level":"info","message":"USER: User retrieved (Username: nikokomninos)","service":"pachingo","timestamp":"2026-01-17 17:33:53"}
{"level":"info","message":"USER: User retrieved (Username: nikokomninos)","service":"pachingo","timestamp":"2026-01-17 17:33:53"}
{"level":"info","message":"USER: User retrieved (Username: nikokomninos)","service":"pachingo","timestamp":"2026-01-17 17:33:54"}
{"level":"info","message":"USER: User retrieved (Username: nikokomninos)","service":"pachingo","timestamp":"2026-01-17 17:33:54"}
{"level":"info","message":"USER: User retrieved (Username: nikokomninos)","service":"pachingo","timestamp":"2026-01-17 17:33:55"}
{"level":"info","message":"USER: User retrieved (Username: nikokomninos)","service":"pachingo","timestamp":"2026-01-17 17:33:55"}
{"level":"info","message":"USER: User retrieved (Username: nikokomninos)","service":"pachingo","timestamp":"2026-01-17 17:34:03"}
{"level":"info","message":"USER: User retrieved (Username: nikokomninos)","service":"pachingo","timestamp":"2026-01-17 17:34:03"}
{"level":"info","message":"USER: User retrieved (Username: nikokomninos)","service":"pachingo","timestamp":"2026-01-17 17:34:06"}
{"level":"info","message":"LEVEL: Like removed from level: (User: nikokomninos, ID: 30)","service":"pachingo","timestamp":"2026-01-17 17:34:06"}
{"level":"info","message":"USER: User retrieved (Username: nikokomninos)","service":"pachingo","timestamp":"2026-01-17 17:34:12"}
{"level":"info","message":"LEVEL: Like added to level: (User: nikokomninos, ID: 30)","service":"pachingo","timestamp":"2026-01-17 17:34:12"}
{"level":"info","message":"USER: User retrieved (Username: nikokomninos)","service":"pachingo","timestamp":"2026-01-17 17:34:14"}
{"level":"info","message":"LEVEL: Like removed from level: (User: nikokomninos, ID: 30)","service":"pachingo","timestamp":"2026-01-17 17:34:14"}
{"level":"info","message":"SEARCH: Most recent levels retrieved","service":"pachingo","timestamp":"2026-01-17 17:34:18"}
{"level":"info","message":"USER: User retrieved (Username: nikokomninos)","service":"pachingo","timestamp":"2026-01-17 17:34:19"}
{"level":"info","message":"USER: User retrieved (Username: nikokomninos)","service":"pachingo","timestamp":"2026-01-17 17:34:19"}
{"level":"info","message":"USER: User retrieved (Username: nikokomninos)","service":"pachingo","timestamp":"2026-01-17 17:34:20"}
{"level":"info","message":"LEVEL: Like removed from level: (User: nikokomninos, ID: 30)","service":"pachingo","timestamp":"2026-01-17 17:34:20"}
{"level":"info","message":"USER: User retrieved (Username: nikokomninos)","service":"pachingo","timestamp":"2026-01-17 17:34:22"}
{"level":"info","message":"LEVEL: Like added to level: (User: nikokomninos, ID: 30)","service":"pachingo","timestamp":"2026-01-17 17:34:22"}
{"level":"info","message":"SEARCH: Most recent levels retrieved","service":"pachingo","timestamp":"2026-01-17 17:34:23"}
{"level":"info","message":"SEARCH: Most recent levels retrieved","service":"pachingo","timestamp":"2026-01-17 17:34:26"}
{"level":"info","message":"USER: User retrieved (Username: nikokomninos)","service":"pachingo","timestamp":"2026-01-17 17:34:27"}
{"level":"info","message":"USER: User retrieved (Username: nikokomninos)","service":"pachingo","timestamp":"2026-01-17 17:34:27"}
{"level":"info","message":"USER: User retrieved (Username: nikokomninos)","service":"pachingo","timestamp":"2026-01-17 17:34:28"}
{"level":"info","message":"LEVEL: Like removed from level: (User: nikokomninos, ID: 30)","service":"pachingo","timestamp":"2026-01-17 17:34:28"}
{"level":"info","message":"SEARCH: Most recent levels retrieved","service":"pachingo","timestamp":"2026-01-17 17:34:29"}
{"level":"info","message":"USER: User retrieved (Username: nikokomninos)","service":"pachingo","timestamp":"2026-01-17 17:34:31"}
{"level":"info","message":"USER: User retrieved (Username: nikokomninos)","service":"pachingo","timestamp":"2026-01-17 17:34:31"}
{"level":"info","message":"USER: User retrieved (Username: nikokomninos)","service":"pachingo","timestamp":"2026-01-17 17:34:34"}
{"level":"info","message":"USER: User retrieved (Username: nikokomninos)","service":"pachingo","timestamp":"2026-01-17 17:34:34"}
{"level":"info","message":"SEARCH: Most recent levels retrieved","service":"pachingo","timestamp":"2026-01-17 17:34:36"}
{"level":"info","message":"USER: User retrieved (Username: nikokomninos)","service":"pachingo","timestamp":"2026-01-17 17:34:37"}
{"level":"info","message":"USER: User retrieved (Username: nikokomninos)","service":"pachingo","timestamp":"2026-01-17 17:34:37"}
{"level":"info","message":"USER: User retrieved (Username: nikokomninos)","service":"pachingo","timestamp":"2026-01-17 17:34:39"}
{"level":"info","message":"LEVEL: Like removed from level: (User: nikokomninos, ID: 30)","service":"pachingo","timestamp":"2026-01-17 17:34:39"}
{"level":"info","message":"SEARCH: Most recent levels retrieved","service":"pachingo","timestamp":"2026-01-17 17:34:40"}
{"level":"info","message":"USER: User retrieved (Username: nikokomninos)","service":"pachingo","timestamp":"2026-01-17 17:34:42"}
{"level":"info","message":"USER: User retrieved (Username: nikokomninos)","service":"pachingo","timestamp":"2026-01-17 17:34:42"}
{"level":"info","message":"USER: User retrieved (Username: nikokomninos)","service":"pachingo","timestamp":"2026-01-17 17:35:37"}
{"level":"info","message":"USER: User retrieved (Username: nikokomninos)","service":"pachingo","timestamp":"2026-01-17 17:35:37"}
{"level":"info","message":"USER: User retrieved (Username: nikokomninos)","service":"pachingo","timestamp":"2026-01-17 17:35:38"}
{"level":"info","message":"USER: User retrieved (Username: nikokomninos)","service":"pachingo","timestamp":"2026-01-17 17:35:38"}
{"level":"info","message":"USER: User retrieved (Username: nikokomninos)","service":"pachingo","timestamp":"2026-01-17 17:35:39"}
{"level":"info","message":"USER: User retrieved (Username: nikokomninos)","service":"pachingo","timestamp":"2026-01-17 17:35:39"}
{"level":"info","message":"USER: User retrieved (Username: nikokomninos)","service":"pachingo","timestamp":"2026-01-17 17:35:40"}
{"level":"info","message":"LEVEL: Like removed from level: (User: nikokomninos, ID: 30)","service":"pachingo","timestamp":"2026-01-17 17:35:40"}
{"level":"info","message":"SEARCH: Most recent levels retrieved","service":"pachingo","timestamp":"2026-01-17 17:35:41"}
{"level":"info","message":"USER: User retrieved (Username: nikokomninos)","service":"pachingo","timestamp":"2026-01-17 17:35:42"}
{"level":"info","message":"USER: User retrieved (Username: nikokomninos)","service":"pachingo","timestamp":"2026-01-17 17:35:42"}
{"level":"info","message":"SERVER: Server running on Port 9000","service":"pachingo","timestamp":"2026-01-17 17:39:13"}
{"level":"info","message":"SERVER: MongoDB session connected","service":"pachingo","timestamp":"2026-01-17 17:39:13"}
{"level":"info","message":"SEARCH: Most recent levels retrieved","service":"pachingo","timestamp":"2026-01-17 17:39:22"}
{"level":"info","message":"USER: User retrieved (Username: nikokomninos)","service":"pachingo","timestamp":"2026-01-17 17:39:23"}
{"level":"info","message":"USER: User retrieved (Username: nikokomninos)","service":"pachingo","timestamp":"2026-01-17 17:39:23"}
{"level":"info","message":"USER: User retrieved (Username: nikokomninos)","service":"pachingo","timestamp":"2026-01-17 17:39:24"}
{"level":"info","message":"LEVEL: Like removed from level: (User: nikokomninos, ID: 30)","service":"pachingo","timestamp":"2026-01-17 17:39:24"}
{"level":"info","message":"SEARCH: Most recent levels retrieved","service":"pachingo","timestamp":"2026-01-17 17:39:26"}
{"level":"info","message":"USER: User retrieved (Username: nikokomninos)","service":"pachingo","timestamp":"2026-01-17 17:39:28"}
{"level":"info","message":"USER: User retrieved (Username: nikokomninos)","service":"pachingo","timestamp":"2026-01-17 17:39:28"}
{"level":"info","message":"USER: User retrieved (Username: nikokomninos)","service":"pachingo","timestamp":"2026-01-17 17:39:29"}
{"level":"info","message":"LEVEL: Like added to level: (User: nikokomninos, ID: 29)","service":"pachingo","timestamp":"2026-01-17 17:39:29"}
{"level":"info","message":"SEARCH: Most recent levels retrieved","service":"pachingo","timestamp":"2026-01-17 17:39:30"}
{"level":"info","message":"USER: User retrieved (Username: nikokomninos)","service":"pachingo","timestamp":"2026-01-17 17:39:31"}
{"level":"info","message":"USER: User retrieved (Username: nikokomninos)","service":"pachingo","timestamp":"2026-01-17 17:39:31"}
{"level":"info","message":"USER: User retrieved (Username: nikokomninos)","service":"pachingo","timestamp":"2026-01-17 17:39:34"}
{"level":"info","message":"LEVEL: Like removed from level: (User: nikokomninos, ID: 29)","service":"pachingo","timestamp":"2026-01-17 17:39:34"}
{"level":"info","message":"SEARCH: Most recent levels retrieved","service":"pachingo","timestamp":"2026-01-17 17:39:35"}
{"level":"info","message":"USER: User retrieved (Username: nikokomninos)","service":"pachingo","timestamp":"2026-01-17 17:39:36"}
{"level":"info","message":"USER: User retrieved (Username: nikokomninos)","service":"pachingo","timestamp":"2026-01-17 17:39:36"}
{"level":"info","message":"SERVER: Server running on Port 9000","service":"pachingo","timestamp":"2026-01-17 17:40:53"}
{"level":"info","message":"SERVER: MongoDB session connected","service":"pachingo","timestamp":"2026-01-17 17:40:54"}
{"level":"info","message":"SERVER: Server running on Port 9000","service":"pachingo","timestamp":"2026-01-17 17:43:08"}
{"level":"info","message":"SERVER: MongoDB session connected","service":"pachingo","timestamp":"2026-01-17 17:43:08"}
{"level":"info","message":"SERVER: Server running on Port 9000","service":"pachingo","timestamp":"2026-01-17 17:43:10"}
{"level":"info","message":"SERVER: MongoDB session connected","service":"pachingo","timestamp":"2026-01-17 17:43:11"}
{"level":"info","message":"SEARCH: Most recent levels retrieved","service":"pachingo","timestamp":"2026-01-17 17:43:24"}
{"level":"info","message":"USER: User retrieved (Username: nikokomninos)","service":"pachingo","timestamp":"2026-01-17 17:43:25"}
{"level":"info","message":"USER: User retrieved (Username: nikokomninos)","service":"pachingo","timestamp":"2026-01-17 17:43:26"}
{"level":"info","message":"USER: User retrieved (Username: nikokomninos)","service":"pachingo","timestamp":"2026-01-17 17:43:27"}
{"level":"info","message":"USER: User retrieved (Username: nikokomninos)","service":"pachingo","timestamp":"2026-01-17 17:43:27"}
{"level":"info","message":"USER: User retrieved (Username: nikokomninos)","service":"pachingo","timestamp":"2026-01-17 17:43:29"}
{"level":"info","message":"USER: User retrieved (Username: nikokomninos)","service":"pachingo","timestamp":"2026-01-17 17:43:29"}
{"level":"info","message":"USER: User retrieved (Username: nikokomninos)","service":"pachingo","timestamp":"2026-01-17 17:43:30"}
{"level":"info","message":"LEVEL: Like added to level: (User: nikokomninos, ID: 22)","service":"pachingo","timestamp":"2026-01-17 17:43:30"}
{"level":"info","message":"USER: User retrieved (Username: nikokomninos)","service":"pachingo","timestamp":"2026-01-17 17:43:48"}
{"level":"info","message":"LEVEL: Like removed from level: (User: nikokomninos, ID: 22)","service":"pachingo","timestamp":"2026-01-17 17:43:48"}
{"level":"info","message":"SERVER: Server running on Port 9000","service":"pachingo","timestamp":"2026-01-17 17:48:22"}
{"level":"info","message":"SERVER: MongoDB session connected","service":"pachingo","timestamp":"2026-01-17 17:48:23"}
{"level":"info","message":"USER: User retrieved (Username: nikokomninos)","service":"pachingo","timestamp":"2026-01-17 17:48:34"}
{"level":"info","message":"USER: User retrieved (Username: nikokomninos)","service":"pachingo","timestamp":"2026-01-17 17:48:34"}
{"level":"info","message":"LEVEL: Like removed from level: (User: nikokomninos, ID: 22)","service":"pachingo","timestamp":"2026-01-17 17:48:36"}
{"level":"info","message":"SERVER: Server running on Port 9000","service":"pachingo","timestamp":"2026-01-17 17:49:00"}
{"level":"info","message":"SERVER: MongoDB session connected","service":"pachingo","timestamp":"2026-01-17 17:49:01"}
{"level":"info","message":"USER: User retrieved (Username: nikokomninos)","service":"pachingo","timestamp":"2026-01-17 17:49:09"}
{"level":"info","message":"USER: User retrieved (Username: nikokomninos)","service":"pachingo","timestamp":"2026-01-17 17:49:09"}
{"level":"info","message":"USER: User retrieved (Username: nikokomninos)","service":"pachingo","timestamp":"2026-01-17 17:49:10"}
{"level":"info","message":"USER: User retrieved (Username: nikokomninos)","service":"pachingo","timestamp":"2026-01-17 17:49:10"}
{"level":"info","message":"USER: User retrieved (Username: nikokomninos)","service":"pachingo","timestamp":"2026-01-17 17:49:11"}
{"level":"info","message":"USER: User retrieved (Username: nikokomninos)","service":"pachingo","timestamp":"2026-01-17 17:49:11"}
{"level":"info","message":"USER: User retrieved (Username: nikokomninos)","service":"pachingo","timestamp":"2026-01-17 17:49:12"}
{"level":"info","message":"USER: User retrieved (Username: nikokomninos)","service":"pachingo","timestamp":"2026-01-17 17:49:12"}
{"level":"info","message":"USER: User retrieved (Username: nikokomninos)","service":"pachingo","timestamp":"2026-01-17 17:49:13"}
{"level":"info","message":"USER: User retrieved (Username: nikokomninos)","service":"pachingo","timestamp":"2026-01-17 17:49:13"}
{"level":"info","message":"USER: User retrieved (Username: nikokomninos)","service":"pachingo","timestamp":"2026-01-17 17:49:14"}
{"level":"info","message":"USER: User retrieved (Username: nikokomninos)","service":"pachingo","timestamp":"2026-01-17 17:49:14"}
{"level":"info","message":"USER: User retrieved (Username: nikokomninos)","service":"pachingo","timestamp":"2026-01-17 17:49:16"}
{"level":"info","message":"USER: User retrieved (Username: nikokomninos)","service":"pachingo","timestamp":"2026-01-17 17:49:16"}
{"level":"info","message":"USER: User retrieved (Username: nikokomninos)","service":"pachingo","timestamp":"2026-01-17 17:49:17"}
{"level":"info","message":"USER: User retrieved (Username: nikokomninos)","service":"pachingo","timestamp":"2026-01-17 17:49:17"}
{"level":"info","message":"USER: User retrieved (Username: nikokomninos)","service":"pachingo","timestamp":"2026-01-17 17:49:20"}
{"level":"info","message":"USER: User retrieved (Username: nikokomninos)","service":"pachingo","timestamp":"2026-01-17 17:49:20"}
{"level":"info","message":"USER: User retrieved (Username: nikokomninos)","service":"pachingo","timestamp":"2026-01-17 17:49:43"}
{"level":"info","message":"USER: User retrieved (Username: nikokomninos)","service":"pachingo","timestamp":"2026-01-17 17:49:43"}
{"level":"info","message":"USER: User retrieved (Username: nikokomninos)","service":"pachingo","timestamp":"2026-01-17 17:49:44"}
{"level":"info","message":"USER: User retrieved (Username: nikokomninos)","service":"pachingo","timestamp":"2026-01-17 17:49:44"}
{"level":"info","message":"USER: User retrieved (Username: nikokomninos)","service":"pachingo","timestamp":"2026-01-17 17:49:45"}
{"level":"info","message":"USER: User retrieved (Username: nikokomninos)","service":"pachingo","timestamp":"2026-01-17 17:49:45"}
{"level":"info","message":"USER: User retrieved (Username: nikokomninos)","service":"pachingo","timestamp":"2026-01-17 17:49:46"}
{"level":"info","message":"USER: User retrieved (Username: nikokomninos)","service":"pachingo","timestamp":"2026-01-17 17:49:46"}
{"level":"info","message":"USER: User retrieved (Username: nikokomninos)","service":"pachingo","timestamp":"2026-01-17 17:49:47"}
{"level":"info","message":"USER: User retrieved (Username: nikokomninos)","service":"pachingo","timestamp":"2026-01-17 17:49:47"}
{"level":"info","message":"USER: User retrieved (Username: nikokomninos)","service":"pachingo","timestamp":"2026-01-17 17:49:48"}
{"level":"info","message":"USER: User retrieved (Username: nikokomninos)","service":"pachingo","timestamp":"2026-01-17 17:49:48"}
{"level":"info","message":"USER: User retrieved (Username: nikokomninos)","service":"pachingo","timestamp":"2026-01-17 17:49:49"}
{"level":"info","message":"USER: User retrieved (Username: nikokomninos)","service":"pachingo","timestamp":"2026-01-17 17:49:49"}
{"level":"info","message":"USER: User retrieved (Username: nikokomninos)","service":"pachingo","timestamp":"2026-01-17 17:49:50"}
{"level":"info","message":"USER: User retrieved (Username: nikokomninos)","service":"pachingo","timestamp":"2026-01-17 17:49:50"}
{"level":"info","message":"USER: User retrieved (Username: nikokomninos)","service":"pachingo","timestamp":"2026-01-17 17:49:57"}
{"level":"info","message":"USER: User retrieved (Username: nikokomninos)","service":"pachingo","timestamp":"2026-01-17 17:49:57"}
{"level":"info","message":"USER: User retrieved (Username: nikokomninos)","service":"pachingo","timestamp":"2026-01-17 17:49:58"}
{"level":"info","message":"USER: User retrieved (Username: nikokomninos)","service":"pachingo","timestamp":"2026-01-17 17:49:58"}
{"level":"info","message":"USER: User retrieved (Username: nikokomninos)","service":"pachingo","timestamp":"2026-01-17 17:49:59"}
{"level":"info","message":"USER: User retrieved (Username: nikokomninos)","service":"pachingo","timestamp":"2026-01-17 17:49:59"}
{"level":"info","message":"USER: User retrieved (Username: nikokomninos)","service":"pachingo","timestamp":"2026-01-17 17:50:00"}
{"level":"info","message":"USER: User retrieved (Username: nikokomninos)","service":"pachingo","timestamp":"2026-01-17 17:50:00"}
{"level":"info","message":"USER: User retrieved (Username: nikokomninos)","service":"pachingo","timestamp":"2026-01-17 17:50:02"}
{"level":"info","message":"USER: User retrieved (Username: nikokomninos)","service":"pachingo","timestamp":"2026-01-17 17:50:02"}
{"level":"info","message":"USER: User retrieved (Username: nikokomninos)","service":"pachingo","timestamp":"2026-01-17 17:50:03"}
{"level":"info","message":"USER: User retrieved (Username: nikokomninos)","service":"pachingo","timestamp":"2026-01-17 17:50:03"}
{"level":"info","message":"USER: User retrieved (Username: nikokomninos)","service":"pachingo","timestamp":"2026-01-17 17:50:06"}
{"level":"info","message":"USER: User retrieved (Username: nikokomninos)","service":"pachingo","timestamp":"2026-01-17 17:50:06"}
{"level":"info","message":"USER: User retrieved (Username: nikokomninos)","service":"pachingo","timestamp":"2026-01-17 17:50:09"}
{"level":"info","message":"USER: User retrieved (Username: nikokomninos)","service":"pachingo","timestamp":"2026-01-17 17:50:09"}
{"level":"info","message":"USER: User retrieved (Username: nikokomninos)","service":"pachingo","timestamp":"2026-01-17 17:50:53"}
{"level":"info","message":"USER: User retrieved (Username: nikokomninos)","service":"pachingo","timestamp":"2026-01-17 17:50:53"}
{"level":"info","message":"SEARCH: Most recent levels retrieved","service":"pachingo","timestamp":"2026-01-17 17:50:55"}
{"level":"info","message":"USER: User retrieved (Username: nikokomninos)","service":"pachingo","timestamp":"2026-01-17 17:50:58"}
{"level":"info","message":"USER: User retrieved (Username: nikokomninos)","service":"pachingo","timestamp":"2026-01-17 17:50:58"}
{"level":"info","message":"LEVEL: Like added to level: (User: nikokomninos, ID: 23)","service":"pachingo","timestamp":"2026-01-17 17:50:59"}
{"level":"info","message":"SEARCH: Most recent levels retrieved","service":"pachingo","timestamp":"2026-01-17 17:51:00"}
{"level":"info","message":"USER: User retrieved (Username: nikokomninos)","service":"pachingo","timestamp":"2026-01-17 17:51:01"}
{"level":"info","message":"USER: User retrieved (Username: nikokomninos)","service":"pachingo","timestamp":"2026-01-17 17:51:01"}
{"level":"info","message":"LEVEL: Like removed from level: (User: nikokomninos, ID: 23)","service":"pachingo","timestamp":"2026-01-17 17:51:02"}
{"level":"info","message":"SEARCH: Most recent levels retrieved","service":"pachingo","timestamp":"2026-01-17 17:51:03"}
{"level":"info","message":"USER: User retrieved (Username: nikokomninos)","service":"pachingo","timestamp":"2026-01-17 17:51:05"}
{"level":"info","message":"USER: User retrieved (Username: nikokomninos)","service":"pachingo","timestamp":"2026-01-17 17:51:05"}
{"level":"info","message":"USER: User retrieved (Username: nikokomninos)","service":"pachingo","timestamp":"2026-01-17 17:51:07"}
{"level":"info","message":"USER: User retrieved (Username: nikokomninos)","service":"pachingo","timestamp":"2026-01-17 17:51:07"}
{"level":"info","message":"SEARCH: Most recent levels retrieved","service":"pachingo","timestamp":"2026-01-17 17:51:08"}
{"level":"info","message":"USER: User retrieved (Username: nikokomninos)","service":"pachingo","timestamp":"2026-01-17 17:51:09"}
{"level":"info","message":"USER: User retrieved (Username: nikokomninos)","service":"pachingo","timestamp":"2026-01-17 17:51:09"}
{"level":"info","message":"SEARCH: Most recent levels retrieved","service":"pachingo","timestamp":"2026-01-17 17:51:10"}
{"level":"info","message":"USER: User retrieved (Username: nikokomninos)","service":"pachingo","timestamp":"2026-01-17 17:51:11"}
{"level":"info","message":"USER: User retrieved (Username: nikokomninos)","service":"pachingo","timestamp":"2026-01-17 17:51:11"}
{"level":"info","message":"USER: User retrieved (Username: nikokomninos)","service":"pachingo","timestamp":"2026-01-17 17:51:12"}
{"level":"info","message":"USER: User retrieved (Username: nikokomninos)","service":"pachingo","timestamp":"2026-01-17 17:51:12"}
{"level":"info","message":"USER: User retrieved (Username: nikokomninos)","service":"pachingo","timestamp":"2026-01-17 17:51:13"}
{"level":"info","message":"USER: User retrieved (Username: nikokomninos)","service":"pachingo","timestamp":"2026-01-17 17:51:13"}
{"level":"info","message":"USER: User retrieved (Username: nikokomninos)","service":"pachingo","timestamp":"2026-01-17 17:51:14"}
{"level":"info","message":"USER: User retrieved (Username: nikokomninos)","service":"pachingo","timestamp":"2026-01-17 17:51:15"}
{"level":"info","message":"USER: User retrieved (Username: nikokomninos)","service":"pachingo","timestamp":"2026-01-17 17:51:16"}
{"level":"info","message":"USER: User retrieved (Username: nikokomninos)","service":"pachingo","timestamp":"2026-01-17 17:51:16"}
{"level":"info","message":"USER: User retrieved (Username: nikokomninos)","service":"pachingo","timestamp":"2026-01-17 17:51:53"}
{"level":"info","message":"USER: User retrieved (Username: nikokomninos)","service":"pachingo","timestamp":"2026-01-17 17:51:53"}
{"level":"info","message":"USER: User retrieved (Username: nikokomninos)","service":"pachingo","timestamp":"2026-01-17 17:51:54"}
{"level":"info","message":"USER: User retrieved (Username: nikokomninos)","service":"pachingo","timestamp":"2026-01-17 17:51:54"}
{"level":"info","message":"USER: User retrieved (Username: nikokomninos)","service":"pachingo","timestamp":"2026-01-17 17:51:55"}
{"level":"info","message":"USER: User retrieved (Username: nikokomninos)","service":"pachingo","timestamp":"2026-01-17 17:51:55"}
{"level":"info","message":"USER: User retrieved (Username: nikokomninos)","service":"pachingo","timestamp":"2026-01-17 17:51:56"}
{"level":"info","message":"USER: User retrieved (Username: nikokomninos)","service":"pachingo","timestamp":"2026-01-17 17:51:56"}
{"level":"info","message":"USER: User retrieved (Username: nikokomninos)","service":"pachingo","timestamp":"2026-01-17 17:51:57"}
{"level":"info","message":"USER: User retrieved (Username: nikokomninos)","service":"pachingo","timestamp":"2026-01-17 17:51:57"}
{"level":"info","message":"USER: User retrieved (Username: nikokomninos)","service":"pachingo","timestamp":"2026-01-17 17:51:59"}
{"level":"info","message":"USER: User retrieved (Username: nikokomninos)","service":"pachingo","timestamp":"2026-01-17 17:51:59"}
{"level":"info","message":"USER: User retrieved (Username: nikokomninos)","service":"pachingo","timestamp":"2026-01-17 17:52:00"}
{"level":"info","message":"USER: User retrieved (Username: nikokomninos)","service":"pachingo","timestamp":"2026-01-17 17:52:00"}
{"level":"info","message":"USER: User retrieved (Username: nikokomninos)","service":"pachingo","timestamp":"2026-01-17 17:52:01"}
{"level":"info","message":"USER: User retrieved (Username: nikokomninos)","service":"pachingo","timestamp":"2026-01-17 17:52:01"}
{"level":"info","message":"USER: User retrieved (Username: nikokomninos)","service":"pachingo","timestamp":"2026-01-17 17:52:02"}
{"level":"info","message":"USER: User retrieved (Username: nikokomninos)","service":"pachingo","timestamp":"2026-01-17 17:52:02"}
{"level":"info","message":"USER: User retrieved (Username: nikokomninos)","service":"pachingo","timestamp":"2026-01-17 17:52:03"}
{"level":"info","message":"USER: User retrieved (Username: nikokomninos)","service":"pachingo","timestamp":"2026-01-17 17:52:03"}
{"level":"info","message":"USER: User retrieved (Username: nikokomninos)","service":"pachingo","timestamp":"2026-01-17 17:52:12"}
{"level":"info","message":"USER: User retrieved (Username: nikokomninos)","service":"pachingo","timestamp":"2026-01-17 17:52:12"}
{"level":"info","message":"USER: User retrieved (Username: nikokomninos)","service":"pachingo","timestamp":"2026-01-17 17:52:14"}
{"level":"info","message":"USER: User retrieved (Username: nikokomninos)","service":"pachingo","timestamp":"2026-01-17 17:52:14"}
{"level":"info","message":"USER: User retrieved (Username: nikokomninos)","service":"pachingo","timestamp":"2026-01-17 17:52:15"}
{"level":"info","message":"USER: User retrieved (Username: nikokomninos)","service":"pachingo","timestamp":"2026-01-17 17:52:15"}
{"level":"info","message":"USER: User retrieved (Username: nikokomninos)","service":"pachingo","timestamp":"2026-01-17 17:52:16"}
{"level":"info","message":"USER: User retrieved (Username: nikokomninos)","service":"pachingo","timestamp":"2026-01-17 17:52:16"}
{"level":"info","message":"USER: User retrieved (Username: nikokomninos)","service":"pachingo","timestamp":"2026-01-17 17:52:17"}
{"level":"info","message":"USER: User retrieved (Username: nikokomninos)","service":"pachingo","timestamp":"2026-01-17 17:52:17"}
{"level":"info","message":"USER: User retrieved (Username: nikokomninos)","service":"pachingo","timestamp":"2026-01-17 17:52:18"}
{"level":"info","message":"USER: User retrieved (Username: nikokomninos)","service":"pachingo","timestamp":"2026-01-17 17:52:18"}
{"level":"info","message":"USER: User retrieved (Username: nikokomninos)","service":"pachingo","timestamp":"2026-01-17 17:52:20"}
{"level":"info","message":"USER: User retrieved (Username: nikokomninos)","service":"pachingo","timestamp":"2026-01-17 17:52:20"}
{"level":"info","message":"USER: User retrieved (Username: nikokomninos)","service":"pachingo","timestamp":"2026-01-17 18:02:10"}
{"level":"info","message":"USER: User retrieved (Username: nikokomninos)","service":"pachingo","timestamp":"2026-01-17 18:02:10"}
{"level":"info","message":"USER: User retrieved (Username: nikokomninos)","service":"pachingo","timestamp":"2026-01-17 18:02:12"}
{"level":"info","message":"USER: User retrieved (Username: nikokomninos)","service":"pachingo","timestamp":"2026-01-17 18:02:12"}
{"level":"info","message":"USER: User retrieved (Username: nikokomninos)","service":"pachingo","timestamp":"2026-01-17 18:02:13"}
{"level":"info","message":"USER: User retrieved (Username: nikokomninos)","service":"pachingo","timestamp":"2026-01-17 18:02:13"}
{"level":"info","message":"USER: User retrieved (Username: nikokomninos)","service":"pachingo","timestamp":"2026-01-17 18:02:14"}
{"level":"info","message":"USER: User retrieved (Username: nikokomninos)","service":"pachingo","timestamp":"2026-01-17 18:02:14"}
{"level":"info","message":"USER: User retrieved (Username: nikokomninos)","service":"pachingo","timestamp":"2026-01-17 18:02:17"}
{"level":"info","message":"USER: User retrieved (Username: nikokomninos)","service":"pachingo","timestamp":"2026-01-17 18:02:17"}
{"level":"info","message":"USER: User retrieved (Username: nikokomninos)","service":"pachingo","timestamp":"2026-01-17 18:02:19"}
{"level":"info","message":"USER: User retrieved (Username: nikokomninos)","service":"pachingo","timestamp":"2026-01-17 18:02:19"}
{"level":"info","message":"USER: User retrieved (Username: nikokomninos)","service":"pachingo","timestamp":"2026-01-17 18:02:22"}
{"level":"info","message":"USER: User retrieved (Username: nikokomninos)","service":"pachingo","timestamp":"2026-01-17 18:02:22"}
{"level":"info","message":"USER: User retrieved (Username: nikokomninos)","service":"pachingo","timestamp":"2026-01-17 18:02:24"}
{"level":"info","message":"USER: User retrieved (Username: nikokomninos)","service":"pachingo","timestamp":"2026-01-17 18:02:24"}
{"level":"info","message":"USER: User retrieved (Username: nikokomninos)","service":"pachingo","timestamp":"2026-01-17 18:02:25"}
{"level":"info","message":"USER: User retrieved (Username: nikokomninos)","service":"pachingo","timestamp":"2026-01-17 18:02:25"}
{"level":"info","message":"USER: User retrieved (Username: nikokomninos)","service":"pachingo","timestamp":"2026-01-17 18:02:25"}
{"level":"info","message":"USER: User retrieved (Username: nikokomninos)","service":"pachingo","timestamp":"2026-01-17 18:02:25"}
{"level":"info","message":"USER: User retrieved (Username: nikokomninos)","service":"pachingo","timestamp":"2026-01-17 18:02:30"}
{"level":"info","message":"USER: User retrieved (Username: nikokomninos)","service":"pachingo","timestamp":"2026-01-17 18:02:30"}
{"level":"info","message":"USER: User retrieved (Username: nikokomninos)","service":"pachingo","timestamp":"2026-01-17 18:02:32"}
{"level":"info","message":"USER: User retrieved (Username: nikokomninos)","service":"pachingo","timestamp":"2026-01-17 18:02:32"}
{"level":"info","message":"USER: User retrieved (Username: nikokomninos)","service":"pachingo","timestamp":"2026-01-17 18:02:33"}
{"level":"info","message":"USER: User retrieved (Username: nikokomninos)","service":"pachingo","timestamp":"2026-01-17 18:02:33"}
{"level":"info","message":"USER: User retrieved (Username: nikokomninos)","service":"pachingo","timestamp":"2026-01-17 18:02:34"}
{"level":"info","message":"USER: User retrieved (Username: nikokomninos)","service":"pachingo","timestamp":"2026-01-17 18:02:34"}
{"level":"info","message":"USER: User retrieved (Username: nikokomninos)","service":"pachingo","timestamp":"2026-01-17 18:02:36"}
{"level":"info","message":"USER: User retrieved (Username: nikokomninos)","service":"pachingo","timestamp":"2026-01-17 18:02:36"}
{"level":"info","message":"USER: User retrieved (Username: nikokomninos)","service":"pachingo","timestamp":"2026-01-17 18:02:38"}
{"level":"info","message":"USER: User retrieved (Username: nikokomninos)","service":"pachingo","timestamp":"2026-01-17 18:02:38"}
{"level":"info","message":"USER: User retrieved (Username: nikokomninos)","service":"pachingo","timestamp":"2026-01-17 18:07:11"}
{"level":"info","message":"USER: User retrieved (Username: nikokomninos)","service":"pachingo","timestamp":"2026-01-17 18:07:11"}
{"level":"info","message":"USER: User retrieved (Username: nikokomninos)","service":"pachingo","timestamp":"2026-01-17 18:07:12"}
{"level":"info","message":"USER: User retrieved (Username: nikokomninos)","service":"pachingo","timestamp":"2026-01-17 18:07:12"}
{"level":"info","message":"USER: User retrieved (Username: nikokomninos)","service":"pachingo","timestamp":"2026-01-17 18:07:13"}
{"level":"info","message":"USER: User retrieved (Username: nikokomninos)","service":"pachingo","timestamp":"2026-01-17 18:07:13"}
{"level":"info","message":"USER: User retrieved (Username: nikokomninos)","service":"pachingo","timestamp":"2026-01-17 18:08:19"}
{"level":"info","message":"USER: User retrieved (Username: nikokomninos)","service":"pachingo","timestamp":"2026-01-17 18:08:19"}
{"level":"info","message":"USER: User retrieved (Username: nikokomninos)","service":"pachingo","timestamp":"2026-01-17 18:10:21"}
{"level":"info","message":"USER: User retrieved (Username: nikokomninos)","service":"pachingo","timestamp":"2026-01-17 18:10:21"}
{"level":"info","message":"USER: User retrieved (Username: nikokomninos)","service":"pachingo","timestamp":"2026-01-17 18:10:37"}
{"level":"info","message":"USER: User retrieved (Username: nikokomninos)","service":"pachingo","timestamp":"2026-01-17 18:10:37"}
{"level":"info","message":"USER: User retrieved (Username: nikokomninos)","service":"pachingo","timestamp":"2026-01-17 18:10:38"}
{"level":"info","message":"USER: User retrieved (Username: nikokomninos)","service":"pachingo","timestamp":"2026-01-17 18:10:38"}
{"level":"info","message":"USER: User retrieved (Username: nikokomninos)","service":"pachingo","timestamp":"2026-01-17 18:14:59"}
{"level":"info","message":"USER: User retrieved (Username: nikokomninos)","service":"pachingo","timestamp":"2026-01-17 18:14:59"}
{"level":"info","message":"LEVEL: Level deleted: undefined by undefined (ID: undefined)","service":"pachingo","timestamp":"2026-01-17 18:15:46"}
{"level":"info","message":"SEARCH: Most recent levels retrieved","service":"pachingo","timestamp":"2026-01-17 18:15:46"}
{"level":"info","message":"SERVER: R2 command success: Delete media for level (File: bg-image/undefined)","service":"pachingo","timestamp":"2026-01-17 18:15:46"}
{"level":"info","message":"SERVER: R2 command success: Delete media for level (File: bg-audio/undefined)","service":"pachingo","timestamp":"2026-01-17 18:15:46"}
{"level":"info","message":"SERVER: R2 command success: Delete media for level (File: thumbnail/undefined.png)","service":"pachingo","timestamp":"2026-01-17 18:15:46"}
{"level":"info","message":"SEARCH: Most recent levels retrieved","service":"pachingo","timestamp":"2026-01-17 18:15:48"}
{"level":"info","message":"SERVER: Server running on Port 9000","service":"pachingo","timestamp":"2026-01-17 18:16:33"}
{"level":"info","message":"SERVER: MongoDB session connected","service":"pachingo","timestamp":"2026-01-17 18:16:34"}
{"level":"info","message":"USER: User retrieved (Username: nikokomninos)","service":"pachingo","timestamp":"2026-01-17 18:16:35"}
{"level":"info","message":"USER: User retrieved (Username: nikokomninos)","service":"pachingo","timestamp":"2026-01-17 18:16:35"}
{"level":"info","message":"LEVEL: Level deleted: Logging Test by nikokomninos (ID: 30)","service":"pachingo","timestamp":"2026-01-17 18:16:36"}
{"level":"info","message":"SEARCH: Most recent levels retrieved","service":"pachingo","timestamp":"2026-01-17 18:16:36"}
{"level":"info","message":"SERVER: R2 command success: Delete media for level (File: thumbnail/undefined.png)","service":"pachingo","timestamp":"2026-01-17 18:16:37"}
{"level":"info","message":"SERVER: R2 command success: Delete media for level (File: bg-audio/undefined)","service":"pachingo","timestamp":"2026-01-17 18:16:37"}
{"level":"info","message":"SERVER: R2 command success: Delete media for level (File: bg-image/undefined)","service":"pachingo","timestamp":"2026-01-17 18:16:37"}
{"level":"info","message":"SEARCH: Most recent levels retrieved","service":"pachingo","timestamp":"2026-01-17 18:16:38"}
{"level":"info","message":"SEARCH: Most recent levels retrieved","service":"pachingo","timestamp":"2026-01-17 18:18:11"}
{"level":"info","message":"USER: User retrieved (Username: nikokomninos)","service":"pachingo","timestamp":"2026-01-17 18:18:12"}
{"level":"info","message":"USER: User retrieved (Username: nikokomninos)","service":"pachingo","timestamp":"2026-01-17 18:18:12"}
{"level":"info","message":"USER: User retrieved (Username: nikokomninos)","service":"pachingo","timestamp":"2026-01-17 18:18:13"}
{"level":"info","message":"USER: User retrieved (Username: nikokomninos)","service":"pachingo","timestamp":"2026-01-17 18:18:13"}
{"level":"info","message":"USER: User retrieved (Username: nikokomninos)","service":"pachingo","timestamp":"2026-01-17 18:18:15"}
{"level":"info","message":"USER: User retrieved (Username: nikokomninos)","service":"pachingo","timestamp":"2026-01-17 18:18:15"}
{"level":"info","message":"USER: User retrieved (Username: nikokomninos)","service":"pachingo","timestamp":"2026-01-17 18:18:44"}
{"level":"info","message":"USER: User retrieved (Username: nikokomninos)","service":"pachingo","timestamp":"2026-01-17 18:18:44"}
{"level":"info","message":"USER: User retrieved (Username: nikokomninos)","service":"pachingo","timestamp":"2026-01-17 18:18:47"}
{"level":"info","message":"USER: User retrieved (Username: nikokomninos)","service":"pachingo","timestamp":"2026-01-17 18:18:47"}
{"level":"info","message":"USER: User retrieved (Username: nikokomninos)","service":"pachingo","timestamp":"2026-01-17 18:18:48"}
{"level":"info","message":"USER: User retrieved (Username: nikokomninos)","service":"pachingo","timestamp":"2026-01-17 18:18:48"}
{"level":"info","message":"USER: User retrieved (Username: nikokomninos)","service":"pachingo","timestamp":"2026-01-17 18:18:51"}
{"level":"info","message":"USER: User retrieved (Username: nikokomninos)","service":"pachingo","timestamp":"2026-01-17 18:18:51"}
{"level":"info","message":"USER: User retrieved (Username: nikokomninos)","service":"pachingo","timestamp":"2026-01-17 18:18:52"}
{"level":"info","message":"USER: User retrieved (Username: nikokomninos)","service":"pachingo","timestamp":"2026-01-17 18:18:52"}
{"level":"info","message":"USER: User retrieved (Username: nikokomninos)","service":"pachingo","timestamp":"2026-01-17 18:18:56"}
{"level":"info","message":"USER: User retrieved (Username: nikokomninos)","service":"pachingo","timestamp":"2026-01-17 18:18:56"}
{"level":"info","message":"USER: User retrieved (Username: nikokomninos)","service":"pachingo","timestamp":"2026-01-17 18:18:56"}
{"level":"info","message":"USER: User retrieved (Username: nikokomninos)","service":"pachingo","timestamp":"2026-01-17 18:18:56"}
{"level":"info","message":"USER: User retrieved (Username: nikokomninos)","service":"pachingo","timestamp":"2026-01-17 18:18:57"}
{"level":"info","message":"USER: User retrieved (Username: nikokomninos)","service":"pachingo","timestamp":"2026-01-17 18:18:57"}
{"level":"info","message":"USER: User retrieved (Username: nikokomninos)","service":"pachingo","timestamp":"2026-01-17 18:18:58"}
{"level":"info","message":"USER: User retrieved (Username: nikokomninos)","service":"pachingo","timestamp":"2026-01-17 18:18:58"}
{"level":"info","message":"USER: User retrieved (Username: nikokomninos)","service":"pachingo","timestamp":"2026-01-17 18:19:38"}
{"level":"info","message":"USER: User retrieved (Username: nikokomninos)","service":"pachingo","timestamp":"2026-01-17 18:19:38"}
{"level":"info","message":"USER: User retrieved (Username: nikokomninos)","service":"pachingo","timestamp":"2026-01-17 18:19:40"}
{"level":"info","message":"USER: User retrieved (Username: nikokomninos)","service":"pachingo","timestamp":"2026-01-17 18:19:40"}
{"level":"info","message":"USER: User retrieved (Username: nikokomninos)","service":"pachingo","timestamp":"2026-01-17 18:19:49"}
{"level":"info","message":"USER: User retrieved (Username: nikokomninos)","service":"pachingo","timestamp":"2026-01-17 18:19:49"}
{"level":"info","message":"USER: User retrieved (Username: nikokomninos)","service":"pachingo","timestamp":"2026-01-17 18:19:50"}
{"level":"info","message":"USER: User retrieved (Username: nikokomninos)","service":"pachingo","timestamp":"2026-01-17 18:19:50"}
{"level":"info","message":"USER: User retrieved (Username: nikokomninos)","service":"pachingo","timestamp":"2026-01-17 18:19:51"}
{"level":"info","message":"USER: User retrieved (Username: nikokomninos)","service":"pachingo","timestamp":"2026-01-17 18:19:51"}
{"level":"info","message":"USER: User retrieved (Username: nikokomninos)","service":"pachingo","timestamp":"2026-01-17 18:20:49"}
{"level":"info","message":"USER: User retrieved (Username: nikokomninos)","service":"pachingo","timestamp":"2026-01-17 18:20:49"}
{"level":"info","message":"USER: User retrieved (Username: nikokomninos)","service":"pachingo","timestamp":"2026-01-17 18:20:51"}
{"level":"info","message":"USER: User retrieved (Username: nikokomninos)","service":"pachingo","timestamp":"2026-01-17 18:20:51"}
{"level":"info","message":"USER: User retrieved (Username: nikokomninos)","service":"pachingo","timestamp":"2026-01-17 18:20:52"}
{"level":"info","message":"USER: User retrieved (Username: nikokomninos)","service":"pachingo","timestamp":"2026-01-17 18:20:52"}
{"level":"info","message":"USER: User retrieved (Username: nikokomninos)","service":"pachingo","timestamp":"2026-01-17 18:20:53"}
{"level":"info","message":"USER: User retrieved (Username: nikokomninos)","service":"pachingo","timestamp":"2026-01-17 18:20:53"}
{"level":"info","message":"USER: User retrieved (Username: nikokomninos)","service":"pachingo","timestamp":"2026-01-17 18:23:21"}
{"level":"info","message":"USER: User retrieved (Username: nikokomninos)","service":"pachingo","timestamp":"2026-01-17 18:23:21"}
{"level":"info","message":"AUTH: User Logged Out (UserID: 696ae858dd5167744d953d67, IP: )","service":"pachingo","timestamp":"2026-01-17 18:23:25"}
{"level":"info","message":"SEARCH: Most recent levels retrieved","service":"pachingo","timestamp":"2026-01-17 18:23:27"}
{"level":"info","message":"SEARCH: Most recent levels retrieved","service":"pachingo","timestamp":"2026-01-17 18:24:03"}
{"level":"info","message":"SEARCH: Most recent levels retrieved","service":"pachingo","timestamp":"2026-01-17 18:24:08"}
{"level":"info","message":"AUTH: User Logged In (UserID: 696ae858dd5167744d953d67, IP: )","service":"pachingo","timestamp":"2026-01-17 18:24:35"}
{"level":"info","message":"SEARCH: Most recent levels retrieved","service":"pachingo","timestamp":"2026-01-17 18:24:37"}
{"level":"info","message":"USER: User retrieved (Username: nikokomninos)","service":"pachingo","timestamp":"2026-01-17 18:24:38"}
{"level":"info","message":"USER: User retrieved (Username: nikokomninos)","service":"pachingo","timestamp":"2026-01-17 18:24:38"}
{"level":"info","message":"USER: User retrieved (Username: nikokomninos)","service":"pachingo","timestamp":"2026-01-17 18:24:56"}
{"level":"info","message":"USER: User levels retrieved (Username: nikokomninos)","service":"pachingo","timestamp":"2026-01-17 18:24:56"}
{"level":"info","message":"SEARCH: Most recent levels retrieved","service":"pachingo","timestamp":"2026-01-17 18:25:56"}
{"level":"info","message":"SEARCH: Most recent levels retrieved","service":"pachingo","timestamp":"2026-01-17 18:26:26"}
{"level":"info","message":"USER: User retrieved (Username: nikokomninos)","service":"pachingo","timestamp":"2026-01-17 18:26:27"}
{"level":"info","message":"USER: User retrieved (Username: nikokomninos)","service":"pachingo","timestamp":"2026-01-17 18:26:27"}
{"level":"info","message":"USER: User retrieved (Username: nikokomninos)","service":"pachingo","timestamp":"2026-01-17 18:26:32"}
{"level":"info","message":"USER: User levels retrieved (Username: nikokomninos)","service":"pachingo","timestamp":"2026-01-17 18:26:32"}
{"level":"info","message":"USER: User retrieved (Username: nikokomninos)","service":"pachingo","timestamp":"2026-01-17 18:26:33"}
{"level":"info","message":"USER: User levels retrieved (Username: nikokomninos)","service":"pachingo","timestamp":"2026-01-17 18:26:33"}
{"level":"info","message":"USER: User retrieved (Username: nikokomninos)","service":"pachingo","timestamp":"2026-01-17 18:26:35"}
{"level":"info","message":"USER: User levels retrieved (Username: nikokomninos)","service":"pachingo","timestamp":"2026-01-17 18:26:35"}
{"level":"info","message":"USER: User retrieved (Username: nikokomninos)","service":"pachingo","timestamp":"2026-01-17 18:28:27"}
{"level":"info","message":"USER: User levels retrieved (Username: nikokomninos)","service":"pachingo","timestamp":"2026-01-17 18:28:27"}
{"level":"info","message":"USER: User retrieved (Username: nikokomninos)","service":"pachingo","timestamp":"2026-01-17 18:28:43"}
{"level":"info","message":"USER: User levels retrieved (Username: nikokomninos)","service":"pachingo","timestamp":"2026-01-17 18:28:43"}
{"level":"info","message":"USER: User retrieved (Username: nikokomninos)","service":"pachingo","timestamp":"2026-01-17 18:29:28"}
{"level":"info","message":"USER: User levels retrieved (Username: nikokomninos)","service":"pachingo","timestamp":"2026-01-17 18:29:28"}
{"level":"info","message":"USER: User retrieved (Username: nikokomninos)","service":"pachingo","timestamp":"2026-01-17 18:29:29"}
{"level":"info","message":"USER: User retrieved (Username: nikokomninos)","service":"pachingo","timestamp":"2026-01-17 18:29:29"}
{"level":"info","message":"USER: User retrieved (Username: nikokomninos)","service":"pachingo","timestamp":"2026-01-17 18:29:32"}
{"level":"info","message":"USER: User retrieved (Username: nikokomninos)","service":"pachingo","timestamp":"2026-01-17 18:29:32"}
{"level":"info","message":"USER: User retrieved (Username: nikokomninos)","service":"pachingo","timestamp":"2026-01-17 18:29:35"}
{"level":"info","message":"USER: User retrieved (Username: nikokomninos)","service":"pachingo","timestamp":"2026-01-17 18:29:35"}
{"level":"info","message":"USER: User retrieved (Username: nikokomninos)","service":"pachingo","timestamp":"2026-01-17 18:29:37"}
{"level":"info","message":"USER: User levels retrieved (Username: nikokomninos)","service":"pachingo","timestamp":"2026-01-17 18:29:37"}
{"level":"info","message":"USER: User retrieved (Username: nikokomninos)","service":"pachingo","timestamp":"2026-01-17 18:29:38"}
{"level":"info","message":"USER: User retrieved (Username: nikokomninos)","service":"pachingo","timestamp":"2026-01-17 18:29:38"}
{"level":"info","message":"USER: User retrieved (Username: nikokomninos)","service":"pachingo","timestamp":"2026-01-17 18:29:40"}
{"level":"info","message":"USER: User retrieved (Username: nikokomninos)","service":"pachingo","timestamp":"2026-01-17 18:29:40"}
{"level":"info","message":"USER: User retrieved (Username: nikokomninos)","service":"pachingo","timestamp":"2026-01-17 18:29:41"}
{"level":"info","message":"USER: User levels retrieved (Username: nikokomninos)","service":"pachingo","timestamp":"2026-01-17 18:29:41"}
{"level":"info","message":"USER: User retrieved (Username: nikokomninos)","service":"pachingo","timestamp":"2026-01-17 18:35:13"}
{"level":"info","message":"USER: User levels retrieved (Username: nikokomninos)","service":"pachingo","timestamp":"2026-01-17 18:35:13"}
{"level":"info","message":"USER: User retrieved (Username: nikokomninos)","service":"pachingo","timestamp":"2026-01-17 18:36:10"}
{"level":"info","message":"USER: User levels retrieved (Username: nikokomninos)","service":"pachingo","timestamp":"2026-01-17 18:36:10"}
{"level":"info","message":"USER: User retrieved (Username: nikokomninos)","service":"pachingo","timestamp":"2026-01-17 18:36:22"}
{"level":"info","message":"USER: User levels retrieved (Username: nikokomninos)","service":"pachingo","timestamp":"2026-01-17 18:36:22"}
{"level":"info","message":"USER: User retrieved (Username: nikokomninos)","service":"pachingo","timestamp":"2026-01-17 18:36:57"}
{"level":"info","message":"USER: User levels retrieved (Username: nikokomninos)","service":"pachingo","timestamp":"2026-01-17 18:36:57"}
{"level":"info","message":"USER: User retrieved (Username: nikokomninos)","service":"pachingo","timestamp":"2026-01-17 18:36:59"}
{"level":"info","message":"USER: User levels retrieved (Username: nikokomninos)","service":"pachingo","timestamp":"2026-01-17 18:36:59"}
{"level":"info","message":"USER: User retrieved (Username: nikokomninos)","service":"pachingo","timestamp":"2026-01-17 18:37:00"}
{"level":"info","message":"USER: User levels retrieved (Username: nikokomninos)","service":"pachingo","timestamp":"2026-01-17 18:37:00"}
{"level":"info","message":"SEARCH: Most recent levels retrieved","service":"pachingo","timestamp":"2026-01-17 18:37:02"}
{"level":"info","message":"USER: User retrieved (Username: nikokomninos)","service":"pachingo","timestamp":"2026-01-17 18:37:08"}
{"level":"info","message":"USER: User retrieved (Username: nikokomninos)","service":"pachingo","timestamp":"2026-01-17 18:37:08"}
{"level":"info","message":"USER: User retrieved (Username: testUser)","service":"pachingo","timestamp":"2026-01-17 18:37:09"}
{"level":"info","message":"SEARCH: Most recent levels retrieved","service":"pachingo","timestamp":"2026-01-17 18:37:11"}
{"level":"info","message":"USER: User retrieved (Username: nikokomninos)","service":"pachingo","timestamp":"2026-01-17 18:37:12"}
{"level":"info","message":"USER: User retrieved (Username: nikokomninos)","service":"pachingo","timestamp":"2026-01-17 18:37:12"}
{"level":"info","message":"USER: User retrieved (Username: nikokomninos)","service":"pachingo","timestamp":"2026-01-17 18:37:13"}
{"level":"info","message":"USER: User levels retrieved (Username: nikokomninos)","service":"pachingo","timestamp":"2026-01-17 18:37:13"}
{"level":"info","message":"USER: User retrieved (Username: nikokomninos)","service":"pachingo","timestamp":"2026-01-17 18:37:15"}
{"level":"info","message":"USER: User levels retrieved (Username: nikokomninos)","service":"pachingo","timestamp":"2026-01-17 18:37:15"}
{"level":"info","message":"USER: User retrieved (Username: nikokomninos)","service":"pachingo","timestamp":"2026-01-17 18:37:16"}
{"level":"info","message":"USER: User levels retrieved (Username: nikokomninos)","service":"pachingo","timestamp":"2026-01-17 18:37:16"}
{"level":"info","message":"USER: User retrieved (Username: nikokomninos)","service":"pachingo","timestamp":"2026-01-17 18:37:16"}
{"level":"info","message":"USER: User levels retrieved (Username: nikokomninos)","service":"pachingo","timestamp":"2026-01-17 18:37:16"}
{"level":"info","message":"USER: User retrieved (Username: nikokomninos)","service":"pachingo","timestamp":"2026-01-17 18:37:17"}
{"level":"info","message":"USER: User levels retrieved (Username: nikokomninos)","service":"pachingo","timestamp":"2026-01-17 18:37:17"}
{"level":"info","message":"USER: User retrieved (Username: nikokomninos)","service":"pachingo","timestamp":"2026-01-17 18:37:19"}
{"level":"info","message":"USER: User levels retrieved (Username: nikokomninos)","service":"pachingo","timestamp":"2026-01-17 18:37:19"}
{"level":"info","message":"USER: User retrieved (Username: nikokomninos)","service":"pachingo","timestamp":"2026-01-17 18:37:20"}
{"level":"info","message":"USER: User levels retrieved (Username: nikokomninos)","service":"pachingo","timestamp":"2026-01-17 18:37:20"}
{"level":"info","message":"SEARCH: Most recent levels retrieved","service":"pachingo","timestamp":"2026-01-17 18:37:49"}
{"level":"info","message":"USER: User retrieved (Username: nikokomninos)","service":"pachingo","timestamp":"2026-01-17 18:37:54"}
{"level":"info","message":"USER: User levels retrieved (Username: nikokomninos)","service":"pachingo","timestamp":"2026-01-17 18:37:54"}
{"level":"info","message":"USER: User retrieved (Username: nikokomninos)","service":"pachingo","timestamp":"2026-01-17 18:37:55"}
{"level":"info","message":"USER: User levels retrieved (Username: nikokomninos)","service":"pachingo","timestamp":"2026-01-17 18:37:55"}
{"level":"info","message":"USER: User retrieved (Username: nikokomninos)","service":"pachingo","timestamp":"2026-01-17 18:37:56"}
{"level":"info","message":"USER: User levels retrieved (Username: nikokomninos)","service":"pachingo","timestamp":"2026-01-17 18:37:56"}
{"level":"info","message":"USER: User retrieved (Username: nikokomninos)","service":"pachingo","timestamp":"2026-01-17 18:37:57"}
{"level":"info","message":"USER: User levels retrieved (Username: nikokomninos)","service":"pachingo","timestamp":"2026-01-17 18:37:57"}
{"level":"info","message":"USER: User retrieved (Username: nikokomninos)","service":"pachingo","timestamp":"2026-01-17 18:37:59"}
{"level":"info","message":"USER: User levels retrieved (Username: nikokomninos)","service":"pachingo","timestamp":"2026-01-17 18:37:59"}
{"level":"info","message":"USER: User retrieved (Username: nikokomninos)","service":"pachingo","timestamp":"2026-01-17 18:38:03"}
{"level":"info","message":"USER: User levels retrieved (Username: nikokomninos)","service":"pachingo","timestamp":"2026-01-17 18:38:03"}
{"level":"info","message":"USER: User retrieved (Username: nikokomninos)","service":"pachingo","timestamp":"2026-01-17 18:38:04"}
{"level":"info","message":"USER: User levels retrieved (Username: nikokomninos)","service":"pachingo","timestamp":"2026-01-17 18:38:04"}
{"level":"info","message":"USER: User retrieved (Username: nikokomninos)","service":"pachingo","timestamp":"2026-01-17 18:38:05"}
{"level":"info","message":"USER: User levels retrieved (Username: nikokomninos)","service":"pachingo","timestamp":"2026-01-17 18:38:05"}
{"level":"info","message":"USER: User retrieved (Username: nikokomninos)","service":"pachingo","timestamp":"2026-01-17 18:38:06"}
{"level":"info","message":"USER: User levels retrieved (Username: nikokomninos)","service":"pachingo","timestamp":"2026-01-17 18:38:06"}
{"level":"info","message":"USER: User retrieved (Username: nikokomninos)","service":"pachingo","timestamp":"2026-01-17 18:38:06"}
{"level":"info","message":"USER: User levels retrieved (Username: nikokomninos)","service":"pachingo","timestamp":"2026-01-17 18:38:07"}
{"level":"info","message":"SEARCH: Most recent levels retrieved","service":"pachingo","timestamp":"2026-01-17 18:38:16"}
{"level":"info","message":"SEARCH: Most recent users retrieved","service":"pachingo","timestamp":"2026-01-17 18:38:31"}
{"level":"info","message":"SERVER: Server running on Port 9000","service":"pachingo","timestamp":"2026-01-17 18:41:47"}
{"level":"info","message":"SERVER: MongoDB session connected","service":"pachingo","timestamp":"2026-01-17 18:41:48"}
{"level":"info","message":"USER: User retrieved (Username: nikokomninos)","service":"pachingo","timestamp":"2026-01-17 18:41:53"}
{"level":"info","message":"USER: User levels retrieved (Username: nikokomninos)","service":"pachingo","timestamp":"2026-01-17 18:41:53"}
{"level":"info","message":"USER: User retrieved (Username: nikokomninos)","service":"pachingo","timestamp":"2026-01-17 18:44:34"}
{"level":"info","message":"USER: User retrieved (Username: nikokomninos)","service":"pachingo","timestamp":"2026-01-17 18:44:35"}
{"level":"info","message":"SERVER: Server running on Port 9000","service":"pachingo","timestamp":"2026-01-17 18:53:17"}
{"level":"info","message":"SERVER: MongoDB session connected","service":"pachingo","timestamp":"2026-01-17 18:53:18"}
{"level":"info","message":"SEARCH: Most recent levels retrieved","service":"pachingo","timestamp":"2026-01-17 18:53:22"}
{"level":"info","message":"SEARCH: Most recent users retrieved","service":"pachingo","timestamp":"2026-01-17 18:53:25"}
{"level":"info","message":"SEARCH: Most recent users retrieved","service":"pachingo","timestamp":"2026-01-17 18:53:31"}
{"level":"info","message":"SERVER: Server running on Port 9000","service":"pachingo","timestamp":"2026-01-17 18:53:54"}
{"level":"info","message":"SERVER: MongoDB session connected","service":"pachingo","timestamp":"2026-01-17 18:53:54"}
{"level":"info","message":"SEARCH: Most recent users retrieved","service":"pachingo","timestamp":"2026-01-17 18:53:54"}
{"level":"info","message":"SERVER: Server running on Port 9000","service":"pachingo","timestamp":"2026-01-17 18:54:12"}
{"level":"info","message":"SERVER: MongoDB session connected","service":"pachingo","timestamp":"2026-01-17 18:54:12"}
{"level":"info","message":"SEARCH: Most recent users retrieved","service":"pachingo","timestamp":"2026-01-17 18:54:14"}
{"level":"info","message":"SEARCH: Search results retrieved (Type: User, Query: niko)","service":"pachingo","timestamp":"2026-01-17 18:54:22"}
{"level":"info","message":"SERVER: Server running on Port 9000","service":"pachingo","timestamp":"2026-01-17 18:55:49"}
{"level":"info","message":"SERVER: MongoDB session connected","service":"pachingo","timestamp":"2026-01-17 18:55:50"}
{"level":"info","message":"SEARCH: Search results retrieved (Type: User, Query: niko)","service":"pachingo","timestamp":"2026-01-17 18:55:50"}
{"level":"info","message":"SEARCH: Search results retrieved (Type: User, Query: niko)","service":"pachingo","timestamp":"2026-01-17 18:57:11"}
{"level":"info","message":"SEARCH: Search results retrieved (Type: User, Query: niko)","service":"pachingo","timestamp":"2026-01-17 18:59:52"}
{"level":"info","message":"SEARCH: Search results retrieved (Type: User, Query: niko)","service":"pachingo","timestamp":"2026-01-17 19:00:01"}
{"level":"info","message":"SEARCH: Search results retrieved (Type: User, Query: niko)","service":"pachingo","timestamp":"2026-01-17 19:00:03"}
{"level":"info","message":"SEARCH: Search results retrieved (Type: User, Query: niko)","service":"pachingo","timestamp":"2026-01-17 19:00:22"}
{"level":"info","message":"SEARCH: Search results retrieved (Type: User, Query: niko)","service":"pachingo","timestamp":"2026-01-17 19:00:37"}
{"level":"info","message":"SEARCH: Search results retrieved (Type: User, Query: niko)","service":"pachingo","timestamp":"2026-01-17 19:00:38"}
{"level":"info","message":"SEARCH: Search results retrieved (Type: User, Query: niko)","service":"pachingo","timestamp":"2026-01-17 19:00:56"}
{"level":"info","message":"SEARCH: Search results retrieved (Type: User, Query: niko)","service":"pachingo","timestamp":"2026-01-17 19:00:59"}
{"level":"info","message":"SEARCH: Search results retrieved (Type: User, Query: niko)","service":"pachingo","timestamp":"2026-01-17 19:01:03"}
{"level":"info","message":"USER: User retrieved (Username: nikokomninos)","service":"pachingo","timestamp":"2026-01-17 19:01:10"}
{"level":"info","message":"USER: User levels retrieved (Username: nikokomninos)","service":"pachingo","timestamp":"2026-01-17 19:01:10"}
{"level":"info","message":"USER: User retrieved (Username: nikokomninos)","service":"pachingo","timestamp":"2026-01-17 19:01:14"}
{"level":"info","message":"USER: User retrieved (Username: nikokomninos)","service":"pachingo","timestamp":"2026-01-17 19:01:15"}
{"level":"info","message":"SEARCH: Search results retrieved (Type: User, Query: niko)","service":"pachingo","timestamp":"2026-01-17 19:01:17"}
{"level":"info","message":"SEARCH: Most recent levels retrieved","service":"pachingo","timestamp":"2026-01-17 19:01:18"}
{"level":"info","message":"SEARCH: Most recent users retrieved","service":"pachingo","timestamp":"2026-01-17 19:01:21"}
{"level":"info","message":"SERVER: Server running on Port 9000","service":"pachingo","timestamp":"2026-01-17 19:02:30"}
{"level":"info","message":"SERVER: MongoDB session connected","service":"pachingo","timestamp":"2026-01-17 19:02:30"}
{"level":"info","message":"SEARCH: Most recent users retrieved","service":"pachingo","timestamp":"2026-01-17 19:02:31"}
{"level":"info","message":"SEARCH: Most recent users retrieved","service":"pachingo","timestamp":"2026-01-17 19:02:32"}
{"level":"info","message":"SERVER: Server running on Port 9000","service":"pachingo","timestamp":"2026-01-17 19:02:46"}
{"level":"info","message":"SERVER: MongoDB session connected","service":"pachingo","timestamp":"2026-01-17 19:02:46"}
{"level":"info","message":"SERVER: Server running on Port 9000","service":"pachingo","timestamp":"2026-01-17 19:02:49"}
{"level":"info","message":"SERVER: MongoDB session connected","service":"pachingo","timestamp":"2026-01-17 19:02:49"}
{"level":"info","message":"SEARCH: Most recent users retrieved","service":"pachingo","timestamp":"2026-01-17 19:02:50"}
{"level":"info","message":"SEARCH: Most recent users retrieved","service":"pachingo","timestamp":"2026-01-17 19:03:30"}
{"level":"info","message":"SEARCH: Most recent levels retrieved","service":"pachingo","timestamp":"2026-01-17 19:03:53"}
{"level":"info","message":"USER: User retrieved (Username: nikokomninos)","service":"pachingo","timestamp":"2026-01-17 19:03:54"}
{"level":"info","message":"USER: User retrieved (Username: nikokomninos)","service":"pachingo","timestamp":"2026-01-17 19:03:55"}
{"level":"info","message":"USER: User retrieved (Username: nikokomninos)","service":"pachingo","timestamp":"2026-01-17 19:03:55"}
{"level":"info","message":"USER: User retrieved (Username: nikokomninos)","service":"pachingo","timestamp":"2026-01-17 19:03:55"}
{"level":"info","message":"SEARCH: Most recent users retrieved","service":"pachingo","timestamp":"2026-01-17 19:03:56"}
{"level":"info","message":"SEARCH: Most recent levels retrieved","service":"pachingo","timestamp":"2026-01-17 19:03:59"}
{"level":"info","message":"SEARCH: Most recent users retrieved","service":"pachingo","timestamp":"2026-01-17 19:04:03"}
{"level":"info","message":"SEARCH: Most recent levels retrieved","service":"pachingo","timestamp":"2026-01-17 19:04:05"}
{"level":"info","message":"USER: User retrieved (Username: nikokomninos)","service":"pachingo","timestamp":"2026-01-17 19:04:08"}
{"level":"info","message":"USER: User levels retrieved (Username: nikokomninos)","service":"pachingo","timestamp":"2026-01-17 19:04:08"}
{"level":"info","message":"SEARCH: Most recent levels retrieved","service":"pachingo","timestamp":"2026-01-17 19:04:15"}
{"level":"info","message":"SEARCH: Most recent levels retrieved","service":"pachingo","timestamp":"2026-01-17 19:04:56"}
{"level":"info","message":"SEARCH: Most recent levels retrieved","service":"pachingo","timestamp":"2026-01-17 19:05:49"}
{"level":"info","message":"SEARCH: Most recent levels retrieved","service":"pachingo","timestamp":"2026-01-17 19:06:03"}
{"level":"info","message":"SEARCH: Most recent levels retrieved","service":"pachingo","timestamp":"2026-01-17 19:06:46"}
{"level":"info","message":"SEARCH: Most recent levels retrieved","service":"pachingo","timestamp":"2026-01-17 19:07:58"}
{"level":"info","message":"AUTH: User Logged Out (UserID: 696ae858dd5167744d953d67, IP: )","service":"pachingo","timestamp":"2026-01-17 19:08:06"}
{"level":"info","message":"AUTH: User Logged In (UserID: 696ae858dd5167744d953d67, IP: )","service":"pachingo","timestamp":"2026-01-17 19:08:26"}
{"level":"info","message":"SEARCH: Most recent levels retrieved","service":"pachingo","timestamp":"2026-01-17 19:22:35"}
{"level":"info","message":"SEARCH: Most recent levels retrieved","service":"pachingo","timestamp":"2026-01-17 19:22:39"}
{"level":"info","message":"SEARCH: Most recent levels retrieved","service":"pachingo","timestamp":"2026-01-17 19:23:08"}
{"level":"info","message":"SEARCH: Most recent levels retrieved","service":"pachingo","timestamp":"2026-01-17 19:25:40"}
{"level":"info","message":"SEARCH: Most recent levels retrieved","service":"pachingo","timestamp":"2026-01-17 19:27:39"}
{"level":"info","message":"SEARCH: Most recent levels retrieved","service":"pachingo","timestamp":"2026-01-17 19:29:06"}
{"level":"info","message":"SEARCH: Most recent levels retrieved","service":"pachingo","timestamp":"2026-01-17 19:29:51"}
{"level":"info","message":"SEARCH: Most recent levels retrieved","service":"pachingo","timestamp":"2026-01-17 19:40:51"}
{"level":"info","message":"SEARCH: Most recent levels retrieved","service":"pachingo","timestamp":"2026-01-17 19:41:11"}
{"level":"info","message":"SEARCH: Most recent levels retrieved","service":"pachingo","timestamp":"2026-01-17 19:42:18"}
{"level":"info","message":"SEARCH: Most recent levels retrieved","service":"pachingo","timestamp":"2026-01-17 19:43:05"}
{"level":"info","message":"SEARCH: Most recent levels retrieved","service":"pachingo","timestamp":"2026-01-17 19:44:26"}
{"level":"info","message":"SEARCH: Most recent levels retrieved","service":"pachingo","timestamp":"2026-01-17 19:47:15"}
{"level":"info","message":"AUTH: User Logged In (UserID: 696ae858dd5167744d953d67, IP: )","service":"pachingo","timestamp":"2026-01-17 19:47:45"}
{"level":"info","message":"SEARCH: Most recent levels retrieved","service":"pachingo","timestamp":"2026-01-17 20:23:49"}
{"level":"info","message":"SEARCH: Most recent levels retrieved","service":"pachingo","timestamp":"2026-01-17 20:24:00"}
{"level":"info","message":"SEARCH: Most recent levels retrieved","service":"pachingo","timestamp":"2026-01-17 20:24:22"}
{"level":"info","message":"SEARCH: Most recent levels retrieved","service":"pachingo","timestamp":"2026-01-17 20:24:45"}
{"level":"info","message":"SEARCH: Most recent levels retrieved","service":"pachingo","timestamp":"2026-01-17 20:25:49"}
{"level":"info","message":"SEARCH: Most recent levels retrieved","service":"pachingo","timestamp":"2026-01-17 20:26:23"}
{"level":"info","message":"SEARCH: Most recent levels retrieved","service":"pachingo","timestamp":"2026-01-17 20:26:47"}
{"level":"info","message":"SEARCH: Most recent levels retrieved","service":"pachingo","timestamp":"2026-01-17 20:46:41"}
{"level":"info","message":"USER: User retrieved (Username: nikokomninos)","service":"pachingo","timestamp":"2026-01-17 20:46:42"}
{"level":"info","message":"USER: User retrieved (Username: nikokomninos)","service":"pachingo","timestamp":"2026-01-17 20:46:42"}
{"level":"info","message":"SEARCH: Most recent users retrieved","service":"pachingo","timestamp":"2026-01-17 20:46:47"}
{"level":"info","message":"USER: User retrieved (Username: nikokomninos)","service":"pachingo","timestamp":"2026-01-17 20:46:48"}
{"level":"info","message":"USER: User levels retrieved (Username: nikokomninos)","service":"pachingo","timestamp":"2026-01-17 20:46:48"}
{"level":"info","message":"SEARCH: Most recent levels retrieved","service":"pachingo","timestamp":"2026-01-17 20:46:57"}
{"level":"info","message":"AUTH: User Logged Out (UserID: 696ae858dd5167744d953d67, IP: )","service":"pachingo","timestamp":"2026-01-17 20:55:45"}
{"level":"info","message":"AUTH: User Logged In (UserID: 696ae858dd5167744d953d67, IP: )","service":"pachingo","timestamp":"2026-01-17 20:56:09"}
{"level":"info","message":"AUTH: User Logged Out (UserID: 696ae858dd5167744d953d67, IP: )","service":"pachingo","timestamp":"2026-01-17 21:13:31"}
{"level":"info","message":"AUTH: User Logged In (UserID: 696ae858dd5167744d953d67, IP: )","service":"pachingo","timestamp":"2026-01-17 21:13:42"}
{"level":"info","message":"SEARCH: Most recent levels retrieved","service":"pachingo","timestamp":"2026-01-17 21:14:19"}
{"level":"info","message":"SERVER: R2 command success: Upload bg-image for level (ID: 31)","service":"pachingo","timestamp":"2026-01-17 21:25:21"}
{"level":"info","message":"LEVEL: Thumbnail generated: New Upload Test by nikokomninos (ID: 31)","service":"pachingo","timestamp":"2026-01-17 21:25:22"}
{"level":"info","message":"SERVER: R2 command success: Upload thumbnail for level (ID: 31)","service":"pachingo","timestamp":"2026-01-17 21:25:23"}
{"level":"info","message":"LEVEL: Level successfully uploaded: New Upload Test by nikokomninos (ID: 31)","service":"pachingo","timestamp":"2026-01-17 21:25:23"}
{"level":"info","message":"SEARCH: Most recent levels retrieved","service":"pachingo","timestamp":"2026-01-17 21:25:45"}
{"level":"info","message":"USER: User retrieved (Username: nikokomninos)","service":"pachingo","timestamp":"2026-01-17 21:25:47"}
{"level":"info","message":"USER: User retrieved (Username: nikokomninos)","service":"pachingo","timestamp":"2026-01-17 21:25:47"}
{"level":"info","message":"USER: User retrieved (Username: nikokomninos)","service":"pachingo","timestamp":"2026-01-17 21:25:49"}
{"level":"info","message":"USER: User retrieved (Username: nikokomninos)","service":"pachingo","timestamp":"2026-01-17 21:25:49"}
{"level":"info","message":"SEARCH: Most recent levels retrieved","service":"pachingo","timestamp":"2026-01-17 21:27:13"}
{"level":"error","message":"LEVEL: Level load error (ID: null): CastError: Cast to Number failed for value \"null\" (type string) at path \"levelID\" for model \"Level\"","service":"pachingo","timestamp":"2026-01-17 21:38:17"}
{"level":"error","message":"LEVEL: Level load error (ID: null): CastError: Cast to Number failed for value \"null\" (type string) at path \"levelID\" for model \"Level\"","service":"pachingo","timestamp":"2026-01-17 21:38:17"}
{"level":"error","message":"LEVEL: Level load error (ID: null): CastError: Cast to Number failed for value \"null\" (type string) at path \"levelID\" for model \"Level\"","service":"pachingo","timestamp":"2026-01-17 21:40:08"}
{"level":"error","message":"LEVEL: Level load error (ID: null): CastError: Cast to Number failed for value \"null\" (type string) at path \"levelID\" for model \"Level\"","service":"pachingo","timestamp":"2026-01-17 21:40:08"}
{"level":"error","message":"LEVEL: Level load error (ID: null): CastError: Cast to Number failed for value \"null\" (type string) at path \"levelID\" for model \"Level\"","service":"pachingo","timestamp":"2026-01-17 21:40:12"}
{"level":"error","message":"LEVEL: Level load error (ID: null): CastError: Cast to Number failed for value \"null\" (type string) at path \"levelID\" for model \"Level\"","service":"pachingo","timestamp":"2026-01-17 21:40:12"}
{"level":"info","message":"SEARCH: Most recent levels retrieved","service":"pachingo","timestamp":"2026-01-17 21:40:17"}
{"level":"info","message":"USER: User retrieved (Username: nikokomninos)","service":"pachingo","timestamp":"2026-01-17 21:40:18"}
{"level":"info","message":"USER: User retrieved (Username: nikokomninos)","service":"pachingo","timestamp":"2026-01-17 21:40:18"}
{"level":"info","message":"USER: User retrieved (Username: nikokomninos)","service":"pachingo","timestamp":"2026-01-17 21:40:48"}
{"level":"info","message":"USER: User retrieved (Username: nikokomninos)","service":"pachingo","timestamp":"2026-01-17 21:40:48"}
{"level":"info","message":"SEARCH: Most recent levels retrieved","service":"pachingo","timestamp":"2026-01-17 21:41:43"}
{"level":"error","message":"LEVEL: Level load error (ID: null): CastError: Cast to Number failed for value \"null\" (type string) at path \"levelID\" for model \"Level\"","service":"pachingo","timestamp":"2026-01-17 21:41:52"}
{"level":"error","message":"LEVEL: Level load error (ID: null): CastError: Cast to Number failed for value \"null\" (type string) at path \"levelID\" for model \"Level\"","service":"pachingo","timestamp":"2026-01-17 21:41:53"}
{"level":"error","message":"LEVEL: Level load error (ID: null): CastError: Cast to Number failed for value \"null\" (type string) at path \"levelID\" for model \"Level\"","service":"pachingo","timestamp":"2026-01-17 21:42:46"}
{"level":"error","message":"LEVEL: Level load error (ID: null): CastError: Cast to Number failed for value \"null\" (type string) at path \"levelID\" for model \"Level\"","service":"pachingo","timestamp":"2026-01-17 21:42:46"}
{"level":"error","message":"LEVEL: Level load error (ID: null): CastError: Cast to Number failed for value \"null\" (type string) at path \"levelID\" for model \"Level\"","service":"pachingo","timestamp":"2026-01-17 21:43:27"}
{"level":"error","message":"LEVEL: Level load error (ID: null): CastError: Cast to Number failed for value \"null\" (type string) at path \"levelID\" for model \"Level\"","service":"pachingo","timestamp":"2026-01-17 21:43:27"}
{"level":"error","message":"LEVEL: Level load error (ID: null): CastError: Cast to Number failed for value \"null\" (type string) at path \"levelID\" for model \"Level\"","service":"pachingo","timestamp":"2026-01-17 21:46:02"}
{"level":"error","message":"LEVEL: Level load error (ID: null): CastError: Cast to Number failed for value \"null\" (type string) at path \"levelID\" for model \"Level\"","service":"pachingo","timestamp":"2026-01-17 21:46:02"}
{"level":"info","message":"LEVEL: Level successfully loaded: (ID: 31)","service":"pachingo","timestamp":"2026-01-17 21:52:53"}
{"level":"info","message":"LEVEL: Level successfully loaded: (ID: 31)","service":"pachingo","timestamp":"2026-01-17 21:52:54"}
{"level":"info","message":"LEVEL: Level successfully loaded: (ID: 31)","service":"pachingo","timestamp":"2026-01-17 21:52:59"}
{"level":"info","message":"LEVEL: Level successfully loaded: (ID: 31)","service":"pachingo","timestamp":"2026-01-17 21:52:59"}
{"level":"info","message":"SEARCH: Most recent levels retrieved","service":"pachingo","timestamp":"2026-01-17 21:53:19"}
{"level":"info","message":"USER: User retrieved (Username: nikokomninos)","service":"pachingo","timestamp":"2026-01-17 21:56:05"}
{"level":"info","message":"USER: User retrieved (Username: nikokomninos)","service":"pachingo","timestamp":"2026-01-17 21:56:05"}
{"level":"info","message":"LEVEL: Level successfully loaded: (ID: 22)","service":"pachingo","timestamp":"2026-01-17 21:56:08"}
{"level":"info","message":"LEVEL: Level successfully loaded: (ID: 22)","service":"pachingo","timestamp":"2026-01-17 21:56:08"}
{"level":"info","message":"LEVEL: Level successfully loaded: (ID: 22)","service":"pachingo","timestamp":"2026-01-17 21:56:15"}
{"level":"info","message":"LEVEL: Level successfully loaded: (ID: 22)","service":"pachingo","timestamp":"2026-01-17 21:56:16"}
{"level":"info","message":"SEARCH: Most recent levels retrieved","service":"pachingo","timestamp":"2026-01-17 21:56:21"}
{"level":"info","message":"USER: User retrieved (Username: nikokomninos)","service":"pachingo","timestamp":"2026-01-17 21:56:50"}
{"level":"info","message":"USER: User retrieved (Username: nikokomninos)","service":"pachingo","timestamp":"2026-01-17 21:56:50"}
{"level":"info","message":"LEVEL: Level successfully loaded: (ID: 20)","service":"pachingo","timestamp":"2026-01-17 21:56:54"}
{"level":"info","message":"LEVEL: Level successfully loaded: (ID: 20)","service":"pachingo","timestamp":"2026-01-17 21:56:54"}
{"level":"info","message":"LEVEL: Level successfully loaded: (ID: 20)","service":"pachingo","timestamp":"2026-01-17 21:56:57"}
{"level":"info","message":"SEARCH: Most recent levels retrieved","service":"pachingo","timestamp":"2026-01-17 21:57:05"}
{"level":"info","message":"USER: User retrieved (Username: nikokomninos)","service":"pachingo","timestamp":"2026-01-17 22:01:24"}
{"level":"info","message":"USER: User retrieved (Username: nikokomninos)","service":"pachingo","timestamp":"2026-01-17 22:01:24"}
{"level":"info","message":"LEVEL: Level successfully loaded: (ID: 19)","service":"pachingo","timestamp":"2026-01-17 22:01:28"}
{"level":"info","message":"LEVEL: Level successfully loaded: (ID: 19)","service":"pachingo","timestamp":"2026-01-17 22:01:29"}
{"level":"info","message":"SEARCH: Most recent levels retrieved","service":"pachingo","timestamp":"2026-01-17 22:01:33"}
{"level":"info","message":"USER: User retrieved (Username: nikokomninos)","service":"pachingo","timestamp":"2026-01-17 22:02:01"}
{"level":"info","message":"USER: User retrieved (Username: nikokomninos)","service":"pachingo","timestamp":"2026-01-17 22:02:01"}
{"level":"info","message":"LEVEL: Level successfully loaded: (ID: 12)","service":"pachingo","timestamp":"2026-01-17 22:02:04"}
{"level":"info","message":"LEVEL: Level successfully loaded: (ID: 12)","service":"pachingo","timestamp":"2026-01-17 22:02:05"}
{"level":"info","message":"SEARCH: Most recent levels retrieved","service":"pachingo","timestamp":"2026-01-17 22:02:15"}
{"level":"info","message":"LEVEL: Level successfully loaded: (ID: 12)","service":"pachingo","timestamp":"2026-01-17 22:02:18"}
{"level":"info","message":"LEVEL: Level successfully loaded: (ID: 12)","service":"pachingo","timestamp":"2026-01-17 22:02:19"}
{"level":"info","message":"SEARCH: Most recent levels retrieved","service":"pachingo","timestamp":"2026-01-17 22:02:28"}
{"level":"info","message":"USER: User retrieved (Username: nikokomninos)","service":"pachingo","timestamp":"2026-01-17 22:03:28"}
{"level":"info","message":"USER: User retrieved (Username: nikokomninos)","service":"pachingo","timestamp":"2026-01-17 22:03:28"}
{"level":"info","message":"LEVEL: Level successfully loaded: (ID: 9)","service":"pachingo","timestamp":"2026-01-17 22:03:32"}
{"level":"info","message":"LEVEL: Level successfully loaded: (ID: 9)","service":"pachingo","timestamp":"2026-01-17 22:03:32"}
{"level":"info","message":"LEVEL: Level successfully loaded: (ID: 9)","service":"pachingo","timestamp":"2026-01-17 22:03:36"}
{"level":"info","message":"LEVEL: Level successfully loaded: (ID: 9)","service":"pachingo","timestamp":"2026-01-17 22:03:36"}
{"level":"info","message":"SEARCH: Most recent levels retrieved","service":"pachingo","timestamp":"2026-01-17 22:03:42"}
{"level":"info","message":"USER: User retrieved (Username: nikokomninos)","service":"pachingo","timestamp":"2026-01-17 22:04:26"}
{"level":"info","message":"USER: User retrieved (Username: nikokomninos)","service":"pachingo","timestamp":"2026-01-17 22:04:26"}
{"level":"info","message":"LEVEL: Level successfully loaded: (ID: 31)","service":"pachingo","timestamp":"2026-01-17 22:04:29"}
{"level":"info","message":"LEVEL: Level successfully loaded: (ID: 31)","service":"pachingo","timestamp":"2026-01-17 22:04:29"}
{"level":"info","message":"SERVER: R2 command success: Upload bg-image for level (ID: 32)","service":"pachingo","timestamp":"2026-01-17 22:05:11"}
{"level":"info","message":"LEVEL: Thumbnail generated: Reload Test by nikokomninos (ID: 32)","service":"pachingo","timestamp":"2026-01-17 22:05:11"}
{"level":"info","message":"SERVER: R2 command success: Upload thumbnail for level (ID: 32)","service":"pachingo","timestamp":"2026-01-17 22:05:12"}
{"level":"info","message":"LEVEL: Level successfully uploaded: Reload Test by nikokomninos (ID: 32)","service":"pachingo","timestamp":"2026-01-17 22:05:12"}
{"level":"info","message":"LEVEL: Level successfully loaded: (ID: 32)","service":"pachingo","timestamp":"2026-01-17 22:05:14"}
{"level":"info","message":"LEVEL: Level successfully loaded: (ID: 32)","service":"pachingo","timestamp":"2026-01-17 22:05:14"}
{"level":"info","message":"SEARCH: Most recent levels retrieved","service":"pachingo","timestamp":"2026-01-17 22:05:28"}
{"level":"info","message":"USER: User retrieved (Username: nikokomninos)","service":"pachingo","timestamp":"2026-01-17 22:05:29"}
{"level":"info","message":"USER: User retrieved (Username: nikokomninos)","service":"pachingo","timestamp":"2026-01-17 22:05:29"}
{"level":"info","message":"LEVEL: Level successfully loaded: (ID: 32)","service":"pachingo","timestamp":"2026-01-17 22:05:32"}
{"level":"info","message":"LEVEL: Level successfully loaded: (ID: 32)","service":"pachingo","timestamp":"2026-01-17 22:05:33"}
{"level":"info","message":"LEVEL: Level successfully loaded: (ID: 32)","service":"pachingo","timestamp":"2026-01-17 22:05:35"}
{"level":"info","message":"LEVEL: Level successfully loaded: (ID: 32)","service":"pachingo","timestamp":"2026-01-17 22:05:36"}
{"level":"info","message":"LEVEL: Level successfully loaded: (ID: 32)","service":"pachingo","timestamp":"2026-01-17 22:05:44"}
{"level":"info","message":"LEVEL: Level successfully loaded: (ID: 32)","service":"pachingo","timestamp":"2026-01-17 22:05:44"}
{"level":"info","message":"SEARCH: Most recent levels retrieved","service":"pachingo","timestamp":"2026-01-17 22:06:07"}
{"level":"info","message":"AUTH: User Logged Out (UserID: 696ae858dd5167744d953d67, IP: )","service":"pachingo","timestamp":"2026-01-17 22:07:11"}
{"level":"info","message":"SEARCH: Most recent levels retrieved","service":"pachingo","timestamp":"2026-01-17 22:08:01"}
{"level":"info","message":"LEVEL: Level successfully loaded: (ID: 32)","service":"pachingo","timestamp":"2026-01-17 22:08:05"}
{"level":"info","message":"LEVEL: Level successfully loaded: (ID: 32)","service":"pachingo","timestamp":"2026-01-17 22:08:05"}
{"level":"info","message":"LEVEL: Level successfully loaded: (ID: 32)","service":"pachingo","timestamp":"2026-01-17 22:08:22"}
{"level":"info","message":"LEVEL: Level successfully loaded: (ID: 32)","service":"pachingo","timestamp":"2026-01-17 22:08:26"}
{"level":"info","message":"LEVEL: Level successfully loaded: (ID: 32)","service":"pachingo","timestamp":"2026-01-17 22:08:28"}
{"level":"info","message":"SEARCH: Most recent levels retrieved","service":"pachingo","timestamp":"2026-01-17 22:08:35"}
{"level":"info","message":"LEVEL: Level successfully loaded: (ID: 31)","service":"pachingo","timestamp":"2026-01-17 22:08:42"}
{"level":"info","message":"LEVEL: Level successfully loaded: (ID: 31)","service":"pachingo","timestamp":"2026-01-17 22:08:42"}
{"level":"info","message":"SEARCH: Most recent levels retrieved","service":"pachingo","timestamp":"2026-01-17 22:09:07"}
{"level":"info","message":"SEARCH: Most recent levels retrieved","service":"pachingo","timestamp":"2026-01-17 22:10:57"}
{"level":"info","message":"USER: User retrieved (Username: nikokomninos)","service":"pachingo","timestamp":"2026-01-17 22:10:59"}
{"level":"info","message":"USER: User retrieved (Username: nikokomninos)","service":"pachingo","timestamp":"2026-01-17 22:10:59"}
{"level":"info","message":"LEVEL: Level successfully loaded: (ID: 32)","service":"pachingo","timestamp":"2026-01-17 22:11:02"}
{"level":"info","message":"LEVEL: Level successfully loaded: (ID: 32)","service":"pachingo","timestamp":"2026-01-17 22:11:02"}
{"level":"info","message":"LEVEL: Level successfully loaded: (ID: 32)","service":"pachingo","timestamp":"2026-01-17 22:11:18"}
{"level":"info","message":"SEARCH: Most recent levels retrieved","service":"pachingo","timestamp":"2026-01-17 22:11:20"}
{"level":"info","message":"USER: User retrieved (Username: nikokomninos)","service":"pachingo","timestamp":"2026-01-17 22:12:11"}
{"level":"info","message":"USER: User retrieved (Username: nikokomninos)","service":"pachingo","timestamp":"2026-01-17 22:12:11"}
{"level":"info","message":"LEVEL: Level successfully loaded: (ID: 32)","service":"pachingo","timestamp":"2026-01-17 22:12:14"}
{"level":"info","message":"LEVEL: Level successfully loaded: (ID: 32)","service":"pachingo","timestamp":"2026-01-17 22:12:14"}
{"level":"info","message":"SEARCH: Most recent levels retrieved","service":"pachingo","timestamp":"2026-01-17 22:12:18"}
{"level":"info","message":"USER: User retrieved (Username: nikokomninos)","service":"pachingo","timestamp":"2026-01-17 22:14:34"}
{"level":"info","message":"USER: User retrieved (Username: nikokomninos)","service":"pachingo","timestamp":"2026-01-17 22:14:34"}
{"level":"info","message":"LEVEL: Level successfully loaded: (ID: 32)","service":"pachingo","timestamp":"2026-01-17 22:14:38"}
{"level":"info","message":"LEVEL: Level successfully loaded: (ID: 32)","service":"pachingo","timestamp":"2026-01-17 22:14:38"}
{"level":"info","message":"SEARCH: Most recent levels retrieved","service":"pachingo","timestamp":"2026-01-17 22:14:40"}
{"level":"info","message":"USER: User retrieved (Username: nikokomninos)","service":"pachingo","timestamp":"2026-01-17 22:15:26"}
{"level":"info","message":"USER: User retrieved (Username: nikokomninos)","service":"pachingo","timestamp":"2026-01-17 22:15:26"}
{"level":"info","message":"LEVEL: Level successfully loaded: (ID: 32)","service":"pachingo","timestamp":"2026-01-17 22:15:30"}
{"level":"info","message":"LEVEL: Level successfully loaded: (ID: 32)","service":"pachingo","timestamp":"2026-01-17 22:15:30"}
{"level":"info","message":"SEARCH: Most recent levels retrieved","service":"pachingo","timestamp":"2026-01-17 22:15:33"}
{"level":"info","message":"USER: User retrieved (Username: nikokomninos)","service":"pachingo","timestamp":"2026-01-17 22:15:34"}
{"level":"info","message":"USER: User retrieved (Username: nikokomninos)","service":"pachingo","timestamp":"2026-01-17 22:15:34"}
{"level":"info","message":"LEVEL: Level successfully loaded: (ID: 31)","service":"pachingo","timestamp":"2026-01-17 22:15:37"}
{"level":"info","message":"LEVEL: Level successfully loaded: (ID: 31)","service":"pachingo","timestamp":"2026-01-17 22:15:37"}
{"level":"info","message":"LEVEL: Level successfully loaded: (ID: 31)","service":"pachingo","timestamp":"2026-01-17 22:15:39"}
{"level":"info","message":"LEVEL: Level successfully loaded: (ID: 31)","service":"pachingo","timestamp":"2026-01-17 22:16:14"}
{"level":"info","message":"LEVEL: Level successfully loaded: (ID: 31)","service":"pachingo","timestamp":"2026-01-17 22:16:14"}
{"level":"info","message":"SEARCH: Most recent levels retrieved","service":"pachingo","timestamp":"2026-01-17 22:17:30"}
{"level":"info","message":"USER: User retrieved (Username: nikokomninos)","service":"pachingo","timestamp":"2026-01-17 22:17:52"}
{"level":"info","message":"USER: User retrieved (Username: nikokomninos)","service":"pachingo","timestamp":"2026-01-17 22:17:52"}
{"level":"info","message":"LEVEL: Level successfully loaded: (ID: 32)","service":"pachingo","timestamp":"2026-01-17 22:17:55"}
{"level":"info","message":"LEVEL: Level successfully loaded: (ID: 32)","service":"pachingo","timestamp":"2026-01-17 22:17:55"}
{"level":"info","message":"LEVEL: Level successfully loaded: (ID: 32)","service":"pachingo","timestamp":"2026-01-17 22:17:57"}
{"level":"info","message":"LEVEL: Level successfully loaded: (ID: 32)","service":"pachingo","timestamp":"2026-01-17 22:17:57"}
{"level":"info","message":"SEARCH: Most recent levels retrieved","service":"pachingo","timestamp":"2026-01-17 22:17:59"}
{"level":"info","message":"USER: User retrieved (Username: nikokomninos)","service":"pachingo","timestamp":"2026-01-17 22:18:00"}
{"level":"info","message":"USER: User retrieved (Username: nikokomninos)","service":"pachingo","timestamp":"2026-01-17 22:18:00"}
{"level":"info","message":"LEVEL: Level successfully loaded: (ID: 31)","service":"pachingo","timestamp":"2026-01-17 22:18:03"}
{"level":"info","message":"LEVEL: Level successfully loaded: (ID: 31)","service":"pachingo","timestamp":"2026-01-17 22:18:03"}
{"level":"info","message":"SEARCH: Most recent levels retrieved","service":"pachingo","timestamp":"2026-01-17 22:18:05"}
{"level":"info","message":"USER: User retrieved (Username: nikokomninos)","service":"pachingo","timestamp":"2026-01-17 22:18:06"}
{"level":"info","message":"USER: User retrieved (Username: nikokomninos)","service":"pachingo","timestamp":"2026-01-17 22:18:06"}
{"level":"info","message":"LEVEL: Level successfully loaded: (ID: 22)","service":"pachingo","timestamp":"2026-01-17 22:18:08"}
{"level":"info","message":"LEVEL: Level successfully loaded: (ID: 22)","service":"pachingo","timestamp":"2026-01-17 22:18:08"}
{"level":"info","message":"SEARCH: Most recent levels retrieved","service":"pachingo","timestamp":"2026-01-17 22:18:10"}
{"level":"info","message":"USER: User retrieved (Username: nikokomninos)","service":"pachingo","timestamp":"2026-01-17 22:18:13"}
{"level":"info","message":"USER: User retrieved (Username: nikokomninos)","service":"pachingo","timestamp":"2026-01-17 22:18:13"}
{"level":"info","message":"USER: User retrieved (Username: nikokomninos)","service":"pachingo","timestamp":"2026-01-17 22:18:14"}
{"level":"info","message":"USER: User retrieved (Username: nikokomninos)","service":"pachingo","timestamp":"2026-01-17 22:18:14"}
{"level":"info","message":"LEVEL: Level successfully loaded: (ID: 20)","service":"pachingo","timestamp":"2026-01-17 22:18:16"}
{"level":"info","message":"LEVEL: Level successfully loaded: (ID: 20)","service":"pachingo","timestamp":"2026-01-17 22:18:16"}
{"level":"info","message":"SEARCH: Most recent levels retrieved","service":"pachingo","timestamp":"2026-01-17 22:18:19"}
{"level":"info","message":"USER: User retrieved (Username: nikokomninos)","service":"pachingo","timestamp":"2026-01-17 22:18:21"}
{"level":"info","message":"USER: User retrieved (Username: nikokomninos)","service":"pachingo","timestamp":"2026-01-17 22:18:21"}
{"level":"info","message":"LEVEL: Level successfully loaded: (ID: 12)","service":"pachingo","timestamp":"2026-01-17 22:18:22"}
{"level":"info","message":"LEVEL: Level successfully loaded: (ID: 12)","service":"pachingo","timestamp":"2026-01-17 22:18:23"}
{"level":"info","message":"SEARCH: Most recent levels retrieved","service":"pachingo","timestamp":"2026-01-17 22:18:48"}
{"level":"info","message":"SEARCH: Most recent levels retrieved","service":"pachingo","timestamp":"2026-01-17 22:20:15"}
{"level":"info","message":"USER: User retrieved (Username: nikokomninos)","service":"pachingo","timestamp":"2026-01-17 22:20:16"}
{"level":"info","message":"USER: User retrieved (Username: nikokomninos)","service":"pachingo","timestamp":"2026-01-17 22:20:16"}
{"level":"info","message":"USER: User retrieved (Username: nikokomninos)","service":"pachingo","timestamp":"2026-01-17 22:20:23"}
{"level":"info","message":"USER: User retrieved (Username: nikokomninos)","service":"pachingo","timestamp":"2026-01-17 22:20:23"}
{"level":"info","message":"USER: User retrieved (Username: nikokomninos)","service":"pachingo","timestamp":"2026-01-17 22:20:25"}
{"level":"info","message":"USER: User retrieved (Username: nikokomninos)","service":"pachingo","timestamp":"2026-01-17 22:20:25"}
{"level":"info","message":"USER: User retrieved (Username: nikokomninos)","service":"pachingo","timestamp":"2026-01-17 22:20:27"}
{"level":"info","message":"USER: User retrieved (Username: nikokomninos)","service":"pachingo","timestamp":"2026-01-17 22:20:27"}
{"level":"info","message":"USER: User retrieved (Username: nikokomninos)","service":"pachingo","timestamp":"2026-01-17 22:20:28"}
{"level":"info","message":"USER: User retrieved (Username: nikokomninos)","service":"pachingo","timestamp":"2026-01-17 22:20:28"}
{"level":"info","message":"USER: User retrieved (Username: nikokomninos)","service":"pachingo","timestamp":"2026-01-17 22:20:28"}
{"level":"info","message":"USER: User retrieved (Username: nikokomninos)","service":"pachingo","timestamp":"2026-01-17 22:20:28"}
{"level":"info","message":"USER: User retrieved (Username: nikokomninos)","service":"pachingo","timestamp":"2026-01-17 22:20:29"}
{"level":"info","message":"USER: User retrieved (Username: nikokomninos)","service":"pachingo","timestamp":"2026-01-17 22:20:29"}
{"level":"info","message":"USER: User retrieved (Username: nikokomninos)","service":"pachingo","timestamp":"2026-01-17 22:20:31"}
{"level":"info","message":"USER: User retrieved (Username: nikokomninos)","service":"pachingo","timestamp":"2026-01-17 22:20:31"}
{"level":"info","message":"USER: User retrieved (Username: nikokomninos)","service":"pachingo","timestamp":"2026-01-17 22:20:32"}
{"level":"info","message":"USER: User retrieved (Username: nikokomninos)","service":"pachingo","timestamp":"2026-01-17 22:20:32"}
{"level":"info","message":"SEARCH: Most recent levels retrieved","service":"pachingo","timestamp":"2026-01-17 22:20:48"}
{"level":"info","message":"USER: User retrieved (Username: nikokomninos)","service":"pachingo","timestamp":"2026-01-17 22:20:50"}
{"level":"info","message":"USER: User retrieved (Username: nikokomninos)","service":"pachingo","timestamp":"2026-01-17 22:20:50"}
{"level":"info","message":"USER: User retrieved (Username: nikokomninos)","service":"pachingo","timestamp":"2026-01-17 22:20:51"}
{"level":"info","message":"USER: User retrieved (Username: nikokomninos)","service":"pachingo","timestamp":"2026-01-17 22:20:51"}
{"level":"info","message":"USER: User retrieved (Username: nikokomninos)","service":"pachingo","timestamp":"2026-01-17 22:20:52"}
{"level":"info","message":"USER: User retrieved (Username: nikokomninos)","service":"pachingo","timestamp":"2026-01-17 22:20:52"}
{"level":"info","message":"SEARCH: Most recent users retrieved","service":"pachingo","timestamp":"2026-01-17 22:21:01"}
{"level":"info","message":"SEARCH: Most recent levels retrieved","service":"pachingo","timestamp":"2026-01-17 22:21:05"}
{"level":"info","message":"SEARCH: Most recent levels retrieved","service":"pachingo","timestamp":"2026-01-17 22:27:05"}
{"level":"info","message":"SEARCH: Most recent levels retrieved","service":"pachingo","timestamp":"2026-01-17 22:27:29"}
{"level":"info","message":"SEARCH: Most recent users retrieved","service":"pachingo","timestamp":"2026-01-17 22:27:31"}
{"level":"info","message":"SEARCH: Most recent levels retrieved","service":"pachingo","timestamp":"2026-01-17 22:27:33"}
{"level":"info","message":"USER: User retrieved (Username: nikokomninos)","service":"pachingo","timestamp":"2026-01-17 22:27:35"}
{"level":"info","message":"USER: User retrieved (Username: nikokomninos)","service":"pachingo","timestamp":"2026-01-17 22:27:35"}
{"level":"info","message":"USER: User retrieved (Username: nikokomninos)","service":"pachingo","timestamp":"2026-01-17 22:27:38"}
{"level":"info","message":"USER: User retrieved (Username: nikokomninos)","service":"pachingo","timestamp":"2026-01-17 22:27:38"}
{"level":"info","message":"USER: User retrieved (Username: nikokomninos)","service":"pachingo","timestamp":"2026-01-17 22:27:39"}
{"level":"info","message":"USER: User retrieved (Username: nikokomninos)","service":"pachingo","timestamp":"2026-01-17 22:27:39"}
{"level":"info","message":"USER: User retrieved (Username: nikokomninos)","service":"pachingo","timestamp":"2026-01-17 22:27:41"}
{"level":"info","message":"USER: User retrieved (Username: nikokomninos)","service":"pachingo","timestamp":"2026-01-17 22:27:41"}
{"level":"info","message":"SEARCH: Most recent levels retrieved","service":"pachingo","timestamp":"2026-01-17 22:59:30"}
{"level":"info","message":"SEARCH: Most recent levels retrieved","service":"pachingo","timestamp":"2026-01-17 23:00:12"}
{"level":"info","message":"SEARCH: Most recent levels retrieved","service":"pachingo","timestamp":"2026-01-17 23:01:32"}
{"level":"info","message":"SEARCH: Most recent users retrieved","service":"pachingo","timestamp":"2026-01-17 23:01:36"}
{"level":"info","message":"SEARCH: Most recent levels retrieved","service":"pachingo","timestamp":"2026-01-17 23:01:40"}
{"level":"info","message":"USER: User retrieved (Username: nikokomninos)","service":"pachingo","timestamp":"2026-01-17 23:01:43"}
{"level":"info","message":"USER: User levels retrieved (Username: nikokomninos)","service":"pachingo","timestamp":"2026-01-17 23:01:43"}
{"level":"info","message":"SEARCH: Most recent levels retrieved","service":"pachingo","timestamp":"2026-01-17 23:01:56"}
{"level":"info","message":"USER: User retrieved (Username: nikokomninos)","service":"pachingo","timestamp":"2026-01-17 23:40:21"}
{"level":"info","message":"USER: User levels retrieved (Username: nikokomninos)","service":"pachingo","timestamp":"2026-01-17 23:40:21"}
{"level":"info","message":"USER: User retrieved (Username: nikokomninos)","service":"pachingo","timestamp":"2026-01-17 23:42:38"}
{"level":"info","message":"USER: User levels retrieved (Username: nikokomninos)","service":"pachingo","timestamp":"2026-01-17 23:42:38"}
{"level":"info","message":"USER: User retrieved (Username: nikokomninos)","service":"pachingo","timestamp":"2026-01-17 23:42:41"}
{"level":"info","message":"USER: User levels retrieved (Username: nikokomninos)","service":"pachingo","timestamp":"2026-01-17 23:42:41"}
{"level":"info","message":"USER: User retrieved (Username: nikokomninos)","service":"pachingo","timestamp":"2026-01-17 23:42:42"}
{"level":"info","message":"USER: User levels retrieved (Username: nikokomninos)","service":"pachingo","timestamp":"2026-01-17 23:42:43"}
{"level":"info","message":"USER: User retrieved (Username: nikokomninos)","service":"pachingo","timestamp":"2026-01-17 23:42:43"}
{"level":"info","message":"USER: User levels retrieved (Username: nikokomninos)","service":"pachingo","timestamp":"2026-01-17 23:42:43"}
{"level":"info","message":"USER: User retrieved (Username: nikokomninos)","service":"pachingo","timestamp":"2026-01-17 23:42:45"}
{"level":"info","message":"USER: User levels retrieved (Username: nikokomninos)","service":"pachingo","timestamp":"2026-01-17 23:42:45"}
{"level":"info","message":"USER: User retrieved (Username: nikokomninos)","service":"pachingo","timestamp":"2026-01-17 23:42:46"}
{"level":"info","message":"USER: User levels retrieved (Username: nikokomninos)","service":"pachingo","timestamp":"2026-01-17 23:42:46"}
{"level":"info","message":"SEARCH: Most recent levels retrieved","service":"pachingo","timestamp":"2026-01-17 23:42:54"}
{"level":"info","message":"USER: User retrieved (Username: nikokomninos)","service":"pachingo","timestamp":"2026-01-17 23:42:55"}
{"level":"info","message":"USER: User retrieved (Username: nikokomninos)","service":"pachingo","timestamp":"2026-01-17 23:42:55"}
{"level":"info","message":"USER: User retrieved (Username: nikokomninos)","service":"pachingo","timestamp":"2026-01-17 23:42:56"}
{"level":"info","message":"USER: User levels retrieved (Username: nikokomninos)","service":"pachingo","timestamp":"2026-01-17 23:42:56"}
{"level":"info","message":"USER: User retrieved (Username: nikokomninos)","service":"pachingo","timestamp":"2026-01-17 23:43:28"}
{"level":"info","message":"USER: User levels retrieved (Username: nikokomninos)","service":"pachingo","timestamp":"2026-01-17 23:43:30"}
{"level":"info","message":"USER: User retrieved (Username: nikokomninos)","service":"pachingo","timestamp":"2026-01-17 23:43:31"}
{"level":"info","message":"USER: User levels retrieved (Username: nikokomninos)","service":"pachingo","timestamp":"2026-01-17 23:43:33"}
{"level":"info","message":"USER: User retrieved (Username: nikokomninos)","service":"pachingo","timestamp":"2026-01-17 23:43:34"}
{"level":"info","message":"USER: User levels retrieved (Username: nikokomninos)","service":"pachingo","timestamp":"2026-01-17 23:43:36"}
{"level":"info","message":"USER: User retrieved (Username: nikokomninos)","service":"pachingo","timestamp":"2026-01-17 23:43:39"}
{"level":"info","message":"USER: User levels retrieved (Username: nikokomninos)","service":"pachingo","timestamp":"2026-01-17 23:43:41"}
{"level":"info","message":"SEARCH: Most recent levels retrieved","service":"pachingo","timestamp":"2026-01-17 23:44:34"}
{"level":"info","message":"USER: User retrieved (Username: nikokomninos)","service":"pachingo","timestamp":"2026-01-17 23:44:50"}
{"level":"info","message":"USER: User retrieved (Username: nikokomninos)","service":"pachingo","timestamp":"2026-01-17 23:44:50"}
{"level":"info","message":"USER: User retrieved (Username: nikokomninos)","service":"pachingo","timestamp":"2026-01-17 23:44:52"}
{"level":"info","message":"USER: User levels retrieved (Username: nikokomninos)","service":"pachingo","timestamp":"2026-01-17 23:44:54"}
{"level":"info","message":"USER: User retrieved (Username: nikokomninos)","service":"pachingo","timestamp":"2026-01-17 23:47:04"}
{"level":"info","message":"USER: User levels retrieved (Username: nikokomninos)","service":"pachingo","timestamp":"2026-01-17 23:47:06"}
{"level":"info","message":"USER: User retrieved (Username: nikokomninos)","service":"pachingo","timestamp":"2026-01-17 23:47:09"}
{"level":"info","message":"USER: User levels retrieved (Username: nikokomninos)","service":"pachingo","timestamp":"2026-01-17 23:47:11"}
{"level":"info","message":"USER: User retrieved (Username: nikokomninos)","service":"pachingo","timestamp":"2026-01-17 23:47:13"}
{"level":"info","message":"USER: User levels retrieved (Username: nikokomninos)","service":"pachingo","timestamp":"2026-01-17 23:47:15"}
{"level":"info","message":"USER: User retrieved (Username: nikokomninos)","service":"pachingo","timestamp":"2026-01-17 23:47:17"}
{"level":"info","message":"USER: User levels retrieved (Username: nikokomninos)","service":"pachingo","timestamp":"2026-01-17 23:47:19"}
{"level":"info","message":"USER: User retrieved (Username: nikokomninos)","service":"pachingo","timestamp":"2026-01-17 23:47:20"}
{"level":"info","message":"USER: User levels retrieved (Username: nikokomninos)","service":"pachingo","timestamp":"2026-01-17 23:47:22"}
{"level":"info","message":"USER: User retrieved (Username: nikokomninos)","service":"pachingo","timestamp":"2026-01-17 23:47:25"}
{"level":"info","message":"USER: User levels retrieved (Username: nikokomninos)","service":"pachingo","timestamp":"2026-01-17 23:47:27"}
{"level":"info","message":"SEARCH: Most recent levels retrieved","service":"pachingo","timestamp":"2026-01-17 23:47:35"}
{"level":"info","message":"USER: User retrieved (Username: nikokomninos)","service":"pachingo","timestamp":"2026-01-17 23:47:42"}
{"level":"info","message":"USER: User retrieved (Username: nikokomninos)","service":"pachingo","timestamp":"2026-01-17 23:47:42"}
{"level":"info","message":"USER: User retrieved (Username: testUser)","service":"pachingo","timestamp":"2026-01-17 23:47:43"}
{"level":"info","message":"SEARCH: Most recent levels retrieved","service":"pachingo","timestamp":"2026-01-17 23:47:45"}
{"level":"info","message":"USER: User retrieved (Username: nikokomninos)","service":"pachingo","timestamp":"2026-01-17 23:47:47"}
{"level":"info","message":"USER: User retrieved (Username: nikokomninos)","service":"pachingo","timestamp":"2026-01-17 23:47:47"}
{"level":"info","message":"USER: User retrieved (Username: nikokomninos)","service":"pachingo","timestamp":"2026-01-17 23:47:48"}
{"level":"info","message":"USER: User levels retrieved (Username: nikokomninos)","service":"pachingo","timestamp":"2026-01-17 23:47:50"}
{"level":"info","message":"USER: User retrieved (Username: nikokomninos)","service":"pachingo","timestamp":"2026-01-17 23:47:51"}
{"level":"info","message":"USER: User retrieved (Username: nikokomninos)","service":"pachingo","timestamp":"2026-01-17 23:47:51"}
{"level":"info","message":"USER: User retrieved (Username: nikokomninos)","service":"pachingo","timestamp":"2026-01-17 23:47:52"}
{"level":"info","message":"USER: User retrieved (Username: nikokomninos)","service":"pachingo","timestamp":"2026-01-17 23:47:52"}
{"level":"info","message":"USER: User retrieved (Username: nikokomninos)","service":"pachingo","timestamp":"2026-01-17 23:47:54"}
{"level":"info","message":"USER: User retrieved (Username: nikokomninos)","service":"pachingo","timestamp":"2026-01-17 23:47:54"}
{"level":"info","message":"USER: User retrieved (Username: nikokomninos)","service":"pachingo","timestamp":"2026-01-17 23:48:05"}
{"level":"info","message":"USER: User retrieved (Username: nikokomninos)","service":"pachingo","timestamp":"2026-01-17 23:48:05"}
{"level":"info","message":"LEVEL: Level successfully loaded: (ID: 31)","service":"pachingo","timestamp":"2026-01-17 23:48:08"}
{"level":"info","message":"LEVEL: Level successfully loaded: (ID: 31)","service":"pachingo","timestamp":"2026-01-17 23:48:08"}
{"level":"info","message":"LEVEL: Level successfully loaded: (ID: 31)","service":"pachingo","timestamp":"2026-01-17 23:48:11"}
{"level":"info","message":"LEVEL: Level successfully loaded: (ID: 31)","service":"pachingo","timestamp":"2026-01-17 23:48:12"}
{"level":"info","message":"USER: User retrieved (Username: nikokomninos)","service":"pachingo","timestamp":"2026-01-17 23:48:58"}
{"level":"info","message":"USER: User levels retrieved (Username: nikokomninos)","service":"pachingo","timestamp":"2026-01-17 23:49:00"}
{"level":"info","message":"USER: User retrieved (Username: nikokomninos)","service":"pachingo","timestamp":"2026-01-17 23:49:01"}
{"level":"info","message":"USER: User retrieved (Username: nikokomninos)","service":"pachingo","timestamp":"2026-01-17 23:49:01"}
{"level":"info","message":"USER: User retrieved (Username: nikokomninos)","service":"pachingo","timestamp":"2026-01-17 23:49:37"}
{"level":"info","message":"USER: User levels retrieved (Username: nikokomninos)","service":"pachingo","timestamp":"2026-01-17 23:49:39"}
{"level":"info","message":"USER: User retrieved (Username: nikokomninos)","service":"pachingo","timestamp":"2026-01-17 23:49:42"}
{"level":"info","message":"USER: User levels retrieved (Username: nikokomninos)","service":"pachingo","timestamp":"2026-01-17 23:49:44"}
{"level":"info","message":"USER: User retrieved (Username: nikokomninos)","service":"pachingo","timestamp":"2026-01-17 23:49:45"}
{"level":"info","message":"USER: User levels retrieved (Username: nikokomninos)","service":"pachingo","timestamp":"2026-01-17 23:49:47"}
{"level":"info","message":"USER: User retrieved (Username: nikokomninos)","service":"pachingo","timestamp":"2026-01-17 23:49:47"}
{"level":"info","message":"USER: User levels retrieved (Username: nikokomninos)","service":"pachingo","timestamp":"2026-01-17 23:49:49"}
{"level":"info","message":"USER: User retrieved (Username: nikokomninos)","service":"pachingo","timestamp":"2026-01-17 23:50:28"}
{"level":"info","message":"USER: User levels retrieved (Username: nikokomninos)","service":"pachingo","timestamp":"2026-01-17 23:50:28"}
{"level":"info","message":"USER: User retrieved (Username: nikokomninos)","service":"pachingo","timestamp":"2026-01-17 23:50:30"}
{"level":"info","message":"USER: User levels retrieved (Username: nikokomninos)","service":"pachingo","timestamp":"2026-01-17 23:50:30"}
{"level":"info","message":"USER: User retrieved (Username: nikokomninos)","service":"pachingo","timestamp":"2026-01-17 23:50:31"}
{"level":"info","message":"USER: User levels retrieved (Username: nikokomninos)","service":"pachingo","timestamp":"2026-01-17 23:50:31"}
{"level":"info","message":"SEARCH: Most recent levels retrieved","service":"pachingo","timestamp":"2026-01-17 23:55:48"}
{"level":"info","message":"USER: User retrieved (Username: nikokomninos)","service":"pachingo","timestamp":"2026-01-17 23:56:08"}
{"level":"info","message":"USER: User retrieved (Username: nikokomninos)","service":"pachingo","timestamp":"2026-01-17 23:56:08"}
{"level":"info","message":"USER: User retrieved (Username: nikokomninos)","service":"pachingo","timestamp":"2026-01-17 23:56:12"}
{"level":"info","message":"USER: User retrieved (Username: nikokomninos)","service":"pachingo","timestamp":"2026-01-17 23:56:12"}
{"level":"info","message":"USER: User retrieved (Username: nikokomninos)","service":"pachingo","timestamp":"2026-01-17 23:56:23"}
{"level":"info","message":"USER: User levels retrieved (Username: nikokomninos)","service":"pachingo","timestamp":"2026-01-17 23:56:23"}
{"level":"info","message":"SEARCH: Most recent levels retrieved","service":"pachingo","timestamp":"2026-01-18 00:00:03"}
{"level":"info","message":"USER: User retrieved (Username: nikokomninos)","service":"pachingo","timestamp":"2026-01-18 00:00:55"}
{"level":"info","message":"USER: User levels retrieved (Username: nikokomninos)","service":"pachingo","timestamp":"2026-01-18 00:00:55"}
{"level":"info","message":"USER: User retrieved (Username: nikokomninos)","service":"pachingo","timestamp":"2026-01-18 00:01:00"}
{"level":"info","message":"USER: User retrieved (Username: nikokomninos)","service":"pachingo","timestamp":"2026-01-18 00:01:00"}
{"level":"info","message":"USER: User retrieved (Username: nikokomninos)","service":"pachingo","timestamp":"2026-01-18 00:01:02"}
{"level":"info","message":"USER: User retrieved (Username: nikokomninos)","service":"pachingo","timestamp":"2026-01-18 00:01:02"}
{"level":"info","message":"USER: User retrieved (Username: nikokomninos)","service":"pachingo","timestamp":"2026-01-18 00:01:04"}
{"level":"info","message":"USER: User retrieved (Username: nikokomninos)","service":"pachingo","timestamp":"2026-01-18 00:01:04"}
{"level":"info","message":"USER: User retrieved (Username: nikokomninos)","service":"pachingo","timestamp":"2026-01-18 00:01:07"}
{"level":"info","message":"USER: User retrieved (Username: nikokomninos)","service":"pachingo","timestamp":"2026-01-18 00:01:07"}
{"level":"info","message":"USER: User retrieved (Username: nikokomninos)","service":"pachingo","timestamp":"2026-01-18 00:01:23"}
{"level":"info","message":"USER: User retrieved (Username: nikokomninos)","service":"pachingo","timestamp":"2026-01-18 00:01:23"}
{"level":"info","message":"USER: User retrieved (Username: nikokomninos)","service":"pachingo","timestamp":"2026-01-18 00:01:24"}
{"level":"info","message":"USER: User retrieved (Username: nikokomninos)","service":"pachingo","timestamp":"2026-01-18 00:01:24"}
{"level":"info","message":"USER: User retrieved (Username: nikokomninos)","service":"pachingo","timestamp":"2026-01-18 00:01:26"}
{"level":"info","message":"USER: User retrieved (Username: nikokomninos)","service":"pachingo","timestamp":"2026-01-18 00:01:26"}
{"level":"info","message":"USER: User retrieved (Username: nikokomninos)","service":"pachingo","timestamp":"2026-01-18 00:01:27"}
{"level":"info","message":"USER: User retrieved (Username: nikokomninos)","service":"pachingo","timestamp":"2026-01-18 00:01:27"}
{"level":"info","message":"USER: User retrieved (Username: nikokomninos)","service":"pachingo","timestamp":"2026-01-18 00:01:28"}
{"level":"info","message":"USER: User retrieved (Username: nikokomninos)","service":"pachingo","timestamp":"2026-01-18 00:01:28"}
{"level":"info","message":"USER: User retrieved (Username: nikokomninos)","service":"pachingo","timestamp":"2026-01-18 00:01:33"}
{"level":"info","message":"USER: User retrieved (Username: nikokomninos)","service":"pachingo","timestamp":"2026-01-18 00:01:33"}
{"level":"info","message":"USER: User retrieved (Username: nikokomninos)","service":"pachingo","timestamp":"2026-01-18 00:01:34"}
{"level":"info","message":"USER: User retrieved (Username: nikokomninos)","service":"pachingo","timestamp":"2026-01-18 00:01:34"}
{"level":"info","message":"USER: User retrieved (Username: nikokomninos)","service":"pachingo","timestamp":"2026-01-18 00:01:35"}
{"level":"info","message":"USER: User retrieved (Username: nikokomninos)","service":"pachingo","timestamp":"2026-01-18 00:01:35"}
{"level":"info","message":"USER: User retrieved (Username: nikokomninos)","service":"pachingo","timestamp":"2026-01-18 00:01:37"}
{"level":"info","message":"USER: User retrieved (Username: nikokomninos)","service":"pachingo","timestamp":"2026-01-18 00:01:37"}
{"level":"info","message":"USER: User retrieved (Username: nikokomninos)","service":"pachingo","timestamp":"2026-01-18 00:01:39"}
{"level":"info","message":"USER: User retrieved (Username: nikokomninos)","service":"pachingo","timestamp":"2026-01-18 00:01:39"}
{"level":"info","message":"USER: User retrieved (Username: nikokomninos)","service":"pachingo","timestamp":"2026-01-18 00:01:41"}
{"level":"info","message":"USER: User retrieved (Username: nikokomninos)","service":"pachingo","timestamp":"2026-01-18 00:01:41"}
{"level":"info","message":"USER: User retrieved (Username: nikokomninos)","service":"pachingo","timestamp":"2026-01-18 00:01:45"}
{"level":"info","message":"USER: User retrieved (Username: nikokomninos)","service":"pachingo","timestamp":"2026-01-18 00:01:45"}
{"level":"info","message":"USER: User retrieved (Username: nikokomninos)","service":"pachingo","timestamp":"2026-01-18 00:01:47"}
{"level":"info","message":"USER: User retrieved (Username: nikokomninos)","service":"pachingo","timestamp":"2026-01-18 00:01:47"}
{"level":"info","message":"USER: User retrieved (Username: nikokomninos)","service":"pachingo","timestamp":"2026-01-18 00:01:49"}
{"level":"info","message":"USER: User retrieved (Username: nikokomninos)","service":"pachingo","timestamp":"2026-01-18 00:01:49"}
{"level":"info","message":"USER: User retrieved (Username: nikokomninos)","service":"pachingo","timestamp":"2026-01-18 00:01:50"}
{"level":"info","message":"USER: User retrieved (Username: nikokomninos)","service":"pachingo","timestamp":"2026-01-18 00:01:50"}
{"level":"info","message":"USER: User retrieved (Username: nikokomninos)","service":"pachingo","timestamp":"2026-01-18 00:01:51"}
{"level":"info","message":"USER: User retrieved (Username: nikokomninos)","service":"pachingo","timestamp":"2026-01-18 00:01:51"}
{"level":"info","message":"SEARCH: Most recent levels retrieved","service":"pachingo","timestamp":"2026-01-18 00:01:55"}
{"level":"info","message":"USER: User retrieved (Username: nikokomninos)","service":"pachingo","timestamp":"2026-01-18 00:01:57"}
{"level":"info","message":"USER: User levels retrieved (Username: nikokomninos)","service":"pachingo","timestamp":"2026-01-18 00:01:58"}
{"level":"info","message":"USER: User retrieved (Username: nikokomninos)","service":"pachingo","timestamp":"2026-01-18 00:01:59"}
{"level":"info","message":"USER: User retrieved (Username: nikokomninos)","service":"pachingo","timestamp":"2026-01-18 00:01:59"}
{"level":"info","message":"USER: User retrieved (Username: nikokomninos)","service":"pachingo","timestamp":"2026-01-18 00:02:01"}
{"level":"info","message":"USER: User retrieved (Username: nikokomninos)","service":"pachingo","timestamp":"2026-01-18 00:02:01"}
{"level":"info","message":"USER: User retrieved (Username: nikokomninos)","service":"pachingo","timestamp":"2026-01-18 00:02:02"}
{"level":"info","message":"USER: User retrieved (Username: nikokomninos)","service":"pachingo","timestamp":"2026-01-18 00:02:02"}
{"level":"info","message":"USER: User retrieved (Username: nikokomninos)","service":"pachingo","timestamp":"2026-01-18 00:02:03"}
{"level":"info","message":"USER: User retrieved (Username: nikokomninos)","service":"pachingo","timestamp":"2026-01-18 00:02:03"}
{"level":"info","message":"USER: User retrieved (Username: nikokomninos)","service":"pachingo","timestamp":"2026-01-18 00:02:10"}
{"level":"info","message":"USER: User retrieved (Username: nikokomninos)","service":"pachingo","timestamp":"2026-01-18 00:02:10"}
{"level":"info","message":"USER: User retrieved (Username: nikokomninos)","service":"pachingo","timestamp":"2026-01-18 00:02:17"}
{"level":"info","message":"USER: User retrieved (Username: nikokomninos)","service":"pachingo","timestamp":"2026-01-18 00:02:17"}
{"level":"info","message":"USER: User retrieved (Username: nikokomninos)","service":"pachingo","timestamp":"2026-01-18 00:02:26"}
{"level":"info","message":"USER: User retrieved (Username: nikokomninos)","service":"pachingo","timestamp":"2026-01-18 00:02:26"}
{"level":"info","message":"USER: User retrieved (Username: nikokomninos)","service":"pachingo","timestamp":"2026-01-18 00:02:29"}
{"level":"info","message":"USER: User retrieved (Username: nikokomninos)","service":"pachingo","timestamp":"2026-01-18 00:02:29"}
{"level":"info","message":"USER: User retrieved (Username: nikokomninos)","service":"pachingo","timestamp":"2026-01-18 00:02:30"}
{"level":"info","message":"USER: User retrieved (Username: nikokomninos)","service":"pachingo","timestamp":"2026-01-18 00:02:30"}
{"level":"info","message":"USER: User retrieved (Username: nikokomninos)","service":"pachingo","timestamp":"2026-01-18 00:02:33"}
{"level":"info","message":"USER: User retrieved (Username: nikokomninos)","service":"pachingo","timestamp":"2026-01-18 00:02:33"}
{"level":"info","message":"USER: User retrieved (Username: nikokomninos)","service":"pachingo","timestamp":"2026-01-18 00:02:40"}
{"level":"info","message":"USER: User retrieved (Username: nikokomninos)","service":"pachingo","timestamp":"2026-01-18 00:02:40"}
{"level":"info","message":"USER: User retrieved (Username: nikokomninos)","service":"pachingo","timestamp":"2026-01-18 00:02:43"}
{"level":"info","message":"USER: User retrieved (Username: nikokomninos)","service":"pachingo","timestamp":"2026-01-18 00:02:43"}
{"level":"info","message":"USER: User retrieved (Username: nikokomninos)","service":"pachingo","timestamp":"2026-01-18 00:03:03"}
{"level":"info","message":"USER: User retrieved (Username: nikokomninos)","service":"pachingo","timestamp":"2026-01-18 00:03:03"}
{"level":"info","message":"USER: User retrieved (Username: nikokomninos)","service":"pachingo","timestamp":"2026-01-18 00:03:05"}
{"level":"info","message":"USER: User retrieved (Username: nikokomninos)","service":"pachingo","timestamp":"2026-01-18 00:03:05"}
{"level":"info","message":"USER: User retrieved (Username: nikokomninos)","service":"pachingo","timestamp":"2026-01-18 00:03:06"}
{"level":"info","message":"USER: User retrieved (Username: nikokomninos)","service":"pachingo","timestamp":"2026-01-18 00:03:06"}
{"level":"info","message":"USER: User retrieved (Username: nikokomninos)","service":"pachingo","timestamp":"2026-01-18 00:03:22"}
{"level":"info","message":"USER: User retrieved (Username: nikokomninos)","service":"pachingo","timestamp":"2026-01-18 00:03:22"}
{"level":"info","message":"USER: User retrieved (Username: nikokomninos)","service":"pachingo","timestamp":"2026-01-18 00:03:23"}
{"level":"info","message":"USER: User retrieved (Username: nikokomninos)","service":"pachingo","timestamp":"2026-01-18 00:03:23"}
{"level":"info","message":"SERVER: Server running on Port 9000","service":"pachingo","timestamp":"2026-01-18 00:09:34"}
{"level":"info","message":"SERVER: MongoDB session connected","service":"pachingo","timestamp":"2026-01-18 00:09:34"}
{"level":"info","message":"USER: User retrieved (Username: nikokomninos)","service":"pachingo","timestamp":"2026-01-18 00:11:30"}
{"level":"info","message":"USER: User levels retrieved (Username: nikokomninos)","service":"pachingo","timestamp":"2026-01-18 00:11:30"}
{"level":"info","message":"USER: User retrieved (Username: nikokomninos)","service":"pachingo","timestamp":"2026-01-18 00:11:32"}
{"level":"info","message":"USER: User retrieved (Username: nikokomninos)","service":"pachingo","timestamp":"2026-01-18 00:11:32"}
{"level":"warn","message":"LEVEL: Play not added to level, does not exist: (ID: undefined)","service":"pachingo","timestamp":"2026-01-18 00:11:33"}
{"level":"info","message":"LEVEL: Level successfully loaded: (ID: 32)","service":"pachingo","timestamp":"2026-01-18 00:11:34"}
{"level":"info","message":"LEVEL: Level successfully loaded: (ID: 32)","service":"pachingo","timestamp":"2026-01-18 00:11:35"}
{"level":"info","message":"LEVEL: Level successfully loaded: (ID: 32)","service":"pachingo","timestamp":"2026-01-18 00:11:38"}
{"level":"info","message":"LEVEL: Level successfully loaded: (ID: 32)","service":"pachingo","timestamp":"2026-01-18 00:11:38"}
{"level":"info","message":"USER: User retrieved (Username: nikokomninos)","service":"pachingo","timestamp":"2026-01-18 00:11:42"}
{"level":"info","message":"USER: User levels retrieved (Username: nikokomninos)","service":"pachingo","timestamp":"2026-01-18 00:11:42"}
{"level":"info","message":"USER: User retrieved (Username: nikokomninos)","service":"pachingo","timestamp":"2026-01-18 00:11:43"}
{"level":"info","message":"USER: User levels retrieved (Username: nikokomninos)","service":"pachingo","timestamp":"2026-01-18 00:11:43"}
{"level":"info","message":"USER: User retrieved (Username: nikokomninos)","service":"pachingo","timestamp":"2026-01-18 00:12:46"}
{"level":"info","message":"USER: User retrieved (Username: nikokomninos)","service":"pachingo","timestamp":"2026-01-18 00:12:46"}
{"level":"info","message":"USER: User retrieved (Username: nikokomninos)","service":"pachingo","timestamp":"2026-01-18 00:12:47"}
{"level":"info","message":"USER: User levels retrieved (Username: nikokomninos)","service":"pachingo","timestamp":"2026-01-18 00:12:47"}
{"level":"warn","message":"LEVEL: Play not added to level, does not exist: (ID: undefined)","service":"pachingo","timestamp":"2026-01-18 00:12:50"}
{"level":"info","message":"LEVEL: Level successfully loaded: (ID: 32)","service":"pachingo","timestamp":"2026-01-18 00:12:52"}
{"level":"info","message":"LEVEL: Level successfully loaded: (ID: 32)","service":"pachingo","timestamp":"2026-01-18 00:12:52"}
{"level":"info","message":"SERVER: Server running on Port 9000","service":"pachingo","timestamp":"2026-01-18 00:14:15"}
{"level":"info","message":"SERVER: MongoDB session connected","service":"pachingo","timestamp":"2026-01-18 00:14:15"}
{"level":"info","message":"USER: User retrieved (Username: nikokomninos)","service":"pachingo","timestamp":"2026-01-18 00:14:17"}
{"level":"info","message":"USER: User levels retrieved (Username: nikokomninos)","service":"pachingo","timestamp":"2026-01-18 00:14:17"}
{"level":"info","message":"USER: User retrieved (Username: nikokomninos)","service":"pachingo","timestamp":"2026-01-18 00:14:20"}
{"level":"info","message":"USER: User retrieved (Username: nikokomninos)","service":"pachingo","timestamp":"2026-01-18 00:14:21"}
{"level":"warn","message":"LEVEL: Play not added to level, does not exist: (ID: 32)","service":"pachingo","timestamp":"2026-01-18 00:14:21"}
{"level":"info","message":"LEVEL: Level successfully loaded: (ID: 32)","service":"pachingo","timestamp":"2026-01-18 00:14:22"}
{"level":"info","message":"LEVEL: Level successfully loaded: (ID: 32)","service":"pachingo","timestamp":"2026-01-18 00:14:23"}
{"level":"info","message":"USER: User retrieved (Username: nikokomninos)","service":"pachingo","timestamp":"2026-01-18 00:14:49"}
{"level":"info","message":"USER: User levels retrieved (Username: nikokomninos)","service":"pachingo","timestamp":"2026-01-18 00:14:49"}
{"level":"info","message":"USER: User retrieved (Username: nikokomninos)","service":"pachingo","timestamp":"2026-01-18 00:14:51"}
{"level":"info","message":"USER: User retrieved (Username: nikokomninos)","service":"pachingo","timestamp":"2026-01-18 00:14:51"}
{"level":"info","message":"USER: User retrieved (Username: nikokomninos)","service":"pachingo","timestamp":"2026-01-18 00:14:54"}
{"level":"info","message":"USER: User retrieved (Username: nikokomninos)","service":"pachingo","timestamp":"2026-01-18 00:14:54"}
{"level":"warn","message":"LEVEL: Play not added to level, does not exist: (ID: 31)","service":"pachingo","timestamp":"2026-01-18 00:14:55"}
{"level":"info","message":"LEVEL: Level successfully loaded: (ID: 31)","service":"pachingo","timestamp":"2026-01-18 00:14:56"}
{"level":"info","message":"LEVEL: Level successfully loaded: (ID: 31)","service":"pachingo","timestamp":"2026-01-18 00:14:56"}
{"level":"info","message":"LEVEL: Level successfully loaded: (ID: 31)","service":"pachingo","timestamp":"2026-01-18 00:15:01"}
{"level":"info","message":"LEVEL: Level successfully loaded: (ID: 31)","service":"pachingo","timestamp":"2026-01-18 00:15:02"}
{"level":"info","message":"USER: User retrieved (Username: nikokomninos)","service":"pachingo","timestamp":"2026-01-18 00:15:36"}
{"level":"info","message":"USER: User levels retrieved (Username: nikokomninos)","service":"pachingo","timestamp":"2026-01-18 00:15:36"}
{"level":"info","message":"SERVER: Server running on Port 9000","service":"pachingo","timestamp":"2026-01-18 00:16:56"}
{"level":"info","message":"SERVER: MongoDB session connected","service":"pachingo","timestamp":"2026-01-18 00:16:56"}
{"level":"info","message":"USER: User retrieved (Username: nikokomninos)","service":"pachingo","timestamp":"2026-01-18 00:16:57"}
{"level":"info","message":"USER: User retrieved (Username: nikokomninos)","service":"pachingo","timestamp":"2026-01-18 00:16:57"}
{"level":"info","message":"LEVEL: Play added to level: (ID: 32)","service":"pachingo","timestamp":"2026-01-18 00:16:58"}
{"level":"info","message":"LEVEL: Level successfully loaded: (ID: 32)","service":"pachingo","timestamp":"2026-01-18 00:16:59"}
{"level":"info","message":"LEVEL: Level successfully loaded: (ID: 32)","service":"pachingo","timestamp":"2026-01-18 00:16:59"}
{"level":"info","message":"USER: User retrieved (Username: nikokomninos)","service":"pachingo","timestamp":"2026-01-18 00:17:01"}
{"level":"info","message":"USER: User levels retrieved (Username: nikokomninos)","service":"pachingo","timestamp":"2026-01-18 00:17:01"}
{"level":"info","message":"USER: User retrieved (Username: nikokomninos)","service":"pachingo","timestamp":"2026-01-18 00:17:02"}
{"level":"info","message":"USER: User retrieved (Username: nikokomninos)","service":"pachingo","timestamp":"2026-01-18 00:17:02"}
{"level":"info","message":"LEVEL: Play added to level: (ID: 32)","service":"pachingo","timestamp":"2026-01-18 00:17:04"}
{"level":"info","message":"LEVEL: Level successfully loaded: (ID: 32)","service":"pachingo","timestamp":"2026-01-18 00:17:05"}
{"level":"info","message":"LEVEL: Level successfully loaded: (ID: 32)","service":"pachingo","timestamp":"2026-01-18 00:17:05"}
{"level":"info","message":"USER: User retrieved (Username: nikokomninos)","service":"pachingo","timestamp":"2026-01-18 00:17:06"}
{"level":"info","message":"USER: User levels retrieved (Username: nikokomninos)","service":"pachingo","timestamp":"2026-01-18 00:17:06"}
{"level":"info","message":"SEARCH: Most recent levels retrieved","service":"pachingo","timestamp":"2026-01-18 00:24:54"}
{"level":"info","message":"SEARCH: Most recent levels retrieved","service":"pachingo","timestamp":"2026-01-18 00:30:17"}
{"level":"info","message":"SEARCH: Most recent users retrieved","service":"pachingo","timestamp":"2026-01-18 00:30:22"}
{"level":"info","message":"SEARCH: Most recent levels retrieved","service":"pachingo","timestamp":"2026-01-18 00:30:29"}
{"level":"info","message":"SEARCH: Most recent levels retrieved","service":"pachingo","timestamp":"2026-01-18 00:30:33"}
{"level":"info","message":"SEARCH: Most recent levels retrieved","service":"pachingo","timestamp":"2026-01-18 10:26:25"}
{"level":"info","message":"USER: User retrieved (Username: nikokomninos)","service":"pachingo","timestamp":"2026-01-18 10:26:27"}
{"level":"info","message":"USER: User retrieved (Username: nikokomninos)","service":"pachingo","timestamp":"2026-01-18 10:26:27"}
{"level":"info","message":"USER: User retrieved (Username: nikokomninos)","service":"pachingo","timestamp":"2026-01-18 10:26:29"}
{"level":"info","message":"USER: User retrieved (Username: nikokomninos)","service":"pachingo","timestamp":"2026-01-18 10:26:29"}
{"level":"info","message":"USER: User retrieved (Username: nikokomninos)","service":"pachingo","timestamp":"2026-01-18 10:26:30"}
{"level":"info","message":"USER: User retrieved (Username: nikokomninos)","service":"pachingo","timestamp":"2026-01-18 10:26:30"}
{"level":"info","message":"USER: User retrieved (Username: nikokomninos)","service":"pachingo","timestamp":"2026-01-18 10:26:32"}
{"level":"info","message":"USER: User retrieved (Username: nikokomninos)","service":"pachingo","timestamp":"2026-01-18 10:26:32"}
{"level":"info","message":"SEARCH: Most recent levels retrieved","service":"pachingo","timestamp":"2026-01-18 10:26:42"}
{"level":"info","message":"SEARCH: Most recent levels retrieved","service":"pachingo","timestamp":"2026-01-18 12:52:35"}
{"level":"info","message":"SEARCH: Most recent levels retrieved","service":"pachingo","timestamp":"2026-01-18 14:20:24"}
{"level":"info","message":"USER: User retrieved (Username: nikokomninos)","service":"pachingo","timestamp":"2026-01-18 14:20:28"}
{"level":"info","message":"USER: User levels retrieved (Username: nikokomninos)","service":"pachingo","timestamp":"2026-01-18 14:20:28"}
{"level":"info","message":"SEARCH: Most recent levels retrieved","service":"pachingo","timestamp":"2026-01-18 14:20:32"}
{"level":"warn","message":"USER: User not found, does not exist (Username: a)","service":"pachingo","timestamp":"2026-01-18 15:17:23"}
{"level":"info","message":"SEARCH: Most recent levels retrieved","service":"pachingo","timestamp":"2026-01-18 17:02:09"}
{"level":"info","message":"SEARCH: Most recent levels retrieved","service":"pachingo","timestamp":"2026-01-18 17:16:02"}
{"level":"info","message":"USER: User retrieved (Username: nikokomninos)","service":"pachingo","timestamp":"2026-01-18 17:16:05"}
{"level":"info","message":"USER: User levels retrieved (Username: nikokomninos)","service":"pachingo","timestamp":"2026-01-18 17:16:06"}
{"level":"info","message":"SEARCH: Most recent levels retrieved","service":"pachingo","timestamp":"2026-01-18 17:28:45"}
{"level":"info","message":"SEARCH: Most recent levels retrieved","service":"pachingo","timestamp":"2026-01-18 17:28:47"}
{"level":"info","message":"USER: User retrieved (Username: nikokomninos)","service":"pachingo","timestamp":"2026-01-18 17:32:34"}
{"level":"info","message":"USER: User retrieved (Username: nikokomninos)","service":"pachingo","timestamp":"2026-01-18 17:32:35"}
{"level":"info","message":"USER: User retrieved (Username: nikokomninos)","service":"pachingo","timestamp":"2026-01-18 17:32:35"}
{"level":"info","message":"USER: User retrieved (Username: nikokomninos)","service":"pachingo","timestamp":"2026-01-18 17:32:36"}
{"level":"info","message":"USER: User retrieved (Username: nikokomninos)","service":"pachingo","timestamp":"2026-01-18 17:32:37"}
{"level":"info","message":"USER: User retrieved (Username: nikokomninos)","service":"pachingo","timestamp":"2026-01-18 17:32:37"}
{"level":"info","message":"USER: User retrieved (Username: nikokomninos)","service":"pachingo","timestamp":"2026-01-18 17:32:38"}
{"level":"info","message":"USER: User retrieved (Username: nikokomninos)","service":"pachingo","timestamp":"2026-01-18 17:32:38"}
{"level":"info","message":"USER: User retrieved (Username: nikokomninos)","service":"pachingo","timestamp":"2026-01-18 17:32:39"}
{"level":"info","message":"USER: User retrieved (Username: nikokomninos)","service":"pachingo","timestamp":"2026-01-18 17:32:39"}
{"level":"info","message":"USER: User retrieved (Username: nikokomninos)","service":"pachingo","timestamp":"2026-01-18 17:32:40"}
{"level":"info","message":"USER: User retrieved (Username: nikokomninos)","service":"pachingo","timestamp":"2026-01-18 17:32:40"}
{"level":"info","message":"SEARCH: Most recent levels retrieved","service":"pachingo","timestamp":"2026-01-18 17:32:52"}
{"level":"info","message":"SEARCH: Most recent levels retrieved","service":"pachingo","timestamp":"2026-01-18 17:32:54"}
{"level":"info","message":"SEARCH: Most recent levels retrieved","service":"pachingo","timestamp":"2026-01-18 17:38:13"}
{"level":"info","message":"USER: User retrieved (Username: nikokomninos)","service":"pachingo","timestamp":"2026-01-18 17:38:17"}
{"level":"info","message":"USER: User levels retrieved (Username: nikokomninos)","service":"pachingo","timestamp":"2026-01-18 17:38:17"}
{"level":"info","message":"USER: User retrieved (Username: nikokomninos)","service":"pachingo","timestamp":"2026-01-18 17:38:20"}
{"level":"info","message":"USER: User retrieved (Username: nikokomninos)","service":"pachingo","timestamp":"2026-01-18 17:38:20"}
{"level":"info","message":"USER: User retrieved (Username: nikokomninos)","service":"pachingo","timestamp":"2026-01-18 17:38:21"}
{"level":"info","message":"USER: User retrieved (Username: nikokomninos)","service":"pachingo","timestamp":"2026-01-18 17:38:21"}
{"level":"info","message":"USER: User retrieved (Username: nikokomninos)","service":"pachingo","timestamp":"2026-01-18 17:38:22"}
{"level":"info","message":"USER: User retrieved (Username: nikokomninos)","service":"pachingo","timestamp":"2026-01-18 17:38:22"}
{"level":"info","message":"SEARCH: Most recent levels retrieved","service":"pachingo","timestamp":"2026-01-18 17:38:28"}
{"level":"info","message":"SEARCH: Most recent levels retrieved","service":"pachingo","timestamp":"2026-01-18 17:38:49"}
{"level":"info","message":"SEARCH: Most recent levels retrieved","service":"pachingo","timestamp":"2026-01-18 18:14:21"}
{"level":"info","message":"SEARCH: Most recent levels retrieved","service":"pachingo","timestamp":"2026-01-18 18:14:21"}
{"level":"info","message":"USER: User retrieved (Username: nikokomninos)","service":"pachingo","timestamp":"2026-01-18 18:14:31"}
{"level":"info","message":"USER: User retrieved (Username: nikokomninos)","service":"pachingo","timestamp":"2026-01-18 18:14:31"}
{"level":"info","message":"USER: User retrieved (Username: nikokomninos)","service":"pachingo","timestamp":"2026-01-18 18:14:32"}
{"level":"info","message":"USER: User retrieved (Username: nikokomninos)","service":"pachingo","timestamp":"2026-01-18 18:14:32"}
{"level":"info","message":"USER: User retrieved (Username: nikokomninos)","service":"pachingo","timestamp":"2026-01-18 18:14:36"}
{"level":"info","message":"USER: User levels retrieved (Username: nikokomninos)","service":"pachingo","timestamp":"2026-01-18 18:14:36"}
{"level":"info","message":"SEARCH: Most recent levels retrieved","service":"pachingo","timestamp":"2026-01-18 18:14:38"}
{"level":"info","message":"USER: User retrieved (Username: nikokomninos)","service":"pachingo","timestamp":"2026-01-18 18:15:20"}
{"level":"info","message":"USER: User levels retrieved (Username: nikokomninos)","service":"pachingo","timestamp":"2026-01-18 18:15:20"}
{"level":"info","message":"SEARCH: Most recent levels retrieved","service":"pachingo","timestamp":"2026-01-18 18:23:45"}
{"level":"info","message":"SERVER: Server running on Port 9000","service":"pachingo","timestamp":"2026-01-18 19:47:33"}
{"level":"info","message":"SERVER: MongoDB session connected","service":"pachingo","timestamp":"2026-01-18 19:47:33"}
{"level":"info","message":"SERVER: Server running on Port 9000","service":"pachingo","timestamp":"2026-01-18 21:36:49"}
{"level":"info","message":"SERVER: MongoDB session connected","service":"pachingo","timestamp":"2026-01-18 21:36:49"}
{"level":"info","message":"SERVER: Server running on Port 9000","service":"pachingo","timestamp":"2026-01-19 11:48:24"}
{"level":"info","message":"SERVER: MongoDB session connected","service":"pachingo","timestamp":"2026-01-19 11:48:25"}
{"level":"info","message":"USER: User retrieved (Username: nikokomninos)","service":"pachingo","timestamp":"2026-01-19 11:48:34"}
{"level":"info","message":"USER: User levels retrieved (Username: nikokomninos)","service":"pachingo","timestamp":"2026-01-19 11:48:34"}
{"level":"info","message":"AUTH: User Logged Out (UserID: 696ae858dd5167744d953d67, IP: )","service":"pachingo","timestamp":"2026-01-19 12:00:54"}
